platform,video_title,video_url,author,content,comment_id,likes,time_parsed,video_transcript,scraped_at
YouTube,Don't Buy From Nykaa Fashion Before Watching This! ⚠️,https://www.youtube.com/watch?v=LK1xNddb6JA,@MasumaBegum-sq9tn,Underrated creator 🫠,UgyOk2qb4QnAhiPUPYJ4AaABAg,1,1786376150.217957,Transcript not available,2026-08-20T21:05:50.218892
YouTube,Don't Buy From Nykaa Fashion Before Watching This! ⚠️,https://www.youtube.com/watch?v=LK1xNddb6JA,@victorningthoujam7365,Mee too. It's been 6 days and the product is not even shipped yet. Customer care number is not working. Shitty service.,UgyZeSN5-4MmN8FG2xJ4AaABAg,2,1781969750.221374,Transcript not available,2026-08-20T21:05:50.221521
YouTube,Don't Buy From Nykaa Fashion Before Watching This! ⚠️,https://www.youtube.com/watch?v=LK1xNddb6JA,@rajattiwari8241,"Underrated creator alert! 🚨 Keep creating, you're going to grow fast.",Ugyl8Ak1qwSZfoCPaUB4AaABAg,2,1781969750.223288,Transcript not available,2026-08-20T21:05:50.223398
YouTube,Don't Buy From Nykaa Fashion Before Watching This! ⚠️,https://www.youtube.com/watch?v=LK1xNddb6JA,@NamrataUnfilteredDiaries,"That is so sweet of you to say, thank you! ✨💗",UgyOk2qb4QnAhiPUPYJ4AaABAg.A_JeQd928laA_Npd-bUrS1,0,1786548950.581834,Transcript not available,2026-08-20T21:05:50.581950
YouTube,Don't Buy From Nykaa Fashion Before Watching This! ⚠️,https://www.youtube.com/watch?v=LK1xNddb6JA,@donutpiechicken,Mera product toh gurgaon haryana mein hai 6 din se bhai ab pta chala haryana se mumbai aane mein 6 din bhi lagte hein bechara cycle pe aa raha hoga,UgyZeSN5-4MmN8FG2xJ4AaABAg.AY2eMdQ1XGkAYkO9rfQMSz,0,1784561750.896118,Transcript not available,2026-08-20T21:05:50.896437
YouTube,Don't Buy From Nykaa Fashion Before Watching This! ⚠️,https://www.youtube.com/watch?v=LK1xNddb6JA,@yashwantkumarverma1914,क्योंकि उन्हें used product देना रहता है।,UgyZeSN5-4MmN8FG2xJ4AaABAg.AY2eMdQ1XGkA_KyMUwgbKp,0,1786462550.899751,Transcript not available,2026-08-20T21:05:50.900049
YouTube,Don't Buy From Nykaa Fashion Before Watching This! ⚠️,https://www.youtube.com/watch?v=LK1xNddb6JA,@yashwantkumarverma1914,"मुझे used product दिया है,  और return and refund नहीं करते Nykaa वाले।",UgyZeSN5-4MmN8FG2xJ4AaABAg.AY2eMdQ1XGkA_KyNl2RcgZ,0,1786462550.903297,Transcript not available,2026-08-20T21:05:50.903563
YouTube,Don't Buy From Nykaa Fashion Before Watching This! ⚠️,https://www.youtube.com/watch?v=LK1xNddb6JA,@yashwantkumarverma1914,"मुझे used product दिया है,  और return and refund नहीं करते Nykaa वाले।",UgyZeSN5-4MmN8FG2xJ4AaABAg.AY2eMdQ1XGkA_KyOxR2QpG,0,1786462550.906734,Transcript not available,2026-08-20T21:05:50.907024
YouTube,Don't Buy From Nykaa Fashion Before Watching This! ⚠️,https://www.youtube.com/watch?v=LK1xNddb6JA,@yashwantkumarverma1914,"मुझे used product दिया है,  और return and refund नहीं करते Nykaa वाले।",UgyZeSN5-4MmN8FG2xJ4AaABAg.AY2eMdQ1XGkA_KyQDYYmoo,0,1786462550.910221,Transcript not available,2026-08-20T21:05:50.910484
YouTube,Don't Buy From Nykaa Fashion Before Watching This! ⚠️,https://www.youtube.com/watch?v=LK1xNddb6JA,@NamrataUnfilteredDiaries,"Thank you so much for the sweet encouragement, it means the world to me! ✨💗",Ugyl8Ak1qwSZfoCPaUB4AaABAg.AY1xkJXGruGAY1yv8s3JXF,0,1781969751.200142,Transcript not available,2026-08-20T21:05:51.200446
YouTube,It's The Nykaa Hot Pink Sale | Starts 17th July | Shop With Season's Hottest Offers | Ft. Sharvari,https://www.youtube.com/watch?v=vW_zqItHU_E,@ravikumarsagar1,"Dont buy any product from @MyNykaa they are fraud and not return any product if the product is also not used they are not returned, so dont buy any product from nyka @cnnbrk @nykaafashion @BBCBreaking @FoxNews @ABPNews @XHNews I have raised the case under NCH #news",UgycItj5YdTdGwZnP354AaABAg,0,1786030553.356143,Transcript not available,2026-08-20T21:05:53.356264
YouTube,It's The Nykaa Hot Pink Sale | Starts 17th July | Shop With Season's Hottest Offers | Ft. Sharvari,https://www.youtube.com/watch?v=vW_zqItHU_E,@ravikumarsagar1,"Dont buy any product from @MyNykaa they are fraud and not return any product if the product is also not used they are not returned, so dont buy any product from nyka @cnnbrk @nykaafashion @BBCBreaking @FoxNews @ABPNews @XHNews I have raised the case under NCH #news",Ugx0fLlaxoZQ6SAeNTl4AaABAg,0,1786030553.357368,Transcript not available,2026-08-20T21:05:53.357459
YouTube,It's The Nykaa Hot Pink Sale | Starts 17th July | Shop With Season's Hottest Offers | Ft. Sharvari,https://www.youtube.com/watch?v=vW_zqItHU_E,@rbkaim,Bring More cerave products like cerave healing ointment and aquaphor ointment,UgzITJOhnNaCK5mZZnB4AaABAg,0,1786030553.358537,Transcript not available,2026-08-20T21:05:53.358625
YouTube,It's The Nykaa Hot Pink Sale | Starts 17th July | Shop With Season's Hottest Offers | Ft. Sharvari,https://www.youtube.com/watch?v=vW_zqItHU_E,@anum-g9g,"#NYKAA Shame on you
#FalguniNayar
Customers vagawan hote hai, customers k saath fraud karoge to jyada din dur nahi #Nykaa ki journey ka the end hone me, ek ek boond se hi Sagar bante hai..... yaad rakhna.
Baaki samjhdaro ko ishara hi kaafi hai....How do you people manage to pull off such scams? You are getting rich off customer's money. D you think our money falls from the sky or grows on trees? Our money isn't the proceeds of fraud, it is our hard earned income. I want a refund, no matter what it takes..
#NYKAA",Ugzog1YJWyRSFQ0WsKR4AaABAg,1,1785425753.359704,Transcript not available,2026-08-20T21:05:53.359791
YouTube,It's The Nykaa Hot Pink Sale | Starts 17th July | Shop With Season's Hottest Offers | Ft. Sharvari,https://www.youtube.com/watch?v=vW_zqItHU_E,@flarissabarretto1222,Even their Chat executive reply you like bots. Without understanding the actual problem they reply anything. I will file complaint in consumer court if they don't refund my money. Bloody scammers,UgzzX7FXvsxxwgHFlu94AaABAg,0,1784561753.361446,Transcript not available,2026-08-20T21:05:53.361546
YouTube,It's The Nykaa Hot Pink Sale | Starts 17th July | Shop With Season's Hottest Offers | Ft. Sharvari,https://www.youtube.com/watch?v=vW_zqItHU_E,@flarissabarretto1222,"You guys scammed me. Don't fall in their trap my order got placed twice with full payment. But after payment it's showed order failed, but my money was deducted and now nykaa not returning my money. 
#scammers",UgwR6WCQqpa29TosYIB4AaABAg,3,1784561753.363065,Transcript not available,2026-08-20T21:05:53.363162
YouTube,It's The Nykaa Hot Pink Sale | Starts 17th July | Shop With Season's Hottest Offers | Ft. Sharvari,https://www.youtube.com/watch?v=vW_zqItHU_E,@ITSMSDEDITS,❤,UgwK7-eTn1SS8ARLoF94AaABAg,0,1784561753.364678,Transcript not available,2026-08-20T21:05:53.364776
YouTube,It's The Nykaa Hot Pink Sale | Starts 17th July | Shop With Season's Hottest Offers | Ft. Sharvari,https://www.youtube.com/watch?v=vW_zqItHU_E,@Mamitasahoo-j4g,Hi,UgzXqDO2T73SxNa76xl4AaABAg,0,1784561753.366294,Transcript not available,2026-08-20T21:05:53.366392
YouTube,It's The Nykaa Hot Pink Sale | Starts 17th July | Shop With Season's Hottest Offers | Ft. Sharvari,https://www.youtube.com/watch?v=vW_zqItHU_E,@JSY62,Sharvari ❤,UgyBTDgA_Y4UaIerGUR4AaABAg,4,1784561753.367865,Transcript not available,2026-08-20T21:05:53.367963
YouTube,"Myntra & Nykaa Fashion Sale Haul | summer tshirts, shimmery pants, jumpsuits, event outfits",https://www.youtube.com/watch?v=P0y-9-BH0N0,@sharathkumarmr5733,Try bikani,UgxwxjEAF4QhvOWw9Mt4AaABAg,0,1784561756.434225,"and shimmery. Yeah. I just realized I messed up big time. Okay, a little backstory to this. Am I being delulu? Hello and welcome to a shopping haul after a very long time. I rarely buy clothes until unless I really need to and this time it's of two extremes. One is t-shirts to wear at home and the other is formal business casual to wear for an event. Let's try them out together. These are mostly from Myntra and Nykaa Fashion and I will link all of these clothes below. First is this t-shirt from Adidas that looked comfortable. I like the color and is more of a Well, something I can wear at home but also would not look shabby if I go outside. Let's try it out. Okay, first of all, it is really soft. I really like the color. Not a surprise because it's purple. But but but, it is a bit cropped. So, if I raise my hands like this, you can see my stomach a little bit and I'm not sure if it would be the most comfortable thing to wear. I don't like the sleeves. Like I don't like the length of these sleeves. Something feels a little uncomfortable about it. But, color very nice. Fabric really good. I just don't like this kind of boxy fit and so I think yeah, I'll be returning it but I have one other shirt from Adidas. Quality is really good. It's held up like through multiple washes. Quality I can assure you 100% will be great but this is I'm just not liking it as much. Next is this t-shirt from H&M. H&M had like a crazy sale. Generally, H&M is like okay, fine quality but because it was on discount I picked it up. So, let's see how it looks. Woo! Okay, so this is I mean, it's soft. It's nice. It's like a basic navy t-shirt. Um but I am not liking this as much because because I feel like it's a bit too tight and a bit too body hugging for my personal comfort for wearing at home. Like it doesn't feel as comfortable. So, I will be returning this one as well. This next top is also from H&M. Also was on a good discount. Let's try it on. Okay. Um this shirt I really like. I like the fit. I like how it feels on my body. It's quite soft and also now I know why every other color was sold out and this gray was the only one left. It's a very basic no-nonsense t-shirt. Fits well. Stands well on my body. I feel very very comfortable in it. I can definitely see myself wearing it. It was on discount so woo, keeping this. I think I'm done with all the t-shirts and I have some of the fancy clothes to try on now which I'm most excited about. Start first with this beautiful jumpsuit from H&M. This is what I'm thinking for one of my events. It's a mix of both pretty edgy and a bit formal. Don't know how it look on my body so let's check it out. Okay, I think I messed up because >> [sighs] [laughter] >> I think I ordered the small size. Though I'm pretty sure I ordered like a medium but it's a small that's come. Maybe my mistake. Most probably my mistake. But, I think I need your advice on whether you think I should still get a medium size or one in my correct size. Like do you think this jumpsuit is nice enough? I thought this color would be better suiting me but now I'm leaning towards more brighter jewel tones rather than more muted colors and I feel like this color is a bit dull for me. Like it's like a rust color which I'm like okay with. Let me start with the things that I do like. I like this little gold accent here which means I can get like a wear chunky gold earrings to complete the look. I'm not liking the color as much. Silhouette is great in the sense that I find it to and it is perfect length for me. I've never had something so perfectly length-wise. Usually it's too long and I love it. Um but I'm just like a I think I think I'll exchange it for a longer size. I'm just curious to see what it look like when it would actually fit me and I don't have to hold it up like this and like struggle. Next is a set of chamkila pants. I have a lot of basic black and white tops. Like a lot of body suits and I always feel like oh, I wish I had a shimmery pant to go with that to just do jush up the look and that's what I did. So, let's see if these shimmery pants are worth it. They're looking really nice in this video. Look at that. Shimmer shimmer. Shimmer shimmer. This would look so nice with like a body suit. Like a black body suit or a white body suit and the fact that it's turquoise really helps but I have two issues. One is that this waist is elastic and I'm afraid it's not going to give me that nice neat look and also it's jutting out at the back here. I don't know if you can see it. Doesn't give that clean finished look. Secondly, um it is Let me stand on the bed for this. If I'm wearing heels, it's fine but if I'm just standing, it's a bit too long for me even if I pull it up really high. So, I'm >> [snorts] >> I love I mean, I love how glittery it is and shimmery. Yeah, but I am not 100% convinced about this and it is a fair bit expensive even after discount so I think I'm going to return this. Let's try the next chamkila pant. Okay, [snorts] this one I am liking so much more. Um let me climb on the bed again to show you the length. It's not too long. Length is great. I like that it is tailored in the sense that it has a zip and it's an enclosure rather than being an elastic. I like that it has pockets. Always a positive in my book. I don't know why this one feels a little bit cheap or maybe it's the glitter sequence. I don't know what it is about it that's making it feel a bit cheap. And I also I don't know. I feel like if it was better fitted, like again, this one also is having the gap at the back and maybe that's why it's causing the weird around the crotch area. Um I am not like too happy with this one either. Am I like overthinking it? Please let me know but something about this is giving a bit tacky to me personally. I like the chamkila-ness of the previous one better. I thought it was like so much more fun. I would have definitely wear that if it was better fitted and not as long. But yeah, I think I'm going to have to return this one too. I unfortunately don't like it as much. Next up is a crazy outfit, I think. I somehow thought it would go with these pants. Oh! I like this blazer. It's so warm in this blazer but I do I feel like a boss woman. A boss lady. It fits me It fits me really well. It has shoulder pads also. Wow! I love the silhouette. I love the tailoring. It looks very very flattering on a female body. But my only this thing is so warm. It's so thick. Like it's like a proper blazer, you know? It's not like those flimsy dressy blazers. It's like a legit blazer and it's too hot for that. Summer has begun. There is something in me telling me that I'm going to wear this one day in the future when I have my own business or something and I've been like a miss CEO and I just I really like this. I really really like this. Am I being delulu? I love this. If it makes me this happy, I'm going to keep it. My god, I just realized I messed up big time. 13,000 for just the blazer. I thought I was getting the whole outfit for 13,000 and I was like oh, okay. It's an investment cuz I'll wear it for future events and it's an important event so I need a good outfit. Oh, no. 13,000 for a blazer. Okay, this is though like the most I spent on any outfit, I think and so it's like that's why I'm freaking out a bit. Oh, it was on discount. Like it was for 8,000. BRB. >> [music] >> Few more packages that have come in. So, let's start with Okay, let's start with something I'm excited about. This mesh top which I think will go well with a lot of black dresses that I have. Let's go. Okay, a little backstory to this. I was looking for something like this for quite some time. Mainly because I want to wear a lace top like this underneath a lot of black dresses that I have that are a bit more cleavage-y or deep that I don't feel too comfortable. Like when you go in public, like everyone is like either staring or whatever. Like everyone has their own reasons for feeling uncomfortable. So, for me I wanted something that could make those dresses work and I really liked these kind of floral lace tops. Now, I thought this would be pretty easy to find but I searched a lot. I searched on Amazon, all of these websites and the only kind of lace that you get is was this very busy lace patterns, floral lace patterns that I feel like is maybe five or six years old in terms of fashion. This delicate kind of floral I found it only on Cider, on Nykaa Fashion and it was quite expensive. Again, I waited for the sale. It was on my wish list for the longest time. I really really really like this. I love the material. I love the quality and it is so delicate and so pretty and I can't wait to wear it with uh more outfits and see how better I can style it, but otherwise like quality wise really really good. I've heard that Cider is pretty good though it's expensive, but quality is good and yeah, as per this top, I can attest that I'm really happy with this. Next top is this t-shirt. I'm still on the hunt for some more t-shirts that I can wear at home but also wear outside. So let's see how this pink t-shirt looks. Okay, I immediately love this top. I love the color. I love how minimal this print is. It is very soft. I love the fit like it fits perfectly here. The sleeves are just so just right for me and I think this may be a very content creator problem, but I like that the logo here is just very minimal and then all the artwork is at the back which is this fun like strawberry sorbet kind of design which I think is perfect for summers. Um content creator problem because a lot of times I make videos and brands are like this shirt should be solid or should I have no design or no pattern and then they're like oh I need to find a shirt with no design or pattern. So solved the problem. Oh my goodness, I love this color. I'm so happy with this. This baby pink color, the way it fits, um the way it falls on the body, how soft it is, everything 10 on 10. Next outfit is this funky shirt from The Souled Store. I have seen so much of The Souled Store but I've never picked up a single item from them yet. So this is going to be my first Souled Store item and I like the design. I'm very excited to try it. Okay, so this top I have a bit conflicted. Okay, so first off let me start with what I like. I love the stitching here which has pomodoro. I absolutely love the little detailing of this tomato and it's got like bead work. I don't know if you can see that very very pretty. The color is also nice. The fabric is like a um thicker kind of material. It's not a very thin cottony material. But I think what is conflicting me is kind of the fit of it. I don't know how to explain it, but this feels like a house shirt in terms of the silhouette. I'll have to return this cuz I I know myself and I know I won't be wearing this as much. Next t-shirt is this orange one from Tokyo Talkies. Love the color. Curious to see what the fit is like. Let's go. Um okay, this is like sticking to my body. Like it's that last plank on Titanic and like just holding on for life. Like that's what I feel like it's doing to my body. Flattering feminine kind of t-shirt. Uh I'm just concerned that it's a bit [clears throat] see-through and a bit tight. And also I'm scared that it will um shrink when I wash it. I've never used any from Tokyo Talkies so I don't know what the quality is like. Love the color though. Um love this kind of orange, but man, I don't know. Something about the fit is just not vibing with me and I don't like it as much. And my new philosophy with clothes is if I'm not like wow when I wear it or I don't feel great, I'm not going to keep it because there's no point of just like holding stuff. Uh I'm going to keep it only if I really like it. This does not make the cut so it's going back. Final piece in this delivery is one I'm really excited for. It's this purple halter neck dress that oh I just love it and I just hope it lives up to what my expectations are. Okay. Um First of all, this dress took me forever to put on because I could not figure out how to put it. It has like a knotted thing here. Okay, and that gets like tied up at the back. You see here? With these buttons I could only manage to put the first and the last. And my advice to you if you're getting this is unbutton it first and then put it on and then twist it somehow and put it. Um look, I love the color. I love the silhouette. I just love like halter neck stuff is something I am really enjoying these days and I was really looking for a halter neck top. Uh however, this is like a bit too tight. It's like choking me. Um and let me see I don't know if I have buttoned it wrong or what and if I can adjust it, but otherwise otherwise let's get to the good parts. Comes with these pants and it's like a long tunic. It has pockets. And just overall I am kind of torn between it is it looking like a towel that I have wrapped or is it giving a little bit of flare and a little drama which I usually like from my clothes. Let me add some earrings and show you. Kind of liking it but also not fully sure. Confusion, confusion. It has everything that I like in a outfit. I love that it has a dramatic neckline. It has a breezy silhouette. It has a bit dramatic silhouette also and it's solid. And for some reason these three things uh in totality are quite hard to find in outfits. Like trust me, I spent a lot of time scrolling on Myntra looking for something similar to this. So I'm going to I think I'm going to keep this. I'm going to find a way to make it work and look better, but yeah, in any case you know of other brands that do kind of outfits like this, please let me know. I'm going mad trying to find interesting off-beat outfits. Um but yeah, let me do a final twirl. I'm really feeling myself. I'm going to keep this. Uh I have one last thing to show you. These pants from Kazo, flared pants. I got it supposed to be purple, but anyway I love this color. If you're someone like me who has your heavier on your waist and you have thicker thighs, this kind of flare is extremely extremely flattering for the body type. It makes you look like more curvy. The material it's so thin and soft and comfortable on the skin. I really really like that part of it. Um it has two pockets which I love, but these are mesh pockets. I'm not a fan of the mesh pocket cuz I have an orange phone and it just sticks out when I put in my mesh pocket. But otherwise, you know, whatever, it's fine. Yeah, and it has like a cute little pocket here also. Um but my only only only issue with it is that it is just way too long. Like this excess part always drags on the floor behind me and it's a kind of material where I don't think I can shorten it also because it's kind of a very like a workout material, but uh not a sweaty workout material in the sense that I feel comfortable enough to wear it at home. Uh but I don't want to put stitches in it. I don't know. Does that make sense? Um but yeah. And I'm 5'2, okay. I am the I think average height of Indian women and so I know that they have a tall version also on the website which I'm wondering like how tall are the women there, but this is just it just this this being so long irritates me and yeah, I wish it's just shorter. Even if I pull it up high as high as I can, it's just it's just too long. Like do you see it goes below my chappal and drags all the dirt and dust everywhere I go. So it's hard to wear it on walks. So that was my mini Myntra haul. I hope you enjoyed the video. Um what were your favorite pieces? Let me know in the comments. Was there anything that I returned that you think I should have kept or anything that I kept that you think I should have returned? Like seriously don't tell. It'll be full regret then. Uh but anyway, no, honestly like genuinely love the comment section. Um excited to see you there. All the outfits are linked within the video itself if you want to check it out and I will see you in my next video. Bye. >> [music]",2026-08-20T21:05:56.434357
YouTube,"Myntra & Nykaa Fashion Sale Haul | summer tshirts, shimmery pants, jumpsuits, event outfits",https://www.youtube.com/watch?v=P0y-9-BH0N0,@renumishra7855,Why have you stopped wearing ur ultrahuman?,Ugw5-jCIf2Oyrpj4Pax4AaABAg,0,1781969756.435955,"and shimmery. Yeah. I just realized I messed up big time. Okay, a little backstory to this. Am I being delulu? Hello and welcome to a shopping haul after a very long time. I rarely buy clothes until unless I really need to and this time it's of two extremes. One is t-shirts to wear at home and the other is formal business casual to wear for an event. Let's try them out together. These are mostly from Myntra and Nykaa Fashion and I will link all of these clothes below. First is this t-shirt from Adidas that looked comfortable. I like the color and is more of a Well, something I can wear at home but also would not look shabby if I go outside. Let's try it out. Okay, first of all, it is really soft. I really like the color. Not a surprise because it's purple. But but but, it is a bit cropped. So, if I raise my hands like this, you can see my stomach a little bit and I'm not sure if it would be the most comfortable thing to wear. I don't like the sleeves. Like I don't like the length of these sleeves. Something feels a little uncomfortable about it. But, color very nice. Fabric really good. I just don't like this kind of boxy fit and so I think yeah, I'll be returning it but I have one other shirt from Adidas. Quality is really good. It's held up like through multiple washes. Quality I can assure you 100% will be great but this is I'm just not liking it as much. Next is this t-shirt from H&M. H&M had like a crazy sale. Generally, H&M is like okay, fine quality but because it was on discount I picked it up. So, let's see how it looks. Woo! Okay, so this is I mean, it's soft. It's nice. It's like a basic navy t-shirt. Um but I am not liking this as much because because I feel like it's a bit too tight and a bit too body hugging for my personal comfort for wearing at home. Like it doesn't feel as comfortable. So, I will be returning this one as well. This next top is also from H&M. Also was on a good discount. Let's try it on. Okay. Um this shirt I really like. I like the fit. I like how it feels on my body. It's quite soft and also now I know why every other color was sold out and this gray was the only one left. It's a very basic no-nonsense t-shirt. Fits well. Stands well on my body. I feel very very comfortable in it. I can definitely see myself wearing it. It was on discount so woo, keeping this. I think I'm done with all the t-shirts and I have some of the fancy clothes to try on now which I'm most excited about. Start first with this beautiful jumpsuit from H&M. This is what I'm thinking for one of my events. It's a mix of both pretty edgy and a bit formal. Don't know how it look on my body so let's check it out. Okay, I think I messed up because >> [sighs] [laughter] >> I think I ordered the small size. Though I'm pretty sure I ordered like a medium but it's a small that's come. Maybe my mistake. Most probably my mistake. But, I think I need your advice on whether you think I should still get a medium size or one in my correct size. Like do you think this jumpsuit is nice enough? I thought this color would be better suiting me but now I'm leaning towards more brighter jewel tones rather than more muted colors and I feel like this color is a bit dull for me. Like it's like a rust color which I'm like okay with. Let me start with the things that I do like. I like this little gold accent here which means I can get like a wear chunky gold earrings to complete the look. I'm not liking the color as much. Silhouette is great in the sense that I find it to and it is perfect length for me. I've never had something so perfectly length-wise. Usually it's too long and I love it. Um but I'm just like a I think I think I'll exchange it for a longer size. I'm just curious to see what it look like when it would actually fit me and I don't have to hold it up like this and like struggle. Next is a set of chamkila pants. I have a lot of basic black and white tops. Like a lot of body suits and I always feel like oh, I wish I had a shimmery pant to go with that to just do jush up the look and that's what I did. So, let's see if these shimmery pants are worth it. They're looking really nice in this video. Look at that. Shimmer shimmer. Shimmer shimmer. This would look so nice with like a body suit. Like a black body suit or a white body suit and the fact that it's turquoise really helps but I have two issues. One is that this waist is elastic and I'm afraid it's not going to give me that nice neat look and also it's jutting out at the back here. I don't know if you can see it. Doesn't give that clean finished look. Secondly, um it is Let me stand on the bed for this. If I'm wearing heels, it's fine but if I'm just standing, it's a bit too long for me even if I pull it up really high. So, I'm >> [snorts] >> I love I mean, I love how glittery it is and shimmery. Yeah, but I am not 100% convinced about this and it is a fair bit expensive even after discount so I think I'm going to return this. Let's try the next chamkila pant. Okay, [snorts] this one I am liking so much more. Um let me climb on the bed again to show you the length. It's not too long. Length is great. I like that it is tailored in the sense that it has a zip and it's an enclosure rather than being an elastic. I like that it has pockets. Always a positive in my book. I don't know why this one feels a little bit cheap or maybe it's the glitter sequence. I don't know what it is about it that's making it feel a bit cheap. And I also I don't know. I feel like if it was better fitted, like again, this one also is having the gap at the back and maybe that's why it's causing the weird around the crotch area. Um I am not like too happy with this one either. Am I like overthinking it? Please let me know but something about this is giving a bit tacky to me personally. I like the chamkila-ness of the previous one better. I thought it was like so much more fun. I would have definitely wear that if it was better fitted and not as long. But yeah, I think I'm going to have to return this one too. I unfortunately don't like it as much. Next up is a crazy outfit, I think. I somehow thought it would go with these pants. Oh! I like this blazer. It's so warm in this blazer but I do I feel like a boss woman. A boss lady. It fits me It fits me really well. It has shoulder pads also. Wow! I love the silhouette. I love the tailoring. It looks very very flattering on a female body. But my only this thing is so warm. It's so thick. Like it's like a proper blazer, you know? It's not like those flimsy dressy blazers. It's like a legit blazer and it's too hot for that. Summer has begun. There is something in me telling me that I'm going to wear this one day in the future when I have my own business or something and I've been like a miss CEO and I just I really like this. I really really like this. Am I being delulu? I love this. If it makes me this happy, I'm going to keep it. My god, I just realized I messed up big time. 13,000 for just the blazer. I thought I was getting the whole outfit for 13,000 and I was like oh, okay. It's an investment cuz I'll wear it for future events and it's an important event so I need a good outfit. Oh, no. 13,000 for a blazer. Okay, this is though like the most I spent on any outfit, I think and so it's like that's why I'm freaking out a bit. Oh, it was on discount. Like it was for 8,000. BRB. >> [music] >> Few more packages that have come in. So, let's start with Okay, let's start with something I'm excited about. This mesh top which I think will go well with a lot of black dresses that I have. Let's go. Okay, a little backstory to this. I was looking for something like this for quite some time. Mainly because I want to wear a lace top like this underneath a lot of black dresses that I have that are a bit more cleavage-y or deep that I don't feel too comfortable. Like when you go in public, like everyone is like either staring or whatever. Like everyone has their own reasons for feeling uncomfortable. So, for me I wanted something that could make those dresses work and I really liked these kind of floral lace tops. Now, I thought this would be pretty easy to find but I searched a lot. I searched on Amazon, all of these websites and the only kind of lace that you get is was this very busy lace patterns, floral lace patterns that I feel like is maybe five or six years old in terms of fashion. This delicate kind of floral I found it only on Cider, on Nykaa Fashion and it was quite expensive. Again, I waited for the sale. It was on my wish list for the longest time. I really really really like this. I love the material. I love the quality and it is so delicate and so pretty and I can't wait to wear it with uh more outfits and see how better I can style it, but otherwise like quality wise really really good. I've heard that Cider is pretty good though it's expensive, but quality is good and yeah, as per this top, I can attest that I'm really happy with this. Next top is this t-shirt. I'm still on the hunt for some more t-shirts that I can wear at home but also wear outside. So let's see how this pink t-shirt looks. Okay, I immediately love this top. I love the color. I love how minimal this print is. It is very soft. I love the fit like it fits perfectly here. The sleeves are just so just right for me and I think this may be a very content creator problem, but I like that the logo here is just very minimal and then all the artwork is at the back which is this fun like strawberry sorbet kind of design which I think is perfect for summers. Um content creator problem because a lot of times I make videos and brands are like this shirt should be solid or should I have no design or no pattern and then they're like oh I need to find a shirt with no design or pattern. So solved the problem. Oh my goodness, I love this color. I'm so happy with this. This baby pink color, the way it fits, um the way it falls on the body, how soft it is, everything 10 on 10. Next outfit is this funky shirt from The Souled Store. I have seen so much of The Souled Store but I've never picked up a single item from them yet. So this is going to be my first Souled Store item and I like the design. I'm very excited to try it. Okay, so this top I have a bit conflicted. Okay, so first off let me start with what I like. I love the stitching here which has pomodoro. I absolutely love the little detailing of this tomato and it's got like bead work. I don't know if you can see that very very pretty. The color is also nice. The fabric is like a um thicker kind of material. It's not a very thin cottony material. But I think what is conflicting me is kind of the fit of it. I don't know how to explain it, but this feels like a house shirt in terms of the silhouette. I'll have to return this cuz I I know myself and I know I won't be wearing this as much. Next t-shirt is this orange one from Tokyo Talkies. Love the color. Curious to see what the fit is like. Let's go. Um okay, this is like sticking to my body. Like it's that last plank on Titanic and like just holding on for life. Like that's what I feel like it's doing to my body. Flattering feminine kind of t-shirt. Uh I'm just concerned that it's a bit [clears throat] see-through and a bit tight. And also I'm scared that it will um shrink when I wash it. I've never used any from Tokyo Talkies so I don't know what the quality is like. Love the color though. Um love this kind of orange, but man, I don't know. Something about the fit is just not vibing with me and I don't like it as much. And my new philosophy with clothes is if I'm not like wow when I wear it or I don't feel great, I'm not going to keep it because there's no point of just like holding stuff. Uh I'm going to keep it only if I really like it. This does not make the cut so it's going back. Final piece in this delivery is one I'm really excited for. It's this purple halter neck dress that oh I just love it and I just hope it lives up to what my expectations are. Okay. Um First of all, this dress took me forever to put on because I could not figure out how to put it. It has like a knotted thing here. Okay, and that gets like tied up at the back. You see here? With these buttons I could only manage to put the first and the last. And my advice to you if you're getting this is unbutton it first and then put it on and then twist it somehow and put it. Um look, I love the color. I love the silhouette. I just love like halter neck stuff is something I am really enjoying these days and I was really looking for a halter neck top. Uh however, this is like a bit too tight. It's like choking me. Um and let me see I don't know if I have buttoned it wrong or what and if I can adjust it, but otherwise otherwise let's get to the good parts. Comes with these pants and it's like a long tunic. It has pockets. And just overall I am kind of torn between it is it looking like a towel that I have wrapped or is it giving a little bit of flare and a little drama which I usually like from my clothes. Let me add some earrings and show you. Kind of liking it but also not fully sure. Confusion, confusion. It has everything that I like in a outfit. I love that it has a dramatic neckline. It has a breezy silhouette. It has a bit dramatic silhouette also and it's solid. And for some reason these three things uh in totality are quite hard to find in outfits. Like trust me, I spent a lot of time scrolling on Myntra looking for something similar to this. So I'm going to I think I'm going to keep this. I'm going to find a way to make it work and look better, but yeah, in any case you know of other brands that do kind of outfits like this, please let me know. I'm going mad trying to find interesting off-beat outfits. Um but yeah, let me do a final twirl. I'm really feeling myself. I'm going to keep this. Uh I have one last thing to show you. These pants from Kazo, flared pants. I got it supposed to be purple, but anyway I love this color. If you're someone like me who has your heavier on your waist and you have thicker thighs, this kind of flare is extremely extremely flattering for the body type. It makes you look like more curvy. The material it's so thin and soft and comfortable on the skin. I really really like that part of it. Um it has two pockets which I love, but these are mesh pockets. I'm not a fan of the mesh pocket cuz I have an orange phone and it just sticks out when I put in my mesh pocket. But otherwise, you know, whatever, it's fine. Yeah, and it has like a cute little pocket here also. Um but my only only only issue with it is that it is just way too long. Like this excess part always drags on the floor behind me and it's a kind of material where I don't think I can shorten it also because it's kind of a very like a workout material, but uh not a sweaty workout material in the sense that I feel comfortable enough to wear it at home. Uh but I don't want to put stitches in it. I don't know. Does that make sense? Um but yeah. And I'm 5'2, okay. I am the I think average height of Indian women and so I know that they have a tall version also on the website which I'm wondering like how tall are the women there, but this is just it just this this being so long irritates me and yeah, I wish it's just shorter. Even if I pull it up high as high as I can, it's just it's just too long. Like do you see it goes below my chappal and drags all the dirt and dust everywhere I go. So it's hard to wear it on walks. So that was my mini Myntra haul. I hope you enjoyed the video. Um what were your favorite pieces? Let me know in the comments. Was there anything that I returned that you think I should have kept or anything that I kept that you think I should have returned? Like seriously don't tell. It'll be full regret then. Uh but anyway, no, honestly like genuinely love the comment section. Um excited to see you there. All the outfits are linked within the video itself if you want to check it out and I will see you in my next video. Bye. >> [music]",2026-08-20T21:05:56.436072
YouTube,"Myntra & Nykaa Fashion Sale Haul | summer tshirts, shimmery pants, jumpsuits, event outfits",https://www.youtube.com/watch?v=P0y-9-BH0N0,@UrmiTokraliya,Link please,Ugx31q6huzuynEjW19d4AaABAg,0,1781969756.437619,"and shimmery. Yeah. I just realized I messed up big time. Okay, a little backstory to this. Am I being delulu? Hello and welcome to a shopping haul after a very long time. I rarely buy clothes until unless I really need to and this time it's of two extremes. One is t-shirts to wear at home and the other is formal business casual to wear for an event. Let's try them out together. These are mostly from Myntra and Nykaa Fashion and I will link all of these clothes below. First is this t-shirt from Adidas that looked comfortable. I like the color and is more of a Well, something I can wear at home but also would not look shabby if I go outside. Let's try it out. Okay, first of all, it is really soft. I really like the color. Not a surprise because it's purple. But but but, it is a bit cropped. So, if I raise my hands like this, you can see my stomach a little bit and I'm not sure if it would be the most comfortable thing to wear. I don't like the sleeves. Like I don't like the length of these sleeves. Something feels a little uncomfortable about it. But, color very nice. Fabric really good. I just don't like this kind of boxy fit and so I think yeah, I'll be returning it but I have one other shirt from Adidas. Quality is really good. It's held up like through multiple washes. Quality I can assure you 100% will be great but this is I'm just not liking it as much. Next is this t-shirt from H&M. H&M had like a crazy sale. Generally, H&M is like okay, fine quality but because it was on discount I picked it up. So, let's see how it looks. Woo! Okay, so this is I mean, it's soft. It's nice. It's like a basic navy t-shirt. Um but I am not liking this as much because because I feel like it's a bit too tight and a bit too body hugging for my personal comfort for wearing at home. Like it doesn't feel as comfortable. So, I will be returning this one as well. This next top is also from H&M. Also was on a good discount. Let's try it on. Okay. Um this shirt I really like. I like the fit. I like how it feels on my body. It's quite soft and also now I know why every other color was sold out and this gray was the only one left. It's a very basic no-nonsense t-shirt. Fits well. Stands well on my body. I feel very very comfortable in it. I can definitely see myself wearing it. It was on discount so woo, keeping this. I think I'm done with all the t-shirts and I have some of the fancy clothes to try on now which I'm most excited about. Start first with this beautiful jumpsuit from H&M. This is what I'm thinking for one of my events. It's a mix of both pretty edgy and a bit formal. Don't know how it look on my body so let's check it out. Okay, I think I messed up because >> [sighs] [laughter] >> I think I ordered the small size. Though I'm pretty sure I ordered like a medium but it's a small that's come. Maybe my mistake. Most probably my mistake. But, I think I need your advice on whether you think I should still get a medium size or one in my correct size. Like do you think this jumpsuit is nice enough? I thought this color would be better suiting me but now I'm leaning towards more brighter jewel tones rather than more muted colors and I feel like this color is a bit dull for me. Like it's like a rust color which I'm like okay with. Let me start with the things that I do like. I like this little gold accent here which means I can get like a wear chunky gold earrings to complete the look. I'm not liking the color as much. Silhouette is great in the sense that I find it to and it is perfect length for me. I've never had something so perfectly length-wise. Usually it's too long and I love it. Um but I'm just like a I think I think I'll exchange it for a longer size. I'm just curious to see what it look like when it would actually fit me and I don't have to hold it up like this and like struggle. Next is a set of chamkila pants. I have a lot of basic black and white tops. Like a lot of body suits and I always feel like oh, I wish I had a shimmery pant to go with that to just do jush up the look and that's what I did. So, let's see if these shimmery pants are worth it. They're looking really nice in this video. Look at that. Shimmer shimmer. Shimmer shimmer. This would look so nice with like a body suit. Like a black body suit or a white body suit and the fact that it's turquoise really helps but I have two issues. One is that this waist is elastic and I'm afraid it's not going to give me that nice neat look and also it's jutting out at the back here. I don't know if you can see it. Doesn't give that clean finished look. Secondly, um it is Let me stand on the bed for this. If I'm wearing heels, it's fine but if I'm just standing, it's a bit too long for me even if I pull it up really high. So, I'm >> [snorts] >> I love I mean, I love how glittery it is and shimmery. Yeah, but I am not 100% convinced about this and it is a fair bit expensive even after discount so I think I'm going to return this. Let's try the next chamkila pant. Okay, [snorts] this one I am liking so much more. Um let me climb on the bed again to show you the length. It's not too long. Length is great. I like that it is tailored in the sense that it has a zip and it's an enclosure rather than being an elastic. I like that it has pockets. Always a positive in my book. I don't know why this one feels a little bit cheap or maybe it's the glitter sequence. I don't know what it is about it that's making it feel a bit cheap. And I also I don't know. I feel like if it was better fitted, like again, this one also is having the gap at the back and maybe that's why it's causing the weird around the crotch area. Um I am not like too happy with this one either. Am I like overthinking it? Please let me know but something about this is giving a bit tacky to me personally. I like the chamkila-ness of the previous one better. I thought it was like so much more fun. I would have definitely wear that if it was better fitted and not as long. But yeah, I think I'm going to have to return this one too. I unfortunately don't like it as much. Next up is a crazy outfit, I think. I somehow thought it would go with these pants. Oh! I like this blazer. It's so warm in this blazer but I do I feel like a boss woman. A boss lady. It fits me It fits me really well. It has shoulder pads also. Wow! I love the silhouette. I love the tailoring. It looks very very flattering on a female body. But my only this thing is so warm. It's so thick. Like it's like a proper blazer, you know? It's not like those flimsy dressy blazers. It's like a legit blazer and it's too hot for that. Summer has begun. There is something in me telling me that I'm going to wear this one day in the future when I have my own business or something and I've been like a miss CEO and I just I really like this. I really really like this. Am I being delulu? I love this. If it makes me this happy, I'm going to keep it. My god, I just realized I messed up big time. 13,000 for just the blazer. I thought I was getting the whole outfit for 13,000 and I was like oh, okay. It's an investment cuz I'll wear it for future events and it's an important event so I need a good outfit. Oh, no. 13,000 for a blazer. Okay, this is though like the most I spent on any outfit, I think and so it's like that's why I'm freaking out a bit. Oh, it was on discount. Like it was for 8,000. BRB. >> [music] >> Few more packages that have come in. So, let's start with Okay, let's start with something I'm excited about. This mesh top which I think will go well with a lot of black dresses that I have. Let's go. Okay, a little backstory to this. I was looking for something like this for quite some time. Mainly because I want to wear a lace top like this underneath a lot of black dresses that I have that are a bit more cleavage-y or deep that I don't feel too comfortable. Like when you go in public, like everyone is like either staring or whatever. Like everyone has their own reasons for feeling uncomfortable. So, for me I wanted something that could make those dresses work and I really liked these kind of floral lace tops. Now, I thought this would be pretty easy to find but I searched a lot. I searched on Amazon, all of these websites and the only kind of lace that you get is was this very busy lace patterns, floral lace patterns that I feel like is maybe five or six years old in terms of fashion. This delicate kind of floral I found it only on Cider, on Nykaa Fashion and it was quite expensive. Again, I waited for the sale. It was on my wish list for the longest time. I really really really like this. I love the material. I love the quality and it is so delicate and so pretty and I can't wait to wear it with uh more outfits and see how better I can style it, but otherwise like quality wise really really good. I've heard that Cider is pretty good though it's expensive, but quality is good and yeah, as per this top, I can attest that I'm really happy with this. Next top is this t-shirt. I'm still on the hunt for some more t-shirts that I can wear at home but also wear outside. So let's see how this pink t-shirt looks. Okay, I immediately love this top. I love the color. I love how minimal this print is. It is very soft. I love the fit like it fits perfectly here. The sleeves are just so just right for me and I think this may be a very content creator problem, but I like that the logo here is just very minimal and then all the artwork is at the back which is this fun like strawberry sorbet kind of design which I think is perfect for summers. Um content creator problem because a lot of times I make videos and brands are like this shirt should be solid or should I have no design or no pattern and then they're like oh I need to find a shirt with no design or pattern. So solved the problem. Oh my goodness, I love this color. I'm so happy with this. This baby pink color, the way it fits, um the way it falls on the body, how soft it is, everything 10 on 10. Next outfit is this funky shirt from The Souled Store. I have seen so much of The Souled Store but I've never picked up a single item from them yet. So this is going to be my first Souled Store item and I like the design. I'm very excited to try it. Okay, so this top I have a bit conflicted. Okay, so first off let me start with what I like. I love the stitching here which has pomodoro. I absolutely love the little detailing of this tomato and it's got like bead work. I don't know if you can see that very very pretty. The color is also nice. The fabric is like a um thicker kind of material. It's not a very thin cottony material. But I think what is conflicting me is kind of the fit of it. I don't know how to explain it, but this feels like a house shirt in terms of the silhouette. I'll have to return this cuz I I know myself and I know I won't be wearing this as much. Next t-shirt is this orange one from Tokyo Talkies. Love the color. Curious to see what the fit is like. Let's go. Um okay, this is like sticking to my body. Like it's that last plank on Titanic and like just holding on for life. Like that's what I feel like it's doing to my body. Flattering feminine kind of t-shirt. Uh I'm just concerned that it's a bit [clears throat] see-through and a bit tight. And also I'm scared that it will um shrink when I wash it. I've never used any from Tokyo Talkies so I don't know what the quality is like. Love the color though. Um love this kind of orange, but man, I don't know. Something about the fit is just not vibing with me and I don't like it as much. And my new philosophy with clothes is if I'm not like wow when I wear it or I don't feel great, I'm not going to keep it because there's no point of just like holding stuff. Uh I'm going to keep it only if I really like it. This does not make the cut so it's going back. Final piece in this delivery is one I'm really excited for. It's this purple halter neck dress that oh I just love it and I just hope it lives up to what my expectations are. Okay. Um First of all, this dress took me forever to put on because I could not figure out how to put it. It has like a knotted thing here. Okay, and that gets like tied up at the back. You see here? With these buttons I could only manage to put the first and the last. And my advice to you if you're getting this is unbutton it first and then put it on and then twist it somehow and put it. Um look, I love the color. I love the silhouette. I just love like halter neck stuff is something I am really enjoying these days and I was really looking for a halter neck top. Uh however, this is like a bit too tight. It's like choking me. Um and let me see I don't know if I have buttoned it wrong or what and if I can adjust it, but otherwise otherwise let's get to the good parts. Comes with these pants and it's like a long tunic. It has pockets. And just overall I am kind of torn between it is it looking like a towel that I have wrapped or is it giving a little bit of flare and a little drama which I usually like from my clothes. Let me add some earrings and show you. Kind of liking it but also not fully sure. Confusion, confusion. It has everything that I like in a outfit. I love that it has a dramatic neckline. It has a breezy silhouette. It has a bit dramatic silhouette also and it's solid. And for some reason these three things uh in totality are quite hard to find in outfits. Like trust me, I spent a lot of time scrolling on Myntra looking for something similar to this. So I'm going to I think I'm going to keep this. I'm going to find a way to make it work and look better, but yeah, in any case you know of other brands that do kind of outfits like this, please let me know. I'm going mad trying to find interesting off-beat outfits. Um but yeah, let me do a final twirl. I'm really feeling myself. I'm going to keep this. Uh I have one last thing to show you. These pants from Kazo, flared pants. I got it supposed to be purple, but anyway I love this color. If you're someone like me who has your heavier on your waist and you have thicker thighs, this kind of flare is extremely extremely flattering for the body type. It makes you look like more curvy. The material it's so thin and soft and comfortable on the skin. I really really like that part of it. Um it has two pockets which I love, but these are mesh pockets. I'm not a fan of the mesh pocket cuz I have an orange phone and it just sticks out when I put in my mesh pocket. But otherwise, you know, whatever, it's fine. Yeah, and it has like a cute little pocket here also. Um but my only only only issue with it is that it is just way too long. Like this excess part always drags on the floor behind me and it's a kind of material where I don't think I can shorten it also because it's kind of a very like a workout material, but uh not a sweaty workout material in the sense that I feel comfortable enough to wear it at home. Uh but I don't want to put stitches in it. I don't know. Does that make sense? Um but yeah. And I'm 5'2, okay. I am the I think average height of Indian women and so I know that they have a tall version also on the website which I'm wondering like how tall are the women there, but this is just it just this this being so long irritates me and yeah, I wish it's just shorter. Even if I pull it up high as high as I can, it's just it's just too long. Like do you see it goes below my chappal and drags all the dirt and dust everywhere I go. So it's hard to wear it on walks. So that was my mini Myntra haul. I hope you enjoyed the video. Um what were your favorite pieces? Let me know in the comments. Was there anything that I returned that you think I should have kept or anything that I kept that you think I should have returned? Like seriously don't tell. It'll be full regret then. Uh but anyway, no, honestly like genuinely love the comment section. Um excited to see you there. All the outfits are linked within the video itself if you want to check it out and I will see you in my next video. Bye. >> [music]",2026-08-20T21:05:56.437718
YouTube,"Myntra & Nykaa Fashion Sale Haul | summer tshirts, shimmery pants, jumpsuits, event outfits",https://www.youtube.com/watch?v=P0y-9-BH0N0,@Zairasbeautyjournal,"I dare you to try the Sugandha sunscreen 
Nobody is promoting it for some reason it’s the best sunscreen in d Indian market for humid whether 
Ingredients top notch 
Texture top notch 
Price affordable easily blendable pregnancy safe",Ugw0D6RzLOWposg_yCV4AaABAg,0,1779291356.439273,"and shimmery. Yeah. I just realized I messed up big time. Okay, a little backstory to this. Am I being delulu? Hello and welcome to a shopping haul after a very long time. I rarely buy clothes until unless I really need to and this time it's of two extremes. One is t-shirts to wear at home and the other is formal business casual to wear for an event. Let's try them out together. These are mostly from Myntra and Nykaa Fashion and I will link all of these clothes below. First is this t-shirt from Adidas that looked comfortable. I like the color and is more of a Well, something I can wear at home but also would not look shabby if I go outside. Let's try it out. Okay, first of all, it is really soft. I really like the color. Not a surprise because it's purple. But but but, it is a bit cropped. So, if I raise my hands like this, you can see my stomach a little bit and I'm not sure if it would be the most comfortable thing to wear. I don't like the sleeves. Like I don't like the length of these sleeves. Something feels a little uncomfortable about it. But, color very nice. Fabric really good. I just don't like this kind of boxy fit and so I think yeah, I'll be returning it but I have one other shirt from Adidas. Quality is really good. It's held up like through multiple washes. Quality I can assure you 100% will be great but this is I'm just not liking it as much. Next is this t-shirt from H&M. H&M had like a crazy sale. Generally, H&M is like okay, fine quality but because it was on discount I picked it up. So, let's see how it looks. Woo! Okay, so this is I mean, it's soft. It's nice. It's like a basic navy t-shirt. Um but I am not liking this as much because because I feel like it's a bit too tight and a bit too body hugging for my personal comfort for wearing at home. Like it doesn't feel as comfortable. So, I will be returning this one as well. This next top is also from H&M. Also was on a good discount. Let's try it on. Okay. Um this shirt I really like. I like the fit. I like how it feels on my body. It's quite soft and also now I know why every other color was sold out and this gray was the only one left. It's a very basic no-nonsense t-shirt. Fits well. Stands well on my body. I feel very very comfortable in it. I can definitely see myself wearing it. It was on discount so woo, keeping this. I think I'm done with all the t-shirts and I have some of the fancy clothes to try on now which I'm most excited about. Start first with this beautiful jumpsuit from H&M. This is what I'm thinking for one of my events. It's a mix of both pretty edgy and a bit formal. Don't know how it look on my body so let's check it out. Okay, I think I messed up because >> [sighs] [laughter] >> I think I ordered the small size. Though I'm pretty sure I ordered like a medium but it's a small that's come. Maybe my mistake. Most probably my mistake. But, I think I need your advice on whether you think I should still get a medium size or one in my correct size. Like do you think this jumpsuit is nice enough? I thought this color would be better suiting me but now I'm leaning towards more brighter jewel tones rather than more muted colors and I feel like this color is a bit dull for me. Like it's like a rust color which I'm like okay with. Let me start with the things that I do like. I like this little gold accent here which means I can get like a wear chunky gold earrings to complete the look. I'm not liking the color as much. Silhouette is great in the sense that I find it to and it is perfect length for me. I've never had something so perfectly length-wise. Usually it's too long and I love it. Um but I'm just like a I think I think I'll exchange it for a longer size. I'm just curious to see what it look like when it would actually fit me and I don't have to hold it up like this and like struggle. Next is a set of chamkila pants. I have a lot of basic black and white tops. Like a lot of body suits and I always feel like oh, I wish I had a shimmery pant to go with that to just do jush up the look and that's what I did. So, let's see if these shimmery pants are worth it. They're looking really nice in this video. Look at that. Shimmer shimmer. Shimmer shimmer. This would look so nice with like a body suit. Like a black body suit or a white body suit and the fact that it's turquoise really helps but I have two issues. One is that this waist is elastic and I'm afraid it's not going to give me that nice neat look and also it's jutting out at the back here. I don't know if you can see it. Doesn't give that clean finished look. Secondly, um it is Let me stand on the bed for this. If I'm wearing heels, it's fine but if I'm just standing, it's a bit too long for me even if I pull it up really high. So, I'm >> [snorts] >> I love I mean, I love how glittery it is and shimmery. Yeah, but I am not 100% convinced about this and it is a fair bit expensive even after discount so I think I'm going to return this. Let's try the next chamkila pant. Okay, [snorts] this one I am liking so much more. Um let me climb on the bed again to show you the length. It's not too long. Length is great. I like that it is tailored in the sense that it has a zip and it's an enclosure rather than being an elastic. I like that it has pockets. Always a positive in my book. I don't know why this one feels a little bit cheap or maybe it's the glitter sequence. I don't know what it is about it that's making it feel a bit cheap. And I also I don't know. I feel like if it was better fitted, like again, this one also is having the gap at the back and maybe that's why it's causing the weird around the crotch area. Um I am not like too happy with this one either. Am I like overthinking it? Please let me know but something about this is giving a bit tacky to me personally. I like the chamkila-ness of the previous one better. I thought it was like so much more fun. I would have definitely wear that if it was better fitted and not as long. But yeah, I think I'm going to have to return this one too. I unfortunately don't like it as much. Next up is a crazy outfit, I think. I somehow thought it would go with these pants. Oh! I like this blazer. It's so warm in this blazer but I do I feel like a boss woman. A boss lady. It fits me It fits me really well. It has shoulder pads also. Wow! I love the silhouette. I love the tailoring. It looks very very flattering on a female body. But my only this thing is so warm. It's so thick. Like it's like a proper blazer, you know? It's not like those flimsy dressy blazers. It's like a legit blazer and it's too hot for that. Summer has begun. There is something in me telling me that I'm going to wear this one day in the future when I have my own business or something and I've been like a miss CEO and I just I really like this. I really really like this. Am I being delulu? I love this. If it makes me this happy, I'm going to keep it. My god, I just realized I messed up big time. 13,000 for just the blazer. I thought I was getting the whole outfit for 13,000 and I was like oh, okay. It's an investment cuz I'll wear it for future events and it's an important event so I need a good outfit. Oh, no. 13,000 for a blazer. Okay, this is though like the most I spent on any outfit, I think and so it's like that's why I'm freaking out a bit. Oh, it was on discount. Like it was for 8,000. BRB. >> [music] >> Few more packages that have come in. So, let's start with Okay, let's start with something I'm excited about. This mesh top which I think will go well with a lot of black dresses that I have. Let's go. Okay, a little backstory to this. I was looking for something like this for quite some time. Mainly because I want to wear a lace top like this underneath a lot of black dresses that I have that are a bit more cleavage-y or deep that I don't feel too comfortable. Like when you go in public, like everyone is like either staring or whatever. Like everyone has their own reasons for feeling uncomfortable. So, for me I wanted something that could make those dresses work and I really liked these kind of floral lace tops. Now, I thought this would be pretty easy to find but I searched a lot. I searched on Amazon, all of these websites and the only kind of lace that you get is was this very busy lace patterns, floral lace patterns that I feel like is maybe five or six years old in terms of fashion. This delicate kind of floral I found it only on Cider, on Nykaa Fashion and it was quite expensive. Again, I waited for the sale. It was on my wish list for the longest time. I really really really like this. I love the material. I love the quality and it is so delicate and so pretty and I can't wait to wear it with uh more outfits and see how better I can style it, but otherwise like quality wise really really good. I've heard that Cider is pretty good though it's expensive, but quality is good and yeah, as per this top, I can attest that I'm really happy with this. Next top is this t-shirt. I'm still on the hunt for some more t-shirts that I can wear at home but also wear outside. So let's see how this pink t-shirt looks. Okay, I immediately love this top. I love the color. I love how minimal this print is. It is very soft. I love the fit like it fits perfectly here. The sleeves are just so just right for me and I think this may be a very content creator problem, but I like that the logo here is just very minimal and then all the artwork is at the back which is this fun like strawberry sorbet kind of design which I think is perfect for summers. Um content creator problem because a lot of times I make videos and brands are like this shirt should be solid or should I have no design or no pattern and then they're like oh I need to find a shirt with no design or pattern. So solved the problem. Oh my goodness, I love this color. I'm so happy with this. This baby pink color, the way it fits, um the way it falls on the body, how soft it is, everything 10 on 10. Next outfit is this funky shirt from The Souled Store. I have seen so much of The Souled Store but I've never picked up a single item from them yet. So this is going to be my first Souled Store item and I like the design. I'm very excited to try it. Okay, so this top I have a bit conflicted. Okay, so first off let me start with what I like. I love the stitching here which has pomodoro. I absolutely love the little detailing of this tomato and it's got like bead work. I don't know if you can see that very very pretty. The color is also nice. The fabric is like a um thicker kind of material. It's not a very thin cottony material. But I think what is conflicting me is kind of the fit of it. I don't know how to explain it, but this feels like a house shirt in terms of the silhouette. I'll have to return this cuz I I know myself and I know I won't be wearing this as much. Next t-shirt is this orange one from Tokyo Talkies. Love the color. Curious to see what the fit is like. Let's go. Um okay, this is like sticking to my body. Like it's that last plank on Titanic and like just holding on for life. Like that's what I feel like it's doing to my body. Flattering feminine kind of t-shirt. Uh I'm just concerned that it's a bit [clears throat] see-through and a bit tight. And also I'm scared that it will um shrink when I wash it. I've never used any from Tokyo Talkies so I don't know what the quality is like. Love the color though. Um love this kind of orange, but man, I don't know. Something about the fit is just not vibing with me and I don't like it as much. And my new philosophy with clothes is if I'm not like wow when I wear it or I don't feel great, I'm not going to keep it because there's no point of just like holding stuff. Uh I'm going to keep it only if I really like it. This does not make the cut so it's going back. Final piece in this delivery is one I'm really excited for. It's this purple halter neck dress that oh I just love it and I just hope it lives up to what my expectations are. Okay. Um First of all, this dress took me forever to put on because I could not figure out how to put it. It has like a knotted thing here. Okay, and that gets like tied up at the back. You see here? With these buttons I could only manage to put the first and the last. And my advice to you if you're getting this is unbutton it first and then put it on and then twist it somehow and put it. Um look, I love the color. I love the silhouette. I just love like halter neck stuff is something I am really enjoying these days and I was really looking for a halter neck top. Uh however, this is like a bit too tight. It's like choking me. Um and let me see I don't know if I have buttoned it wrong or what and if I can adjust it, but otherwise otherwise let's get to the good parts. Comes with these pants and it's like a long tunic. It has pockets. And just overall I am kind of torn between it is it looking like a towel that I have wrapped or is it giving a little bit of flare and a little drama which I usually like from my clothes. Let me add some earrings and show you. Kind of liking it but also not fully sure. Confusion, confusion. It has everything that I like in a outfit. I love that it has a dramatic neckline. It has a breezy silhouette. It has a bit dramatic silhouette also and it's solid. And for some reason these three things uh in totality are quite hard to find in outfits. Like trust me, I spent a lot of time scrolling on Myntra looking for something similar to this. So I'm going to I think I'm going to keep this. I'm going to find a way to make it work and look better, but yeah, in any case you know of other brands that do kind of outfits like this, please let me know. I'm going mad trying to find interesting off-beat outfits. Um but yeah, let me do a final twirl. I'm really feeling myself. I'm going to keep this. Uh I have one last thing to show you. These pants from Kazo, flared pants. I got it supposed to be purple, but anyway I love this color. If you're someone like me who has your heavier on your waist and you have thicker thighs, this kind of flare is extremely extremely flattering for the body type. It makes you look like more curvy. The material it's so thin and soft and comfortable on the skin. I really really like that part of it. Um it has two pockets which I love, but these are mesh pockets. I'm not a fan of the mesh pocket cuz I have an orange phone and it just sticks out when I put in my mesh pocket. But otherwise, you know, whatever, it's fine. Yeah, and it has like a cute little pocket here also. Um but my only only only issue with it is that it is just way too long. Like this excess part always drags on the floor behind me and it's a kind of material where I don't think I can shorten it also because it's kind of a very like a workout material, but uh not a sweaty workout material in the sense that I feel comfortable enough to wear it at home. Uh but I don't want to put stitches in it. I don't know. Does that make sense? Um but yeah. And I'm 5'2, okay. I am the I think average height of Indian women and so I know that they have a tall version also on the website which I'm wondering like how tall are the women there, but this is just it just this this being so long irritates me and yeah, I wish it's just shorter. Even if I pull it up high as high as I can, it's just it's just too long. Like do you see it goes below my chappal and drags all the dirt and dust everywhere I go. So it's hard to wear it on walks. So that was my mini Myntra haul. I hope you enjoyed the video. Um what were your favorite pieces? Let me know in the comments. Was there anything that I returned that you think I should have kept or anything that I kept that you think I should have returned? Like seriously don't tell. It'll be full regret then. Uh but anyway, no, honestly like genuinely love the comment section. Um excited to see you there. All the outfits are linked within the video itself if you want to check it out and I will see you in my next video. Bye. >> [music]",2026-08-20T21:05:56.439374
YouTube,"Myntra & Nykaa Fashion Sale Haul | summer tshirts, shimmery pants, jumpsuits, event outfits",https://www.youtube.com/watch?v=P0y-9-BH0N0,@Zairasbeautyjournal,Pls get a correct size jumpsuit,UgxCW9ZhFEOH3EWmtW94AaABAg,0,1779291356.440856,"and shimmery. Yeah. I just realized I messed up big time. Okay, a little backstory to this. Am I being delulu? Hello and welcome to a shopping haul after a very long time. I rarely buy clothes until unless I really need to and this time it's of two extremes. One is t-shirts to wear at home and the other is formal business casual to wear for an event. Let's try them out together. These are mostly from Myntra and Nykaa Fashion and I will link all of these clothes below. First is this t-shirt from Adidas that looked comfortable. I like the color and is more of a Well, something I can wear at home but also would not look shabby if I go outside. Let's try it out. Okay, first of all, it is really soft. I really like the color. Not a surprise because it's purple. But but but, it is a bit cropped. So, if I raise my hands like this, you can see my stomach a little bit and I'm not sure if it would be the most comfortable thing to wear. I don't like the sleeves. Like I don't like the length of these sleeves. Something feels a little uncomfortable about it. But, color very nice. Fabric really good. I just don't like this kind of boxy fit and so I think yeah, I'll be returning it but I have one other shirt from Adidas. Quality is really good. It's held up like through multiple washes. Quality I can assure you 100% will be great but this is I'm just not liking it as much. Next is this t-shirt from H&M. H&M had like a crazy sale. Generally, H&M is like okay, fine quality but because it was on discount I picked it up. So, let's see how it looks. Woo! Okay, so this is I mean, it's soft. It's nice. It's like a basic navy t-shirt. Um but I am not liking this as much because because I feel like it's a bit too tight and a bit too body hugging for my personal comfort for wearing at home. Like it doesn't feel as comfortable. So, I will be returning this one as well. This next top is also from H&M. Also was on a good discount. Let's try it on. Okay. Um this shirt I really like. I like the fit. I like how it feels on my body. It's quite soft and also now I know why every other color was sold out and this gray was the only one left. It's a very basic no-nonsense t-shirt. Fits well. Stands well on my body. I feel very very comfortable in it. I can definitely see myself wearing it. It was on discount so woo, keeping this. I think I'm done with all the t-shirts and I have some of the fancy clothes to try on now which I'm most excited about. Start first with this beautiful jumpsuit from H&M. This is what I'm thinking for one of my events. It's a mix of both pretty edgy and a bit formal. Don't know how it look on my body so let's check it out. Okay, I think I messed up because >> [sighs] [laughter] >> I think I ordered the small size. Though I'm pretty sure I ordered like a medium but it's a small that's come. Maybe my mistake. Most probably my mistake. But, I think I need your advice on whether you think I should still get a medium size or one in my correct size. Like do you think this jumpsuit is nice enough? I thought this color would be better suiting me but now I'm leaning towards more brighter jewel tones rather than more muted colors and I feel like this color is a bit dull for me. Like it's like a rust color which I'm like okay with. Let me start with the things that I do like. I like this little gold accent here which means I can get like a wear chunky gold earrings to complete the look. I'm not liking the color as much. Silhouette is great in the sense that I find it to and it is perfect length for me. I've never had something so perfectly length-wise. Usually it's too long and I love it. Um but I'm just like a I think I think I'll exchange it for a longer size. I'm just curious to see what it look like when it would actually fit me and I don't have to hold it up like this and like struggle. Next is a set of chamkila pants. I have a lot of basic black and white tops. Like a lot of body suits and I always feel like oh, I wish I had a shimmery pant to go with that to just do jush up the look and that's what I did. So, let's see if these shimmery pants are worth it. They're looking really nice in this video. Look at that. Shimmer shimmer. Shimmer shimmer. This would look so nice with like a body suit. Like a black body suit or a white body suit and the fact that it's turquoise really helps but I have two issues. One is that this waist is elastic and I'm afraid it's not going to give me that nice neat look and also it's jutting out at the back here. I don't know if you can see it. Doesn't give that clean finished look. Secondly, um it is Let me stand on the bed for this. If I'm wearing heels, it's fine but if I'm just standing, it's a bit too long for me even if I pull it up really high. So, I'm >> [snorts] >> I love I mean, I love how glittery it is and shimmery. Yeah, but I am not 100% convinced about this and it is a fair bit expensive even after discount so I think I'm going to return this. Let's try the next chamkila pant. Okay, [snorts] this one I am liking so much more. Um let me climb on the bed again to show you the length. It's not too long. Length is great. I like that it is tailored in the sense that it has a zip and it's an enclosure rather than being an elastic. I like that it has pockets. Always a positive in my book. I don't know why this one feels a little bit cheap or maybe it's the glitter sequence. I don't know what it is about it that's making it feel a bit cheap. And I also I don't know. I feel like if it was better fitted, like again, this one also is having the gap at the back and maybe that's why it's causing the weird around the crotch area. Um I am not like too happy with this one either. Am I like overthinking it? Please let me know but something about this is giving a bit tacky to me personally. I like the chamkila-ness of the previous one better. I thought it was like so much more fun. I would have definitely wear that if it was better fitted and not as long. But yeah, I think I'm going to have to return this one too. I unfortunately don't like it as much. Next up is a crazy outfit, I think. I somehow thought it would go with these pants. Oh! I like this blazer. It's so warm in this blazer but I do I feel like a boss woman. A boss lady. It fits me It fits me really well. It has shoulder pads also. Wow! I love the silhouette. I love the tailoring. It looks very very flattering on a female body. But my only this thing is so warm. It's so thick. Like it's like a proper blazer, you know? It's not like those flimsy dressy blazers. It's like a legit blazer and it's too hot for that. Summer has begun. There is something in me telling me that I'm going to wear this one day in the future when I have my own business or something and I've been like a miss CEO and I just I really like this. I really really like this. Am I being delulu? I love this. If it makes me this happy, I'm going to keep it. My god, I just realized I messed up big time. 13,000 for just the blazer. I thought I was getting the whole outfit for 13,000 and I was like oh, okay. It's an investment cuz I'll wear it for future events and it's an important event so I need a good outfit. Oh, no. 13,000 for a blazer. Okay, this is though like the most I spent on any outfit, I think and so it's like that's why I'm freaking out a bit. Oh, it was on discount. Like it was for 8,000. BRB. >> [music] >> Few more packages that have come in. So, let's start with Okay, let's start with something I'm excited about. This mesh top which I think will go well with a lot of black dresses that I have. Let's go. Okay, a little backstory to this. I was looking for something like this for quite some time. Mainly because I want to wear a lace top like this underneath a lot of black dresses that I have that are a bit more cleavage-y or deep that I don't feel too comfortable. Like when you go in public, like everyone is like either staring or whatever. Like everyone has their own reasons for feeling uncomfortable. So, for me I wanted something that could make those dresses work and I really liked these kind of floral lace tops. Now, I thought this would be pretty easy to find but I searched a lot. I searched on Amazon, all of these websites and the only kind of lace that you get is was this very busy lace patterns, floral lace patterns that I feel like is maybe five or six years old in terms of fashion. This delicate kind of floral I found it only on Cider, on Nykaa Fashion and it was quite expensive. Again, I waited for the sale. It was on my wish list for the longest time. I really really really like this. I love the material. I love the quality and it is so delicate and so pretty and I can't wait to wear it with uh more outfits and see how better I can style it, but otherwise like quality wise really really good. I've heard that Cider is pretty good though it's expensive, but quality is good and yeah, as per this top, I can attest that I'm really happy with this. Next top is this t-shirt. I'm still on the hunt for some more t-shirts that I can wear at home but also wear outside. So let's see how this pink t-shirt looks. Okay, I immediately love this top. I love the color. I love how minimal this print is. It is very soft. I love the fit like it fits perfectly here. The sleeves are just so just right for me and I think this may be a very content creator problem, but I like that the logo here is just very minimal and then all the artwork is at the back which is this fun like strawberry sorbet kind of design which I think is perfect for summers. Um content creator problem because a lot of times I make videos and brands are like this shirt should be solid or should I have no design or no pattern and then they're like oh I need to find a shirt with no design or pattern. So solved the problem. Oh my goodness, I love this color. I'm so happy with this. This baby pink color, the way it fits, um the way it falls on the body, how soft it is, everything 10 on 10. Next outfit is this funky shirt from The Souled Store. I have seen so much of The Souled Store but I've never picked up a single item from them yet. So this is going to be my first Souled Store item and I like the design. I'm very excited to try it. Okay, so this top I have a bit conflicted. Okay, so first off let me start with what I like. I love the stitching here which has pomodoro. I absolutely love the little detailing of this tomato and it's got like bead work. I don't know if you can see that very very pretty. The color is also nice. The fabric is like a um thicker kind of material. It's not a very thin cottony material. But I think what is conflicting me is kind of the fit of it. I don't know how to explain it, but this feels like a house shirt in terms of the silhouette. I'll have to return this cuz I I know myself and I know I won't be wearing this as much. Next t-shirt is this orange one from Tokyo Talkies. Love the color. Curious to see what the fit is like. Let's go. Um okay, this is like sticking to my body. Like it's that last plank on Titanic and like just holding on for life. Like that's what I feel like it's doing to my body. Flattering feminine kind of t-shirt. Uh I'm just concerned that it's a bit [clears throat] see-through and a bit tight. And also I'm scared that it will um shrink when I wash it. I've never used any from Tokyo Talkies so I don't know what the quality is like. Love the color though. Um love this kind of orange, but man, I don't know. Something about the fit is just not vibing with me and I don't like it as much. And my new philosophy with clothes is if I'm not like wow when I wear it or I don't feel great, I'm not going to keep it because there's no point of just like holding stuff. Uh I'm going to keep it only if I really like it. This does not make the cut so it's going back. Final piece in this delivery is one I'm really excited for. It's this purple halter neck dress that oh I just love it and I just hope it lives up to what my expectations are. Okay. Um First of all, this dress took me forever to put on because I could not figure out how to put it. It has like a knotted thing here. Okay, and that gets like tied up at the back. You see here? With these buttons I could only manage to put the first and the last. And my advice to you if you're getting this is unbutton it first and then put it on and then twist it somehow and put it. Um look, I love the color. I love the silhouette. I just love like halter neck stuff is something I am really enjoying these days and I was really looking for a halter neck top. Uh however, this is like a bit too tight. It's like choking me. Um and let me see I don't know if I have buttoned it wrong or what and if I can adjust it, but otherwise otherwise let's get to the good parts. Comes with these pants and it's like a long tunic. It has pockets. And just overall I am kind of torn between it is it looking like a towel that I have wrapped or is it giving a little bit of flare and a little drama which I usually like from my clothes. Let me add some earrings and show you. Kind of liking it but also not fully sure. Confusion, confusion. It has everything that I like in a outfit. I love that it has a dramatic neckline. It has a breezy silhouette. It has a bit dramatic silhouette also and it's solid. And for some reason these three things uh in totality are quite hard to find in outfits. Like trust me, I spent a lot of time scrolling on Myntra looking for something similar to this. So I'm going to I think I'm going to keep this. I'm going to find a way to make it work and look better, but yeah, in any case you know of other brands that do kind of outfits like this, please let me know. I'm going mad trying to find interesting off-beat outfits. Um but yeah, let me do a final twirl. I'm really feeling myself. I'm going to keep this. Uh I have one last thing to show you. These pants from Kazo, flared pants. I got it supposed to be purple, but anyway I love this color. If you're someone like me who has your heavier on your waist and you have thicker thighs, this kind of flare is extremely extremely flattering for the body type. It makes you look like more curvy. The material it's so thin and soft and comfortable on the skin. I really really like that part of it. Um it has two pockets which I love, but these are mesh pockets. I'm not a fan of the mesh pocket cuz I have an orange phone and it just sticks out when I put in my mesh pocket. But otherwise, you know, whatever, it's fine. Yeah, and it has like a cute little pocket here also. Um but my only only only issue with it is that it is just way too long. Like this excess part always drags on the floor behind me and it's a kind of material where I don't think I can shorten it also because it's kind of a very like a workout material, but uh not a sweaty workout material in the sense that I feel comfortable enough to wear it at home. Uh but I don't want to put stitches in it. I don't know. Does that make sense? Um but yeah. And I'm 5'2, okay. I am the I think average height of Indian women and so I know that they have a tall version also on the website which I'm wondering like how tall are the women there, but this is just it just this this being so long irritates me and yeah, I wish it's just shorter. Even if I pull it up high as high as I can, it's just it's just too long. Like do you see it goes below my chappal and drags all the dirt and dust everywhere I go. So it's hard to wear it on walks. So that was my mini Myntra haul. I hope you enjoyed the video. Um what were your favorite pieces? Let me know in the comments. Was there anything that I returned that you think I should have kept or anything that I kept that you think I should have returned? Like seriously don't tell. It'll be full regret then. Uh but anyway, no, honestly like genuinely love the comment section. Um excited to see you there. All the outfits are linked within the video itself if you want to check it out and I will see you in my next video. Bye. >> [music]",2026-08-20T21:05:56.440957
YouTube,"Myntra & Nykaa Fashion Sale Haul | summer tshirts, shimmery pants, jumpsuits, event outfits",https://www.youtube.com/watch?v=P0y-9-BH0N0,@saavaeri,"i really want to know where did you get the frame of your glasses from!!! i am on hold to make new prescription specs just because i want to try new frame and not able to find something of my interest. please could you tell, i really love it! really love and trust your videos!",UgzTLJTSKyM-EQje18J4AaABAg,1,1776699356.442451,"and shimmery. Yeah. I just realized I messed up big time. Okay, a little backstory to this. Am I being delulu? Hello and welcome to a shopping haul after a very long time. I rarely buy clothes until unless I really need to and this time it's of two extremes. One is t-shirts to wear at home and the other is formal business casual to wear for an event. Let's try them out together. These are mostly from Myntra and Nykaa Fashion and I will link all of these clothes below. First is this t-shirt from Adidas that looked comfortable. I like the color and is more of a Well, something I can wear at home but also would not look shabby if I go outside. Let's try it out. Okay, first of all, it is really soft. I really like the color. Not a surprise because it's purple. But but but, it is a bit cropped. So, if I raise my hands like this, you can see my stomach a little bit and I'm not sure if it would be the most comfortable thing to wear. I don't like the sleeves. Like I don't like the length of these sleeves. Something feels a little uncomfortable about it. But, color very nice. Fabric really good. I just don't like this kind of boxy fit and so I think yeah, I'll be returning it but I have one other shirt from Adidas. Quality is really good. It's held up like through multiple washes. Quality I can assure you 100% will be great but this is I'm just not liking it as much. Next is this t-shirt from H&M. H&M had like a crazy sale. Generally, H&M is like okay, fine quality but because it was on discount I picked it up. So, let's see how it looks. Woo! Okay, so this is I mean, it's soft. It's nice. It's like a basic navy t-shirt. Um but I am not liking this as much because because I feel like it's a bit too tight and a bit too body hugging for my personal comfort for wearing at home. Like it doesn't feel as comfortable. So, I will be returning this one as well. This next top is also from H&M. Also was on a good discount. Let's try it on. Okay. Um this shirt I really like. I like the fit. I like how it feels on my body. It's quite soft and also now I know why every other color was sold out and this gray was the only one left. It's a very basic no-nonsense t-shirt. Fits well. Stands well on my body. I feel very very comfortable in it. I can definitely see myself wearing it. It was on discount so woo, keeping this. I think I'm done with all the t-shirts and I have some of the fancy clothes to try on now which I'm most excited about. Start first with this beautiful jumpsuit from H&M. This is what I'm thinking for one of my events. It's a mix of both pretty edgy and a bit formal. Don't know how it look on my body so let's check it out. Okay, I think I messed up because >> [sighs] [laughter] >> I think I ordered the small size. Though I'm pretty sure I ordered like a medium but it's a small that's come. Maybe my mistake. Most probably my mistake. But, I think I need your advice on whether you think I should still get a medium size or one in my correct size. Like do you think this jumpsuit is nice enough? I thought this color would be better suiting me but now I'm leaning towards more brighter jewel tones rather than more muted colors and I feel like this color is a bit dull for me. Like it's like a rust color which I'm like okay with. Let me start with the things that I do like. I like this little gold accent here which means I can get like a wear chunky gold earrings to complete the look. I'm not liking the color as much. Silhouette is great in the sense that I find it to and it is perfect length for me. I've never had something so perfectly length-wise. Usually it's too long and I love it. Um but I'm just like a I think I think I'll exchange it for a longer size. I'm just curious to see what it look like when it would actually fit me and I don't have to hold it up like this and like struggle. Next is a set of chamkila pants. I have a lot of basic black and white tops. Like a lot of body suits and I always feel like oh, I wish I had a shimmery pant to go with that to just do jush up the look and that's what I did. So, let's see if these shimmery pants are worth it. They're looking really nice in this video. Look at that. Shimmer shimmer. Shimmer shimmer. This would look so nice with like a body suit. Like a black body suit or a white body suit and the fact that it's turquoise really helps but I have two issues. One is that this waist is elastic and I'm afraid it's not going to give me that nice neat look and also it's jutting out at the back here. I don't know if you can see it. Doesn't give that clean finished look. Secondly, um it is Let me stand on the bed for this. If I'm wearing heels, it's fine but if I'm just standing, it's a bit too long for me even if I pull it up really high. So, I'm >> [snorts] >> I love I mean, I love how glittery it is and shimmery. Yeah, but I am not 100% convinced about this and it is a fair bit expensive even after discount so I think I'm going to return this. Let's try the next chamkila pant. Okay, [snorts] this one I am liking so much more. Um let me climb on the bed again to show you the length. It's not too long. Length is great. I like that it is tailored in the sense that it has a zip and it's an enclosure rather than being an elastic. I like that it has pockets. Always a positive in my book. I don't know why this one feels a little bit cheap or maybe it's the glitter sequence. I don't know what it is about it that's making it feel a bit cheap. And I also I don't know. I feel like if it was better fitted, like again, this one also is having the gap at the back and maybe that's why it's causing the weird around the crotch area. Um I am not like too happy with this one either. Am I like overthinking it? Please let me know but something about this is giving a bit tacky to me personally. I like the chamkila-ness of the previous one better. I thought it was like so much more fun. I would have definitely wear that if it was better fitted and not as long. But yeah, I think I'm going to have to return this one too. I unfortunately don't like it as much. Next up is a crazy outfit, I think. I somehow thought it would go with these pants. Oh! I like this blazer. It's so warm in this blazer but I do I feel like a boss woman. A boss lady. It fits me It fits me really well. It has shoulder pads also. Wow! I love the silhouette. I love the tailoring. It looks very very flattering on a female body. But my only this thing is so warm. It's so thick. Like it's like a proper blazer, you know? It's not like those flimsy dressy blazers. It's like a legit blazer and it's too hot for that. Summer has begun. There is something in me telling me that I'm going to wear this one day in the future when I have my own business or something and I've been like a miss CEO and I just I really like this. I really really like this. Am I being delulu? I love this. If it makes me this happy, I'm going to keep it. My god, I just realized I messed up big time. 13,000 for just the blazer. I thought I was getting the whole outfit for 13,000 and I was like oh, okay. It's an investment cuz I'll wear it for future events and it's an important event so I need a good outfit. Oh, no. 13,000 for a blazer. Okay, this is though like the most I spent on any outfit, I think and so it's like that's why I'm freaking out a bit. Oh, it was on discount. Like it was for 8,000. BRB. >> [music] >> Few more packages that have come in. So, let's start with Okay, let's start with something I'm excited about. This mesh top which I think will go well with a lot of black dresses that I have. Let's go. Okay, a little backstory to this. I was looking for something like this for quite some time. Mainly because I want to wear a lace top like this underneath a lot of black dresses that I have that are a bit more cleavage-y or deep that I don't feel too comfortable. Like when you go in public, like everyone is like either staring or whatever. Like everyone has their own reasons for feeling uncomfortable. So, for me I wanted something that could make those dresses work and I really liked these kind of floral lace tops. Now, I thought this would be pretty easy to find but I searched a lot. I searched on Amazon, all of these websites and the only kind of lace that you get is was this very busy lace patterns, floral lace patterns that I feel like is maybe five or six years old in terms of fashion. This delicate kind of floral I found it only on Cider, on Nykaa Fashion and it was quite expensive. Again, I waited for the sale. It was on my wish list for the longest time. I really really really like this. I love the material. I love the quality and it is so delicate and so pretty and I can't wait to wear it with uh more outfits and see how better I can style it, but otherwise like quality wise really really good. I've heard that Cider is pretty good though it's expensive, but quality is good and yeah, as per this top, I can attest that I'm really happy with this. Next top is this t-shirt. I'm still on the hunt for some more t-shirts that I can wear at home but also wear outside. So let's see how this pink t-shirt looks. Okay, I immediately love this top. I love the color. I love how minimal this print is. It is very soft. I love the fit like it fits perfectly here. The sleeves are just so just right for me and I think this may be a very content creator problem, but I like that the logo here is just very minimal and then all the artwork is at the back which is this fun like strawberry sorbet kind of design which I think is perfect for summers. Um content creator problem because a lot of times I make videos and brands are like this shirt should be solid or should I have no design or no pattern and then they're like oh I need to find a shirt with no design or pattern. So solved the problem. Oh my goodness, I love this color. I'm so happy with this. This baby pink color, the way it fits, um the way it falls on the body, how soft it is, everything 10 on 10. Next outfit is this funky shirt from The Souled Store. I have seen so much of The Souled Store but I've never picked up a single item from them yet. So this is going to be my first Souled Store item and I like the design. I'm very excited to try it. Okay, so this top I have a bit conflicted. Okay, so first off let me start with what I like. I love the stitching here which has pomodoro. I absolutely love the little detailing of this tomato and it's got like bead work. I don't know if you can see that very very pretty. The color is also nice. The fabric is like a um thicker kind of material. It's not a very thin cottony material. But I think what is conflicting me is kind of the fit of it. I don't know how to explain it, but this feels like a house shirt in terms of the silhouette. I'll have to return this cuz I I know myself and I know I won't be wearing this as much. Next t-shirt is this orange one from Tokyo Talkies. Love the color. Curious to see what the fit is like. Let's go. Um okay, this is like sticking to my body. Like it's that last plank on Titanic and like just holding on for life. Like that's what I feel like it's doing to my body. Flattering feminine kind of t-shirt. Uh I'm just concerned that it's a bit [clears throat] see-through and a bit tight. And also I'm scared that it will um shrink when I wash it. I've never used any from Tokyo Talkies so I don't know what the quality is like. Love the color though. Um love this kind of orange, but man, I don't know. Something about the fit is just not vibing with me and I don't like it as much. And my new philosophy with clothes is if I'm not like wow when I wear it or I don't feel great, I'm not going to keep it because there's no point of just like holding stuff. Uh I'm going to keep it only if I really like it. This does not make the cut so it's going back. Final piece in this delivery is one I'm really excited for. It's this purple halter neck dress that oh I just love it and I just hope it lives up to what my expectations are. Okay. Um First of all, this dress took me forever to put on because I could not figure out how to put it. It has like a knotted thing here. Okay, and that gets like tied up at the back. You see here? With these buttons I could only manage to put the first and the last. And my advice to you if you're getting this is unbutton it first and then put it on and then twist it somehow and put it. Um look, I love the color. I love the silhouette. I just love like halter neck stuff is something I am really enjoying these days and I was really looking for a halter neck top. Uh however, this is like a bit too tight. It's like choking me. Um and let me see I don't know if I have buttoned it wrong or what and if I can adjust it, but otherwise otherwise let's get to the good parts. Comes with these pants and it's like a long tunic. It has pockets. And just overall I am kind of torn between it is it looking like a towel that I have wrapped or is it giving a little bit of flare and a little drama which I usually like from my clothes. Let me add some earrings and show you. Kind of liking it but also not fully sure. Confusion, confusion. It has everything that I like in a outfit. I love that it has a dramatic neckline. It has a breezy silhouette. It has a bit dramatic silhouette also and it's solid. And for some reason these three things uh in totality are quite hard to find in outfits. Like trust me, I spent a lot of time scrolling on Myntra looking for something similar to this. So I'm going to I think I'm going to keep this. I'm going to find a way to make it work and look better, but yeah, in any case you know of other brands that do kind of outfits like this, please let me know. I'm going mad trying to find interesting off-beat outfits. Um but yeah, let me do a final twirl. I'm really feeling myself. I'm going to keep this. Uh I have one last thing to show you. These pants from Kazo, flared pants. I got it supposed to be purple, but anyway I love this color. If you're someone like me who has your heavier on your waist and you have thicker thighs, this kind of flare is extremely extremely flattering for the body type. It makes you look like more curvy. The material it's so thin and soft and comfortable on the skin. I really really like that part of it. Um it has two pockets which I love, but these are mesh pockets. I'm not a fan of the mesh pocket cuz I have an orange phone and it just sticks out when I put in my mesh pocket. But otherwise, you know, whatever, it's fine. Yeah, and it has like a cute little pocket here also. Um but my only only only issue with it is that it is just way too long. Like this excess part always drags on the floor behind me and it's a kind of material where I don't think I can shorten it also because it's kind of a very like a workout material, but uh not a sweaty workout material in the sense that I feel comfortable enough to wear it at home. Uh but I don't want to put stitches in it. I don't know. Does that make sense? Um but yeah. And I'm 5'2, okay. I am the I think average height of Indian women and so I know that they have a tall version also on the website which I'm wondering like how tall are the women there, but this is just it just this this being so long irritates me and yeah, I wish it's just shorter. Even if I pull it up high as high as I can, it's just it's just too long. Like do you see it goes below my chappal and drags all the dirt and dust everywhere I go. So it's hard to wear it on walks. So that was my mini Myntra haul. I hope you enjoyed the video. Um what were your favorite pieces? Let me know in the comments. Was there anything that I returned that you think I should have kept or anything that I kept that you think I should have returned? Like seriously don't tell. It'll be full regret then. Uh but anyway, no, honestly like genuinely love the comment section. Um excited to see you there. All the outfits are linked within the video itself if you want to check it out and I will see you in my next video. Bye. >> [music]",2026-08-20T21:05:56.442550
YouTube,"Myntra & Nykaa Fashion Sale Haul | summer tshirts, shimmery pants, jumpsuits, event outfits",https://www.youtube.com/watch?v=P0y-9-BH0N0,@swastik-023,Hiccups challenge video,Ugx4ICGGRzRe8BgzRv54AaABAg,0,1776699356.444096,"and shimmery. Yeah. I just realized I messed up big time. Okay, a little backstory to this. Am I being delulu? Hello and welcome to a shopping haul after a very long time. I rarely buy clothes until unless I really need to and this time it's of two extremes. One is t-shirts to wear at home and the other is formal business casual to wear for an event. Let's try them out together. These are mostly from Myntra and Nykaa Fashion and I will link all of these clothes below. First is this t-shirt from Adidas that looked comfortable. I like the color and is more of a Well, something I can wear at home but also would not look shabby if I go outside. Let's try it out. Okay, first of all, it is really soft. I really like the color. Not a surprise because it's purple. But but but, it is a bit cropped. So, if I raise my hands like this, you can see my stomach a little bit and I'm not sure if it would be the most comfortable thing to wear. I don't like the sleeves. Like I don't like the length of these sleeves. Something feels a little uncomfortable about it. But, color very nice. Fabric really good. I just don't like this kind of boxy fit and so I think yeah, I'll be returning it but I have one other shirt from Adidas. Quality is really good. It's held up like through multiple washes. Quality I can assure you 100% will be great but this is I'm just not liking it as much. Next is this t-shirt from H&M. H&M had like a crazy sale. Generally, H&M is like okay, fine quality but because it was on discount I picked it up. So, let's see how it looks. Woo! Okay, so this is I mean, it's soft. It's nice. It's like a basic navy t-shirt. Um but I am not liking this as much because because I feel like it's a bit too tight and a bit too body hugging for my personal comfort for wearing at home. Like it doesn't feel as comfortable. So, I will be returning this one as well. This next top is also from H&M. Also was on a good discount. Let's try it on. Okay. Um this shirt I really like. I like the fit. I like how it feels on my body. It's quite soft and also now I know why every other color was sold out and this gray was the only one left. It's a very basic no-nonsense t-shirt. Fits well. Stands well on my body. I feel very very comfortable in it. I can definitely see myself wearing it. It was on discount so woo, keeping this. I think I'm done with all the t-shirts and I have some of the fancy clothes to try on now which I'm most excited about. Start first with this beautiful jumpsuit from H&M. This is what I'm thinking for one of my events. It's a mix of both pretty edgy and a bit formal. Don't know how it look on my body so let's check it out. Okay, I think I messed up because >> [sighs] [laughter] >> I think I ordered the small size. Though I'm pretty sure I ordered like a medium but it's a small that's come. Maybe my mistake. Most probably my mistake. But, I think I need your advice on whether you think I should still get a medium size or one in my correct size. Like do you think this jumpsuit is nice enough? I thought this color would be better suiting me but now I'm leaning towards more brighter jewel tones rather than more muted colors and I feel like this color is a bit dull for me. Like it's like a rust color which I'm like okay with. Let me start with the things that I do like. I like this little gold accent here which means I can get like a wear chunky gold earrings to complete the look. I'm not liking the color as much. Silhouette is great in the sense that I find it to and it is perfect length for me. I've never had something so perfectly length-wise. Usually it's too long and I love it. Um but I'm just like a I think I think I'll exchange it for a longer size. I'm just curious to see what it look like when it would actually fit me and I don't have to hold it up like this and like struggle. Next is a set of chamkila pants. I have a lot of basic black and white tops. Like a lot of body suits and I always feel like oh, I wish I had a shimmery pant to go with that to just do jush up the look and that's what I did. So, let's see if these shimmery pants are worth it. They're looking really nice in this video. Look at that. Shimmer shimmer. Shimmer shimmer. This would look so nice with like a body suit. Like a black body suit or a white body suit and the fact that it's turquoise really helps but I have two issues. One is that this waist is elastic and I'm afraid it's not going to give me that nice neat look and also it's jutting out at the back here. I don't know if you can see it. Doesn't give that clean finished look. Secondly, um it is Let me stand on the bed for this. If I'm wearing heels, it's fine but if I'm just standing, it's a bit too long for me even if I pull it up really high. So, I'm >> [snorts] >> I love I mean, I love how glittery it is and shimmery. Yeah, but I am not 100% convinced about this and it is a fair bit expensive even after discount so I think I'm going to return this. Let's try the next chamkila pant. Okay, [snorts] this one I am liking so much more. Um let me climb on the bed again to show you the length. It's not too long. Length is great. I like that it is tailored in the sense that it has a zip and it's an enclosure rather than being an elastic. I like that it has pockets. Always a positive in my book. I don't know why this one feels a little bit cheap or maybe it's the glitter sequence. I don't know what it is about it that's making it feel a bit cheap. And I also I don't know. I feel like if it was better fitted, like again, this one also is having the gap at the back and maybe that's why it's causing the weird around the crotch area. Um I am not like too happy with this one either. Am I like overthinking it? Please let me know but something about this is giving a bit tacky to me personally. I like the chamkila-ness of the previous one better. I thought it was like so much more fun. I would have definitely wear that if it was better fitted and not as long. But yeah, I think I'm going to have to return this one too. I unfortunately don't like it as much. Next up is a crazy outfit, I think. I somehow thought it would go with these pants. Oh! I like this blazer. It's so warm in this blazer but I do I feel like a boss woman. A boss lady. It fits me It fits me really well. It has shoulder pads also. Wow! I love the silhouette. I love the tailoring. It looks very very flattering on a female body. But my only this thing is so warm. It's so thick. Like it's like a proper blazer, you know? It's not like those flimsy dressy blazers. It's like a legit blazer and it's too hot for that. Summer has begun. There is something in me telling me that I'm going to wear this one day in the future when I have my own business or something and I've been like a miss CEO and I just I really like this. I really really like this. Am I being delulu? I love this. If it makes me this happy, I'm going to keep it. My god, I just realized I messed up big time. 13,000 for just the blazer. I thought I was getting the whole outfit for 13,000 and I was like oh, okay. It's an investment cuz I'll wear it for future events and it's an important event so I need a good outfit. Oh, no. 13,000 for a blazer. Okay, this is though like the most I spent on any outfit, I think and so it's like that's why I'm freaking out a bit. Oh, it was on discount. Like it was for 8,000. BRB. >> [music] >> Few more packages that have come in. So, let's start with Okay, let's start with something I'm excited about. This mesh top which I think will go well with a lot of black dresses that I have. Let's go. Okay, a little backstory to this. I was looking for something like this for quite some time. Mainly because I want to wear a lace top like this underneath a lot of black dresses that I have that are a bit more cleavage-y or deep that I don't feel too comfortable. Like when you go in public, like everyone is like either staring or whatever. Like everyone has their own reasons for feeling uncomfortable. So, for me I wanted something that could make those dresses work and I really liked these kind of floral lace tops. Now, I thought this would be pretty easy to find but I searched a lot. I searched on Amazon, all of these websites and the only kind of lace that you get is was this very busy lace patterns, floral lace patterns that I feel like is maybe five or six years old in terms of fashion. This delicate kind of floral I found it only on Cider, on Nykaa Fashion and it was quite expensive. Again, I waited for the sale. It was on my wish list for the longest time. I really really really like this. I love the material. I love the quality and it is so delicate and so pretty and I can't wait to wear it with uh more outfits and see how better I can style it, but otherwise like quality wise really really good. I've heard that Cider is pretty good though it's expensive, but quality is good and yeah, as per this top, I can attest that I'm really happy with this. Next top is this t-shirt. I'm still on the hunt for some more t-shirts that I can wear at home but also wear outside. So let's see how this pink t-shirt looks. Okay, I immediately love this top. I love the color. I love how minimal this print is. It is very soft. I love the fit like it fits perfectly here. The sleeves are just so just right for me and I think this may be a very content creator problem, but I like that the logo here is just very minimal and then all the artwork is at the back which is this fun like strawberry sorbet kind of design which I think is perfect for summers. Um content creator problem because a lot of times I make videos and brands are like this shirt should be solid or should I have no design or no pattern and then they're like oh I need to find a shirt with no design or pattern. So solved the problem. Oh my goodness, I love this color. I'm so happy with this. This baby pink color, the way it fits, um the way it falls on the body, how soft it is, everything 10 on 10. Next outfit is this funky shirt from The Souled Store. I have seen so much of The Souled Store but I've never picked up a single item from them yet. So this is going to be my first Souled Store item and I like the design. I'm very excited to try it. Okay, so this top I have a bit conflicted. Okay, so first off let me start with what I like. I love the stitching here which has pomodoro. I absolutely love the little detailing of this tomato and it's got like bead work. I don't know if you can see that very very pretty. The color is also nice. The fabric is like a um thicker kind of material. It's not a very thin cottony material. But I think what is conflicting me is kind of the fit of it. I don't know how to explain it, but this feels like a house shirt in terms of the silhouette. I'll have to return this cuz I I know myself and I know I won't be wearing this as much. Next t-shirt is this orange one from Tokyo Talkies. Love the color. Curious to see what the fit is like. Let's go. Um okay, this is like sticking to my body. Like it's that last plank on Titanic and like just holding on for life. Like that's what I feel like it's doing to my body. Flattering feminine kind of t-shirt. Uh I'm just concerned that it's a bit [clears throat] see-through and a bit tight. And also I'm scared that it will um shrink when I wash it. I've never used any from Tokyo Talkies so I don't know what the quality is like. Love the color though. Um love this kind of orange, but man, I don't know. Something about the fit is just not vibing with me and I don't like it as much. And my new philosophy with clothes is if I'm not like wow when I wear it or I don't feel great, I'm not going to keep it because there's no point of just like holding stuff. Uh I'm going to keep it only if I really like it. This does not make the cut so it's going back. Final piece in this delivery is one I'm really excited for. It's this purple halter neck dress that oh I just love it and I just hope it lives up to what my expectations are. Okay. Um First of all, this dress took me forever to put on because I could not figure out how to put it. It has like a knotted thing here. Okay, and that gets like tied up at the back. You see here? With these buttons I could only manage to put the first and the last. And my advice to you if you're getting this is unbutton it first and then put it on and then twist it somehow and put it. Um look, I love the color. I love the silhouette. I just love like halter neck stuff is something I am really enjoying these days and I was really looking for a halter neck top. Uh however, this is like a bit too tight. It's like choking me. Um and let me see I don't know if I have buttoned it wrong or what and if I can adjust it, but otherwise otherwise let's get to the good parts. Comes with these pants and it's like a long tunic. It has pockets. And just overall I am kind of torn between it is it looking like a towel that I have wrapped or is it giving a little bit of flare and a little drama which I usually like from my clothes. Let me add some earrings and show you. Kind of liking it but also not fully sure. Confusion, confusion. It has everything that I like in a outfit. I love that it has a dramatic neckline. It has a breezy silhouette. It has a bit dramatic silhouette also and it's solid. And for some reason these three things uh in totality are quite hard to find in outfits. Like trust me, I spent a lot of time scrolling on Myntra looking for something similar to this. So I'm going to I think I'm going to keep this. I'm going to find a way to make it work and look better, but yeah, in any case you know of other brands that do kind of outfits like this, please let me know. I'm going mad trying to find interesting off-beat outfits. Um but yeah, let me do a final twirl. I'm really feeling myself. I'm going to keep this. Uh I have one last thing to show you. These pants from Kazo, flared pants. I got it supposed to be purple, but anyway I love this color. If you're someone like me who has your heavier on your waist and you have thicker thighs, this kind of flare is extremely extremely flattering for the body type. It makes you look like more curvy. The material it's so thin and soft and comfortable on the skin. I really really like that part of it. Um it has two pockets which I love, but these are mesh pockets. I'm not a fan of the mesh pocket cuz I have an orange phone and it just sticks out when I put in my mesh pocket. But otherwise, you know, whatever, it's fine. Yeah, and it has like a cute little pocket here also. Um but my only only only issue with it is that it is just way too long. Like this excess part always drags on the floor behind me and it's a kind of material where I don't think I can shorten it also because it's kind of a very like a workout material, but uh not a sweaty workout material in the sense that I feel comfortable enough to wear it at home. Uh but I don't want to put stitches in it. I don't know. Does that make sense? Um but yeah. And I'm 5'2, okay. I am the I think average height of Indian women and so I know that they have a tall version also on the website which I'm wondering like how tall are the women there, but this is just it just this this being so long irritates me and yeah, I wish it's just shorter. Even if I pull it up high as high as I can, it's just it's just too long. Like do you see it goes below my chappal and drags all the dirt and dust everywhere I go. So it's hard to wear it on walks. So that was my mini Myntra haul. I hope you enjoyed the video. Um what were your favorite pieces? Let me know in the comments. Was there anything that I returned that you think I should have kept or anything that I kept that you think I should have returned? Like seriously don't tell. It'll be full regret then. Uh but anyway, no, honestly like genuinely love the comment section. Um excited to see you there. All the outfits are linked within the video itself if you want to check it out and I will see you in my next video. Bye. >> [music]",2026-08-20T21:05:56.444198
YouTube,"Myntra & Nykaa Fashion Sale Haul | summer tshirts, shimmery pants, jumpsuits, event outfits",https://www.youtube.com/watch?v=P0y-9-BH0N0,@psandhya7968,Omg that black mesh top 😍🤌  I love it ❤ nd u look damn good 🥰,Ugw-PahSlgkYVP1bUyF4AaABAg,4,1776699356.44574,"and shimmery. Yeah. I just realized I messed up big time. Okay, a little backstory to this. Am I being delulu? Hello and welcome to a shopping haul after a very long time. I rarely buy clothes until unless I really need to and this time it's of two extremes. One is t-shirts to wear at home and the other is formal business casual to wear for an event. Let's try them out together. These are mostly from Myntra and Nykaa Fashion and I will link all of these clothes below. First is this t-shirt from Adidas that looked comfortable. I like the color and is more of a Well, something I can wear at home but also would not look shabby if I go outside. Let's try it out. Okay, first of all, it is really soft. I really like the color. Not a surprise because it's purple. But but but, it is a bit cropped. So, if I raise my hands like this, you can see my stomach a little bit and I'm not sure if it would be the most comfortable thing to wear. I don't like the sleeves. Like I don't like the length of these sleeves. Something feels a little uncomfortable about it. But, color very nice. Fabric really good. I just don't like this kind of boxy fit and so I think yeah, I'll be returning it but I have one other shirt from Adidas. Quality is really good. It's held up like through multiple washes. Quality I can assure you 100% will be great but this is I'm just not liking it as much. Next is this t-shirt from H&M. H&M had like a crazy sale. Generally, H&M is like okay, fine quality but because it was on discount I picked it up. So, let's see how it looks. Woo! Okay, so this is I mean, it's soft. It's nice. It's like a basic navy t-shirt. Um but I am not liking this as much because because I feel like it's a bit too tight and a bit too body hugging for my personal comfort for wearing at home. Like it doesn't feel as comfortable. So, I will be returning this one as well. This next top is also from H&M. Also was on a good discount. Let's try it on. Okay. Um this shirt I really like. I like the fit. I like how it feels on my body. It's quite soft and also now I know why every other color was sold out and this gray was the only one left. It's a very basic no-nonsense t-shirt. Fits well. Stands well on my body. I feel very very comfortable in it. I can definitely see myself wearing it. It was on discount so woo, keeping this. I think I'm done with all the t-shirts and I have some of the fancy clothes to try on now which I'm most excited about. Start first with this beautiful jumpsuit from H&M. This is what I'm thinking for one of my events. It's a mix of both pretty edgy and a bit formal. Don't know how it look on my body so let's check it out. Okay, I think I messed up because >> [sighs] [laughter] >> I think I ordered the small size. Though I'm pretty sure I ordered like a medium but it's a small that's come. Maybe my mistake. Most probably my mistake. But, I think I need your advice on whether you think I should still get a medium size or one in my correct size. Like do you think this jumpsuit is nice enough? I thought this color would be better suiting me but now I'm leaning towards more brighter jewel tones rather than more muted colors and I feel like this color is a bit dull for me. Like it's like a rust color which I'm like okay with. Let me start with the things that I do like. I like this little gold accent here which means I can get like a wear chunky gold earrings to complete the look. I'm not liking the color as much. Silhouette is great in the sense that I find it to and it is perfect length for me. I've never had something so perfectly length-wise. Usually it's too long and I love it. Um but I'm just like a I think I think I'll exchange it for a longer size. I'm just curious to see what it look like when it would actually fit me and I don't have to hold it up like this and like struggle. Next is a set of chamkila pants. I have a lot of basic black and white tops. Like a lot of body suits and I always feel like oh, I wish I had a shimmery pant to go with that to just do jush up the look and that's what I did. So, let's see if these shimmery pants are worth it. They're looking really nice in this video. Look at that. Shimmer shimmer. Shimmer shimmer. This would look so nice with like a body suit. Like a black body suit or a white body suit and the fact that it's turquoise really helps but I have two issues. One is that this waist is elastic and I'm afraid it's not going to give me that nice neat look and also it's jutting out at the back here. I don't know if you can see it. Doesn't give that clean finished look. Secondly, um it is Let me stand on the bed for this. If I'm wearing heels, it's fine but if I'm just standing, it's a bit too long for me even if I pull it up really high. So, I'm >> [snorts] >> I love I mean, I love how glittery it is and shimmery. Yeah, but I am not 100% convinced about this and it is a fair bit expensive even after discount so I think I'm going to return this. Let's try the next chamkila pant. Okay, [snorts] this one I am liking so much more. Um let me climb on the bed again to show you the length. It's not too long. Length is great. I like that it is tailored in the sense that it has a zip and it's an enclosure rather than being an elastic. I like that it has pockets. Always a positive in my book. I don't know why this one feels a little bit cheap or maybe it's the glitter sequence. I don't know what it is about it that's making it feel a bit cheap. And I also I don't know. I feel like if it was better fitted, like again, this one also is having the gap at the back and maybe that's why it's causing the weird around the crotch area. Um I am not like too happy with this one either. Am I like overthinking it? Please let me know but something about this is giving a bit tacky to me personally. I like the chamkila-ness of the previous one better. I thought it was like so much more fun. I would have definitely wear that if it was better fitted and not as long. But yeah, I think I'm going to have to return this one too. I unfortunately don't like it as much. Next up is a crazy outfit, I think. I somehow thought it would go with these pants. Oh! I like this blazer. It's so warm in this blazer but I do I feel like a boss woman. A boss lady. It fits me It fits me really well. It has shoulder pads also. Wow! I love the silhouette. I love the tailoring. It looks very very flattering on a female body. But my only this thing is so warm. It's so thick. Like it's like a proper blazer, you know? It's not like those flimsy dressy blazers. It's like a legit blazer and it's too hot for that. Summer has begun. There is something in me telling me that I'm going to wear this one day in the future when I have my own business or something and I've been like a miss CEO and I just I really like this. I really really like this. Am I being delulu? I love this. If it makes me this happy, I'm going to keep it. My god, I just realized I messed up big time. 13,000 for just the blazer. I thought I was getting the whole outfit for 13,000 and I was like oh, okay. It's an investment cuz I'll wear it for future events and it's an important event so I need a good outfit. Oh, no. 13,000 for a blazer. Okay, this is though like the most I spent on any outfit, I think and so it's like that's why I'm freaking out a bit. Oh, it was on discount. Like it was for 8,000. BRB. >> [music] >> Few more packages that have come in. So, let's start with Okay, let's start with something I'm excited about. This mesh top which I think will go well with a lot of black dresses that I have. Let's go. Okay, a little backstory to this. I was looking for something like this for quite some time. Mainly because I want to wear a lace top like this underneath a lot of black dresses that I have that are a bit more cleavage-y or deep that I don't feel too comfortable. Like when you go in public, like everyone is like either staring or whatever. Like everyone has their own reasons for feeling uncomfortable. So, for me I wanted something that could make those dresses work and I really liked these kind of floral lace tops. Now, I thought this would be pretty easy to find but I searched a lot. I searched on Amazon, all of these websites and the only kind of lace that you get is was this very busy lace patterns, floral lace patterns that I feel like is maybe five or six years old in terms of fashion. This delicate kind of floral I found it only on Cider, on Nykaa Fashion and it was quite expensive. Again, I waited for the sale. It was on my wish list for the longest time. I really really really like this. I love the material. I love the quality and it is so delicate and so pretty and I can't wait to wear it with uh more outfits and see how better I can style it, but otherwise like quality wise really really good. I've heard that Cider is pretty good though it's expensive, but quality is good and yeah, as per this top, I can attest that I'm really happy with this. Next top is this t-shirt. I'm still on the hunt for some more t-shirts that I can wear at home but also wear outside. So let's see how this pink t-shirt looks. Okay, I immediately love this top. I love the color. I love how minimal this print is. It is very soft. I love the fit like it fits perfectly here. The sleeves are just so just right for me and I think this may be a very content creator problem, but I like that the logo here is just very minimal and then all the artwork is at the back which is this fun like strawberry sorbet kind of design which I think is perfect for summers. Um content creator problem because a lot of times I make videos and brands are like this shirt should be solid or should I have no design or no pattern and then they're like oh I need to find a shirt with no design or pattern. So solved the problem. Oh my goodness, I love this color. I'm so happy with this. This baby pink color, the way it fits, um the way it falls on the body, how soft it is, everything 10 on 10. Next outfit is this funky shirt from The Souled Store. I have seen so much of The Souled Store but I've never picked up a single item from them yet. So this is going to be my first Souled Store item and I like the design. I'm very excited to try it. Okay, so this top I have a bit conflicted. Okay, so first off let me start with what I like. I love the stitching here which has pomodoro. I absolutely love the little detailing of this tomato and it's got like bead work. I don't know if you can see that very very pretty. The color is also nice. The fabric is like a um thicker kind of material. It's not a very thin cottony material. But I think what is conflicting me is kind of the fit of it. I don't know how to explain it, but this feels like a house shirt in terms of the silhouette. I'll have to return this cuz I I know myself and I know I won't be wearing this as much. Next t-shirt is this orange one from Tokyo Talkies. Love the color. Curious to see what the fit is like. Let's go. Um okay, this is like sticking to my body. Like it's that last plank on Titanic and like just holding on for life. Like that's what I feel like it's doing to my body. Flattering feminine kind of t-shirt. Uh I'm just concerned that it's a bit [clears throat] see-through and a bit tight. And also I'm scared that it will um shrink when I wash it. I've never used any from Tokyo Talkies so I don't know what the quality is like. Love the color though. Um love this kind of orange, but man, I don't know. Something about the fit is just not vibing with me and I don't like it as much. And my new philosophy with clothes is if I'm not like wow when I wear it or I don't feel great, I'm not going to keep it because there's no point of just like holding stuff. Uh I'm going to keep it only if I really like it. This does not make the cut so it's going back. Final piece in this delivery is one I'm really excited for. It's this purple halter neck dress that oh I just love it and I just hope it lives up to what my expectations are. Okay. Um First of all, this dress took me forever to put on because I could not figure out how to put it. It has like a knotted thing here. Okay, and that gets like tied up at the back. You see here? With these buttons I could only manage to put the first and the last. And my advice to you if you're getting this is unbutton it first and then put it on and then twist it somehow and put it. Um look, I love the color. I love the silhouette. I just love like halter neck stuff is something I am really enjoying these days and I was really looking for a halter neck top. Uh however, this is like a bit too tight. It's like choking me. Um and let me see I don't know if I have buttoned it wrong or what and if I can adjust it, but otherwise otherwise let's get to the good parts. Comes with these pants and it's like a long tunic. It has pockets. And just overall I am kind of torn between it is it looking like a towel that I have wrapped or is it giving a little bit of flare and a little drama which I usually like from my clothes. Let me add some earrings and show you. Kind of liking it but also not fully sure. Confusion, confusion. It has everything that I like in a outfit. I love that it has a dramatic neckline. It has a breezy silhouette. It has a bit dramatic silhouette also and it's solid. And for some reason these three things uh in totality are quite hard to find in outfits. Like trust me, I spent a lot of time scrolling on Myntra looking for something similar to this. So I'm going to I think I'm going to keep this. I'm going to find a way to make it work and look better, but yeah, in any case you know of other brands that do kind of outfits like this, please let me know. I'm going mad trying to find interesting off-beat outfits. Um but yeah, let me do a final twirl. I'm really feeling myself. I'm going to keep this. Uh I have one last thing to show you. These pants from Kazo, flared pants. I got it supposed to be purple, but anyway I love this color. If you're someone like me who has your heavier on your waist and you have thicker thighs, this kind of flare is extremely extremely flattering for the body type. It makes you look like more curvy. The material it's so thin and soft and comfortable on the skin. I really really like that part of it. Um it has two pockets which I love, but these are mesh pockets. I'm not a fan of the mesh pocket cuz I have an orange phone and it just sticks out when I put in my mesh pocket. But otherwise, you know, whatever, it's fine. Yeah, and it has like a cute little pocket here also. Um but my only only only issue with it is that it is just way too long. Like this excess part always drags on the floor behind me and it's a kind of material where I don't think I can shorten it also because it's kind of a very like a workout material, but uh not a sweaty workout material in the sense that I feel comfortable enough to wear it at home. Uh but I don't want to put stitches in it. I don't know. Does that make sense? Um but yeah. And I'm 5'2, okay. I am the I think average height of Indian women and so I know that they have a tall version also on the website which I'm wondering like how tall are the women there, but this is just it just this this being so long irritates me and yeah, I wish it's just shorter. Even if I pull it up high as high as I can, it's just it's just too long. Like do you see it goes below my chappal and drags all the dirt and dust everywhere I go. So it's hard to wear it on walks. So that was my mini Myntra haul. I hope you enjoyed the video. Um what were your favorite pieces? Let me know in the comments. Was there anything that I returned that you think I should have kept or anything that I kept that you think I should have returned? Like seriously don't tell. It'll be full regret then. Uh but anyway, no, honestly like genuinely love the comment section. Um excited to see you there. All the outfits are linked within the video itself if you want to check it out and I will see you in my next video. Bye. >> [music]",2026-08-20T21:05:56.445841
YouTube,"Myntra & Nykaa Fashion Sale Haul | summer tshirts, shimmery pants, jumpsuits, event outfits",https://www.youtube.com/watch?v=P0y-9-BH0N0,@aditiprakash26,"Hi, I would love it you could consider environmental and labour standards followed by these clothing brands. Esp. fast fashion ones. Clothes are not just about aesthetics or price, but is it enough to stay at this level. Grappling with this, would love to hear your views on this. The documentaries on factories where some of these clothes are made makes my stomach churn.",Ugx65jRlvHrOwGepmCd4AaABAg,3,1776699356.44737,"and shimmery. Yeah. I just realized I messed up big time. Okay, a little backstory to this. Am I being delulu? Hello and welcome to a shopping haul after a very long time. I rarely buy clothes until unless I really need to and this time it's of two extremes. One is t-shirts to wear at home and the other is formal business casual to wear for an event. Let's try them out together. These are mostly from Myntra and Nykaa Fashion and I will link all of these clothes below. First is this t-shirt from Adidas that looked comfortable. I like the color and is more of a Well, something I can wear at home but also would not look shabby if I go outside. Let's try it out. Okay, first of all, it is really soft. I really like the color. Not a surprise because it's purple. But but but, it is a bit cropped. So, if I raise my hands like this, you can see my stomach a little bit and I'm not sure if it would be the most comfortable thing to wear. I don't like the sleeves. Like I don't like the length of these sleeves. Something feels a little uncomfortable about it. But, color very nice. Fabric really good. I just don't like this kind of boxy fit and so I think yeah, I'll be returning it but I have one other shirt from Adidas. Quality is really good. It's held up like through multiple washes. Quality I can assure you 100% will be great but this is I'm just not liking it as much. Next is this t-shirt from H&M. H&M had like a crazy sale. Generally, H&M is like okay, fine quality but because it was on discount I picked it up. So, let's see how it looks. Woo! Okay, so this is I mean, it's soft. It's nice. It's like a basic navy t-shirt. Um but I am not liking this as much because because I feel like it's a bit too tight and a bit too body hugging for my personal comfort for wearing at home. Like it doesn't feel as comfortable. So, I will be returning this one as well. This next top is also from H&M. Also was on a good discount. Let's try it on. Okay. Um this shirt I really like. I like the fit. I like how it feels on my body. It's quite soft and also now I know why every other color was sold out and this gray was the only one left. It's a very basic no-nonsense t-shirt. Fits well. Stands well on my body. I feel very very comfortable in it. I can definitely see myself wearing it. It was on discount so woo, keeping this. I think I'm done with all the t-shirts and I have some of the fancy clothes to try on now which I'm most excited about. Start first with this beautiful jumpsuit from H&M. This is what I'm thinking for one of my events. It's a mix of both pretty edgy and a bit formal. Don't know how it look on my body so let's check it out. Okay, I think I messed up because >> [sighs] [laughter] >> I think I ordered the small size. Though I'm pretty sure I ordered like a medium but it's a small that's come. Maybe my mistake. Most probably my mistake. But, I think I need your advice on whether you think I should still get a medium size or one in my correct size. Like do you think this jumpsuit is nice enough? I thought this color would be better suiting me but now I'm leaning towards more brighter jewel tones rather than more muted colors and I feel like this color is a bit dull for me. Like it's like a rust color which I'm like okay with. Let me start with the things that I do like. I like this little gold accent here which means I can get like a wear chunky gold earrings to complete the look. I'm not liking the color as much. Silhouette is great in the sense that I find it to and it is perfect length for me. I've never had something so perfectly length-wise. Usually it's too long and I love it. Um but I'm just like a I think I think I'll exchange it for a longer size. I'm just curious to see what it look like when it would actually fit me and I don't have to hold it up like this and like struggle. Next is a set of chamkila pants. I have a lot of basic black and white tops. Like a lot of body suits and I always feel like oh, I wish I had a shimmery pant to go with that to just do jush up the look and that's what I did. So, let's see if these shimmery pants are worth it. They're looking really nice in this video. Look at that. Shimmer shimmer. Shimmer shimmer. This would look so nice with like a body suit. Like a black body suit or a white body suit and the fact that it's turquoise really helps but I have two issues. One is that this waist is elastic and I'm afraid it's not going to give me that nice neat look and also it's jutting out at the back here. I don't know if you can see it. Doesn't give that clean finished look. Secondly, um it is Let me stand on the bed for this. If I'm wearing heels, it's fine but if I'm just standing, it's a bit too long for me even if I pull it up really high. So, I'm >> [snorts] >> I love I mean, I love how glittery it is and shimmery. Yeah, but I am not 100% convinced about this and it is a fair bit expensive even after discount so I think I'm going to return this. Let's try the next chamkila pant. Okay, [snorts] this one I am liking so much more. Um let me climb on the bed again to show you the length. It's not too long. Length is great. I like that it is tailored in the sense that it has a zip and it's an enclosure rather than being an elastic. I like that it has pockets. Always a positive in my book. I don't know why this one feels a little bit cheap or maybe it's the glitter sequence. I don't know what it is about it that's making it feel a bit cheap. And I also I don't know. I feel like if it was better fitted, like again, this one also is having the gap at the back and maybe that's why it's causing the weird around the crotch area. Um I am not like too happy with this one either. Am I like overthinking it? Please let me know but something about this is giving a bit tacky to me personally. I like the chamkila-ness of the previous one better. I thought it was like so much more fun. I would have definitely wear that if it was better fitted and not as long. But yeah, I think I'm going to have to return this one too. I unfortunately don't like it as much. Next up is a crazy outfit, I think. I somehow thought it would go with these pants. Oh! I like this blazer. It's so warm in this blazer but I do I feel like a boss woman. A boss lady. It fits me It fits me really well. It has shoulder pads also. Wow! I love the silhouette. I love the tailoring. It looks very very flattering on a female body. But my only this thing is so warm. It's so thick. Like it's like a proper blazer, you know? It's not like those flimsy dressy blazers. It's like a legit blazer and it's too hot for that. Summer has begun. There is something in me telling me that I'm going to wear this one day in the future when I have my own business or something and I've been like a miss CEO and I just I really like this. I really really like this. Am I being delulu? I love this. If it makes me this happy, I'm going to keep it. My god, I just realized I messed up big time. 13,000 for just the blazer. I thought I was getting the whole outfit for 13,000 and I was like oh, okay. It's an investment cuz I'll wear it for future events and it's an important event so I need a good outfit. Oh, no. 13,000 for a blazer. Okay, this is though like the most I spent on any outfit, I think and so it's like that's why I'm freaking out a bit. Oh, it was on discount. Like it was for 8,000. BRB. >> [music] >> Few more packages that have come in. So, let's start with Okay, let's start with something I'm excited about. This mesh top which I think will go well with a lot of black dresses that I have. Let's go. Okay, a little backstory to this. I was looking for something like this for quite some time. Mainly because I want to wear a lace top like this underneath a lot of black dresses that I have that are a bit more cleavage-y or deep that I don't feel too comfortable. Like when you go in public, like everyone is like either staring or whatever. Like everyone has their own reasons for feeling uncomfortable. So, for me I wanted something that could make those dresses work and I really liked these kind of floral lace tops. Now, I thought this would be pretty easy to find but I searched a lot. I searched on Amazon, all of these websites and the only kind of lace that you get is was this very busy lace patterns, floral lace patterns that I feel like is maybe five or six years old in terms of fashion. This delicate kind of floral I found it only on Cider, on Nykaa Fashion and it was quite expensive. Again, I waited for the sale. It was on my wish list for the longest time. I really really really like this. I love the material. I love the quality and it is so delicate and so pretty and I can't wait to wear it with uh more outfits and see how better I can style it, but otherwise like quality wise really really good. I've heard that Cider is pretty good though it's expensive, but quality is good and yeah, as per this top, I can attest that I'm really happy with this. Next top is this t-shirt. I'm still on the hunt for some more t-shirts that I can wear at home but also wear outside. So let's see how this pink t-shirt looks. Okay, I immediately love this top. I love the color. I love how minimal this print is. It is very soft. I love the fit like it fits perfectly here. The sleeves are just so just right for me and I think this may be a very content creator problem, but I like that the logo here is just very minimal and then all the artwork is at the back which is this fun like strawberry sorbet kind of design which I think is perfect for summers. Um content creator problem because a lot of times I make videos and brands are like this shirt should be solid or should I have no design or no pattern and then they're like oh I need to find a shirt with no design or pattern. So solved the problem. Oh my goodness, I love this color. I'm so happy with this. This baby pink color, the way it fits, um the way it falls on the body, how soft it is, everything 10 on 10. Next outfit is this funky shirt from The Souled Store. I have seen so much of The Souled Store but I've never picked up a single item from them yet. So this is going to be my first Souled Store item and I like the design. I'm very excited to try it. Okay, so this top I have a bit conflicted. Okay, so first off let me start with what I like. I love the stitching here which has pomodoro. I absolutely love the little detailing of this tomato and it's got like bead work. I don't know if you can see that very very pretty. The color is also nice. The fabric is like a um thicker kind of material. It's not a very thin cottony material. But I think what is conflicting me is kind of the fit of it. I don't know how to explain it, but this feels like a house shirt in terms of the silhouette. I'll have to return this cuz I I know myself and I know I won't be wearing this as much. Next t-shirt is this orange one from Tokyo Talkies. Love the color. Curious to see what the fit is like. Let's go. Um okay, this is like sticking to my body. Like it's that last plank on Titanic and like just holding on for life. Like that's what I feel like it's doing to my body. Flattering feminine kind of t-shirt. Uh I'm just concerned that it's a bit [clears throat] see-through and a bit tight. And also I'm scared that it will um shrink when I wash it. I've never used any from Tokyo Talkies so I don't know what the quality is like. Love the color though. Um love this kind of orange, but man, I don't know. Something about the fit is just not vibing with me and I don't like it as much. And my new philosophy with clothes is if I'm not like wow when I wear it or I don't feel great, I'm not going to keep it because there's no point of just like holding stuff. Uh I'm going to keep it only if I really like it. This does not make the cut so it's going back. Final piece in this delivery is one I'm really excited for. It's this purple halter neck dress that oh I just love it and I just hope it lives up to what my expectations are. Okay. Um First of all, this dress took me forever to put on because I could not figure out how to put it. It has like a knotted thing here. Okay, and that gets like tied up at the back. You see here? With these buttons I could only manage to put the first and the last. And my advice to you if you're getting this is unbutton it first and then put it on and then twist it somehow and put it. Um look, I love the color. I love the silhouette. I just love like halter neck stuff is something I am really enjoying these days and I was really looking for a halter neck top. Uh however, this is like a bit too tight. It's like choking me. Um and let me see I don't know if I have buttoned it wrong or what and if I can adjust it, but otherwise otherwise let's get to the good parts. Comes with these pants and it's like a long tunic. It has pockets. And just overall I am kind of torn between it is it looking like a towel that I have wrapped or is it giving a little bit of flare and a little drama which I usually like from my clothes. Let me add some earrings and show you. Kind of liking it but also not fully sure. Confusion, confusion. It has everything that I like in a outfit. I love that it has a dramatic neckline. It has a breezy silhouette. It has a bit dramatic silhouette also and it's solid. And for some reason these three things uh in totality are quite hard to find in outfits. Like trust me, I spent a lot of time scrolling on Myntra looking for something similar to this. So I'm going to I think I'm going to keep this. I'm going to find a way to make it work and look better, but yeah, in any case you know of other brands that do kind of outfits like this, please let me know. I'm going mad trying to find interesting off-beat outfits. Um but yeah, let me do a final twirl. I'm really feeling myself. I'm going to keep this. Uh I have one last thing to show you. These pants from Kazo, flared pants. I got it supposed to be purple, but anyway I love this color. If you're someone like me who has your heavier on your waist and you have thicker thighs, this kind of flare is extremely extremely flattering for the body type. It makes you look like more curvy. The material it's so thin and soft and comfortable on the skin. I really really like that part of it. Um it has two pockets which I love, but these are mesh pockets. I'm not a fan of the mesh pocket cuz I have an orange phone and it just sticks out when I put in my mesh pocket. But otherwise, you know, whatever, it's fine. Yeah, and it has like a cute little pocket here also. Um but my only only only issue with it is that it is just way too long. Like this excess part always drags on the floor behind me and it's a kind of material where I don't think I can shorten it also because it's kind of a very like a workout material, but uh not a sweaty workout material in the sense that I feel comfortable enough to wear it at home. Uh but I don't want to put stitches in it. I don't know. Does that make sense? Um but yeah. And I'm 5'2, okay. I am the I think average height of Indian women and so I know that they have a tall version also on the website which I'm wondering like how tall are the women there, but this is just it just this this being so long irritates me and yeah, I wish it's just shorter. Even if I pull it up high as high as I can, it's just it's just too long. Like do you see it goes below my chappal and drags all the dirt and dust everywhere I go. So it's hard to wear it on walks. So that was my mini Myntra haul. I hope you enjoyed the video. Um what were your favorite pieces? Let me know in the comments. Was there anything that I returned that you think I should have kept or anything that I kept that you think I should have returned? Like seriously don't tell. It'll be full regret then. Uh but anyway, no, honestly like genuinely love the comment section. Um excited to see you there. All the outfits are linked within the video itself if you want to check it out and I will see you in my next video. Bye. >> [music]",2026-08-20T21:05:56.447470
YouTube,"Myntra & Nykaa Fashion Sale Haul | summer tshirts, shimmery pants, jumpsuits, event outfits",https://www.youtube.com/watch?v=P0y-9-BH0N0,@Param-wc1uo,"The purple halter co ord looks so so so so good on you 
It’s edgy and different abd beautiful keep it",Ugy-WhWSXb0ahQW1SaN4AaABAg,1,1776699356.448982,"and shimmery. Yeah. I just realized I messed up big time. Okay, a little backstory to this. Am I being delulu? Hello and welcome to a shopping haul after a very long time. I rarely buy clothes until unless I really need to and this time it's of two extremes. One is t-shirts to wear at home and the other is formal business casual to wear for an event. Let's try them out together. These are mostly from Myntra and Nykaa Fashion and I will link all of these clothes below. First is this t-shirt from Adidas that looked comfortable. I like the color and is more of a Well, something I can wear at home but also would not look shabby if I go outside. Let's try it out. Okay, first of all, it is really soft. I really like the color. Not a surprise because it's purple. But but but, it is a bit cropped. So, if I raise my hands like this, you can see my stomach a little bit and I'm not sure if it would be the most comfortable thing to wear. I don't like the sleeves. Like I don't like the length of these sleeves. Something feels a little uncomfortable about it. But, color very nice. Fabric really good. I just don't like this kind of boxy fit and so I think yeah, I'll be returning it but I have one other shirt from Adidas. Quality is really good. It's held up like through multiple washes. Quality I can assure you 100% will be great but this is I'm just not liking it as much. Next is this t-shirt from H&M. H&M had like a crazy sale. Generally, H&M is like okay, fine quality but because it was on discount I picked it up. So, let's see how it looks. Woo! Okay, so this is I mean, it's soft. It's nice. It's like a basic navy t-shirt. Um but I am not liking this as much because because I feel like it's a bit too tight and a bit too body hugging for my personal comfort for wearing at home. Like it doesn't feel as comfortable. So, I will be returning this one as well. This next top is also from H&M. Also was on a good discount. Let's try it on. Okay. Um this shirt I really like. I like the fit. I like how it feels on my body. It's quite soft and also now I know why every other color was sold out and this gray was the only one left. It's a very basic no-nonsense t-shirt. Fits well. Stands well on my body. I feel very very comfortable in it. I can definitely see myself wearing it. It was on discount so woo, keeping this. I think I'm done with all the t-shirts and I have some of the fancy clothes to try on now which I'm most excited about. Start first with this beautiful jumpsuit from H&M. This is what I'm thinking for one of my events. It's a mix of both pretty edgy and a bit formal. Don't know how it look on my body so let's check it out. Okay, I think I messed up because >> [sighs] [laughter] >> I think I ordered the small size. Though I'm pretty sure I ordered like a medium but it's a small that's come. Maybe my mistake. Most probably my mistake. But, I think I need your advice on whether you think I should still get a medium size or one in my correct size. Like do you think this jumpsuit is nice enough? I thought this color would be better suiting me but now I'm leaning towards more brighter jewel tones rather than more muted colors and I feel like this color is a bit dull for me. Like it's like a rust color which I'm like okay with. Let me start with the things that I do like. I like this little gold accent here which means I can get like a wear chunky gold earrings to complete the look. I'm not liking the color as much. Silhouette is great in the sense that I find it to and it is perfect length for me. I've never had something so perfectly length-wise. Usually it's too long and I love it. Um but I'm just like a I think I think I'll exchange it for a longer size. I'm just curious to see what it look like when it would actually fit me and I don't have to hold it up like this and like struggle. Next is a set of chamkila pants. I have a lot of basic black and white tops. Like a lot of body suits and I always feel like oh, I wish I had a shimmery pant to go with that to just do jush up the look and that's what I did. So, let's see if these shimmery pants are worth it. They're looking really nice in this video. Look at that. Shimmer shimmer. Shimmer shimmer. This would look so nice with like a body suit. Like a black body suit or a white body suit and the fact that it's turquoise really helps but I have two issues. One is that this waist is elastic and I'm afraid it's not going to give me that nice neat look and also it's jutting out at the back here. I don't know if you can see it. Doesn't give that clean finished look. Secondly, um it is Let me stand on the bed for this. If I'm wearing heels, it's fine but if I'm just standing, it's a bit too long for me even if I pull it up really high. So, I'm >> [snorts] >> I love I mean, I love how glittery it is and shimmery. Yeah, but I am not 100% convinced about this and it is a fair bit expensive even after discount so I think I'm going to return this. Let's try the next chamkila pant. Okay, [snorts] this one I am liking so much more. Um let me climb on the bed again to show you the length. It's not too long. Length is great. I like that it is tailored in the sense that it has a zip and it's an enclosure rather than being an elastic. I like that it has pockets. Always a positive in my book. I don't know why this one feels a little bit cheap or maybe it's the glitter sequence. I don't know what it is about it that's making it feel a bit cheap. And I also I don't know. I feel like if it was better fitted, like again, this one also is having the gap at the back and maybe that's why it's causing the weird around the crotch area. Um I am not like too happy with this one either. Am I like overthinking it? Please let me know but something about this is giving a bit tacky to me personally. I like the chamkila-ness of the previous one better. I thought it was like so much more fun. I would have definitely wear that if it was better fitted and not as long. But yeah, I think I'm going to have to return this one too. I unfortunately don't like it as much. Next up is a crazy outfit, I think. I somehow thought it would go with these pants. Oh! I like this blazer. It's so warm in this blazer but I do I feel like a boss woman. A boss lady. It fits me It fits me really well. It has shoulder pads also. Wow! I love the silhouette. I love the tailoring. It looks very very flattering on a female body. But my only this thing is so warm. It's so thick. Like it's like a proper blazer, you know? It's not like those flimsy dressy blazers. It's like a legit blazer and it's too hot for that. Summer has begun. There is something in me telling me that I'm going to wear this one day in the future when I have my own business or something and I've been like a miss CEO and I just I really like this. I really really like this. Am I being delulu? I love this. If it makes me this happy, I'm going to keep it. My god, I just realized I messed up big time. 13,000 for just the blazer. I thought I was getting the whole outfit for 13,000 and I was like oh, okay. It's an investment cuz I'll wear it for future events and it's an important event so I need a good outfit. Oh, no. 13,000 for a blazer. Okay, this is though like the most I spent on any outfit, I think and so it's like that's why I'm freaking out a bit. Oh, it was on discount. Like it was for 8,000. BRB. >> [music] >> Few more packages that have come in. So, let's start with Okay, let's start with something I'm excited about. This mesh top which I think will go well with a lot of black dresses that I have. Let's go. Okay, a little backstory to this. I was looking for something like this for quite some time. Mainly because I want to wear a lace top like this underneath a lot of black dresses that I have that are a bit more cleavage-y or deep that I don't feel too comfortable. Like when you go in public, like everyone is like either staring or whatever. Like everyone has their own reasons for feeling uncomfortable. So, for me I wanted something that could make those dresses work and I really liked these kind of floral lace tops. Now, I thought this would be pretty easy to find but I searched a lot. I searched on Amazon, all of these websites and the only kind of lace that you get is was this very busy lace patterns, floral lace patterns that I feel like is maybe five or six years old in terms of fashion. This delicate kind of floral I found it only on Cider, on Nykaa Fashion and it was quite expensive. Again, I waited for the sale. It was on my wish list for the longest time. I really really really like this. I love the material. I love the quality and it is so delicate and so pretty and I can't wait to wear it with uh more outfits and see how better I can style it, but otherwise like quality wise really really good. I've heard that Cider is pretty good though it's expensive, but quality is good and yeah, as per this top, I can attest that I'm really happy with this. Next top is this t-shirt. I'm still on the hunt for some more t-shirts that I can wear at home but also wear outside. So let's see how this pink t-shirt looks. Okay, I immediately love this top. I love the color. I love how minimal this print is. It is very soft. I love the fit like it fits perfectly here. The sleeves are just so just right for me and I think this may be a very content creator problem, but I like that the logo here is just very minimal and then all the artwork is at the back which is this fun like strawberry sorbet kind of design which I think is perfect for summers. Um content creator problem because a lot of times I make videos and brands are like this shirt should be solid or should I have no design or no pattern and then they're like oh I need to find a shirt with no design or pattern. So solved the problem. Oh my goodness, I love this color. I'm so happy with this. This baby pink color, the way it fits, um the way it falls on the body, how soft it is, everything 10 on 10. Next outfit is this funky shirt from The Souled Store. I have seen so much of The Souled Store but I've never picked up a single item from them yet. So this is going to be my first Souled Store item and I like the design. I'm very excited to try it. Okay, so this top I have a bit conflicted. Okay, so first off let me start with what I like. I love the stitching here which has pomodoro. I absolutely love the little detailing of this tomato and it's got like bead work. I don't know if you can see that very very pretty. The color is also nice. The fabric is like a um thicker kind of material. It's not a very thin cottony material. But I think what is conflicting me is kind of the fit of it. I don't know how to explain it, but this feels like a house shirt in terms of the silhouette. I'll have to return this cuz I I know myself and I know I won't be wearing this as much. Next t-shirt is this orange one from Tokyo Talkies. Love the color. Curious to see what the fit is like. Let's go. Um okay, this is like sticking to my body. Like it's that last plank on Titanic and like just holding on for life. Like that's what I feel like it's doing to my body. Flattering feminine kind of t-shirt. Uh I'm just concerned that it's a bit [clears throat] see-through and a bit tight. And also I'm scared that it will um shrink when I wash it. I've never used any from Tokyo Talkies so I don't know what the quality is like. Love the color though. Um love this kind of orange, but man, I don't know. Something about the fit is just not vibing with me and I don't like it as much. And my new philosophy with clothes is if I'm not like wow when I wear it or I don't feel great, I'm not going to keep it because there's no point of just like holding stuff. Uh I'm going to keep it only if I really like it. This does not make the cut so it's going back. Final piece in this delivery is one I'm really excited for. It's this purple halter neck dress that oh I just love it and I just hope it lives up to what my expectations are. Okay. Um First of all, this dress took me forever to put on because I could not figure out how to put it. It has like a knotted thing here. Okay, and that gets like tied up at the back. You see here? With these buttons I could only manage to put the first and the last. And my advice to you if you're getting this is unbutton it first and then put it on and then twist it somehow and put it. Um look, I love the color. I love the silhouette. I just love like halter neck stuff is something I am really enjoying these days and I was really looking for a halter neck top. Uh however, this is like a bit too tight. It's like choking me. Um and let me see I don't know if I have buttoned it wrong or what and if I can adjust it, but otherwise otherwise let's get to the good parts. Comes with these pants and it's like a long tunic. It has pockets. And just overall I am kind of torn between it is it looking like a towel that I have wrapped or is it giving a little bit of flare and a little drama which I usually like from my clothes. Let me add some earrings and show you. Kind of liking it but also not fully sure. Confusion, confusion. It has everything that I like in a outfit. I love that it has a dramatic neckline. It has a breezy silhouette. It has a bit dramatic silhouette also and it's solid. And for some reason these three things uh in totality are quite hard to find in outfits. Like trust me, I spent a lot of time scrolling on Myntra looking for something similar to this. So I'm going to I think I'm going to keep this. I'm going to find a way to make it work and look better, but yeah, in any case you know of other brands that do kind of outfits like this, please let me know. I'm going mad trying to find interesting off-beat outfits. Um but yeah, let me do a final twirl. I'm really feeling myself. I'm going to keep this. Uh I have one last thing to show you. These pants from Kazo, flared pants. I got it supposed to be purple, but anyway I love this color. If you're someone like me who has your heavier on your waist and you have thicker thighs, this kind of flare is extremely extremely flattering for the body type. It makes you look like more curvy. The material it's so thin and soft and comfortable on the skin. I really really like that part of it. Um it has two pockets which I love, but these are mesh pockets. I'm not a fan of the mesh pocket cuz I have an orange phone and it just sticks out when I put in my mesh pocket. But otherwise, you know, whatever, it's fine. Yeah, and it has like a cute little pocket here also. Um but my only only only issue with it is that it is just way too long. Like this excess part always drags on the floor behind me and it's a kind of material where I don't think I can shorten it also because it's kind of a very like a workout material, but uh not a sweaty workout material in the sense that I feel comfortable enough to wear it at home. Uh but I don't want to put stitches in it. I don't know. Does that make sense? Um but yeah. And I'm 5'2, okay. I am the I think average height of Indian women and so I know that they have a tall version also on the website which I'm wondering like how tall are the women there, but this is just it just this this being so long irritates me and yeah, I wish it's just shorter. Even if I pull it up high as high as I can, it's just it's just too long. Like do you see it goes below my chappal and drags all the dirt and dust everywhere I go. So it's hard to wear it on walks. So that was my mini Myntra haul. I hope you enjoyed the video. Um what were your favorite pieces? Let me know in the comments. Was there anything that I returned that you think I should have kept or anything that I kept that you think I should have returned? Like seriously don't tell. It'll be full regret then. Uh but anyway, no, honestly like genuinely love the comment section. Um excited to see you there. All the outfits are linked within the video itself if you want to check it out and I will see you in my next video. Bye. >> [music]",2026-08-20T21:05:56.449093
YouTube,"Myntra & Nykaa Fashion Sale Haul | summer tshirts, shimmery pants, jumpsuits, event outfits",https://www.youtube.com/watch?v=P0y-9-BH0N0,@shroooti,"orange shirt and purple pants, like an adult Dora haha",Ugz7kvuzz76MG1IDbnl4AaABAg,0,1776699356.450576,"and shimmery. Yeah. I just realized I messed up big time. Okay, a little backstory to this. Am I being delulu? Hello and welcome to a shopping haul after a very long time. I rarely buy clothes until unless I really need to and this time it's of two extremes. One is t-shirts to wear at home and the other is formal business casual to wear for an event. Let's try them out together. These are mostly from Myntra and Nykaa Fashion and I will link all of these clothes below. First is this t-shirt from Adidas that looked comfortable. I like the color and is more of a Well, something I can wear at home but also would not look shabby if I go outside. Let's try it out. Okay, first of all, it is really soft. I really like the color. Not a surprise because it's purple. But but but, it is a bit cropped. So, if I raise my hands like this, you can see my stomach a little bit and I'm not sure if it would be the most comfortable thing to wear. I don't like the sleeves. Like I don't like the length of these sleeves. Something feels a little uncomfortable about it. But, color very nice. Fabric really good. I just don't like this kind of boxy fit and so I think yeah, I'll be returning it but I have one other shirt from Adidas. Quality is really good. It's held up like through multiple washes. Quality I can assure you 100% will be great but this is I'm just not liking it as much. Next is this t-shirt from H&M. H&M had like a crazy sale. Generally, H&M is like okay, fine quality but because it was on discount I picked it up. So, let's see how it looks. Woo! Okay, so this is I mean, it's soft. It's nice. It's like a basic navy t-shirt. Um but I am not liking this as much because because I feel like it's a bit too tight and a bit too body hugging for my personal comfort for wearing at home. Like it doesn't feel as comfortable. So, I will be returning this one as well. This next top is also from H&M. Also was on a good discount. Let's try it on. Okay. Um this shirt I really like. I like the fit. I like how it feels on my body. It's quite soft and also now I know why every other color was sold out and this gray was the only one left. It's a very basic no-nonsense t-shirt. Fits well. Stands well on my body. I feel very very comfortable in it. I can definitely see myself wearing it. It was on discount so woo, keeping this. I think I'm done with all the t-shirts and I have some of the fancy clothes to try on now which I'm most excited about. Start first with this beautiful jumpsuit from H&M. This is what I'm thinking for one of my events. It's a mix of both pretty edgy and a bit formal. Don't know how it look on my body so let's check it out. Okay, I think I messed up because >> [sighs] [laughter] >> I think I ordered the small size. Though I'm pretty sure I ordered like a medium but it's a small that's come. Maybe my mistake. Most probably my mistake. But, I think I need your advice on whether you think I should still get a medium size or one in my correct size. Like do you think this jumpsuit is nice enough? I thought this color would be better suiting me but now I'm leaning towards more brighter jewel tones rather than more muted colors and I feel like this color is a bit dull for me. Like it's like a rust color which I'm like okay with. Let me start with the things that I do like. I like this little gold accent here which means I can get like a wear chunky gold earrings to complete the look. I'm not liking the color as much. Silhouette is great in the sense that I find it to and it is perfect length for me. I've never had something so perfectly length-wise. Usually it's too long and I love it. Um but I'm just like a I think I think I'll exchange it for a longer size. I'm just curious to see what it look like when it would actually fit me and I don't have to hold it up like this and like struggle. Next is a set of chamkila pants. I have a lot of basic black and white tops. Like a lot of body suits and I always feel like oh, I wish I had a shimmery pant to go with that to just do jush up the look and that's what I did. So, let's see if these shimmery pants are worth it. They're looking really nice in this video. Look at that. Shimmer shimmer. Shimmer shimmer. This would look so nice with like a body suit. Like a black body suit or a white body suit and the fact that it's turquoise really helps but I have two issues. One is that this waist is elastic and I'm afraid it's not going to give me that nice neat look and also it's jutting out at the back here. I don't know if you can see it. Doesn't give that clean finished look. Secondly, um it is Let me stand on the bed for this. If I'm wearing heels, it's fine but if I'm just standing, it's a bit too long for me even if I pull it up really high. So, I'm >> [snorts] >> I love I mean, I love how glittery it is and shimmery. Yeah, but I am not 100% convinced about this and it is a fair bit expensive even after discount so I think I'm going to return this. Let's try the next chamkila pant. Okay, [snorts] this one I am liking so much more. Um let me climb on the bed again to show you the length. It's not too long. Length is great. I like that it is tailored in the sense that it has a zip and it's an enclosure rather than being an elastic. I like that it has pockets. Always a positive in my book. I don't know why this one feels a little bit cheap or maybe it's the glitter sequence. I don't know what it is about it that's making it feel a bit cheap. And I also I don't know. I feel like if it was better fitted, like again, this one also is having the gap at the back and maybe that's why it's causing the weird around the crotch area. Um I am not like too happy with this one either. Am I like overthinking it? Please let me know but something about this is giving a bit tacky to me personally. I like the chamkila-ness of the previous one better. I thought it was like so much more fun. I would have definitely wear that if it was better fitted and not as long. But yeah, I think I'm going to have to return this one too. I unfortunately don't like it as much. Next up is a crazy outfit, I think. I somehow thought it would go with these pants. Oh! I like this blazer. It's so warm in this blazer but I do I feel like a boss woman. A boss lady. It fits me It fits me really well. It has shoulder pads also. Wow! I love the silhouette. I love the tailoring. It looks very very flattering on a female body. But my only this thing is so warm. It's so thick. Like it's like a proper blazer, you know? It's not like those flimsy dressy blazers. It's like a legit blazer and it's too hot for that. Summer has begun. There is something in me telling me that I'm going to wear this one day in the future when I have my own business or something and I've been like a miss CEO and I just I really like this. I really really like this. Am I being delulu? I love this. If it makes me this happy, I'm going to keep it. My god, I just realized I messed up big time. 13,000 for just the blazer. I thought I was getting the whole outfit for 13,000 and I was like oh, okay. It's an investment cuz I'll wear it for future events and it's an important event so I need a good outfit. Oh, no. 13,000 for a blazer. Okay, this is though like the most I spent on any outfit, I think and so it's like that's why I'm freaking out a bit. Oh, it was on discount. Like it was for 8,000. BRB. >> [music] >> Few more packages that have come in. So, let's start with Okay, let's start with something I'm excited about. This mesh top which I think will go well with a lot of black dresses that I have. Let's go. Okay, a little backstory to this. I was looking for something like this for quite some time. Mainly because I want to wear a lace top like this underneath a lot of black dresses that I have that are a bit more cleavage-y or deep that I don't feel too comfortable. Like when you go in public, like everyone is like either staring or whatever. Like everyone has their own reasons for feeling uncomfortable. So, for me I wanted something that could make those dresses work and I really liked these kind of floral lace tops. Now, I thought this would be pretty easy to find but I searched a lot. I searched on Amazon, all of these websites and the only kind of lace that you get is was this very busy lace patterns, floral lace patterns that I feel like is maybe five or six years old in terms of fashion. This delicate kind of floral I found it only on Cider, on Nykaa Fashion and it was quite expensive. Again, I waited for the sale. It was on my wish list for the longest time. I really really really like this. I love the material. I love the quality and it is so delicate and so pretty and I can't wait to wear it with uh more outfits and see how better I can style it, but otherwise like quality wise really really good. I've heard that Cider is pretty good though it's expensive, but quality is good and yeah, as per this top, I can attest that I'm really happy with this. Next top is this t-shirt. I'm still on the hunt for some more t-shirts that I can wear at home but also wear outside. So let's see how this pink t-shirt looks. Okay, I immediately love this top. I love the color. I love how minimal this print is. It is very soft. I love the fit like it fits perfectly here. The sleeves are just so just right for me and I think this may be a very content creator problem, but I like that the logo here is just very minimal and then all the artwork is at the back which is this fun like strawberry sorbet kind of design which I think is perfect for summers. Um content creator problem because a lot of times I make videos and brands are like this shirt should be solid or should I have no design or no pattern and then they're like oh I need to find a shirt with no design or pattern. So solved the problem. Oh my goodness, I love this color. I'm so happy with this. This baby pink color, the way it fits, um the way it falls on the body, how soft it is, everything 10 on 10. Next outfit is this funky shirt from The Souled Store. I have seen so much of The Souled Store but I've never picked up a single item from them yet. So this is going to be my first Souled Store item and I like the design. I'm very excited to try it. Okay, so this top I have a bit conflicted. Okay, so first off let me start with what I like. I love the stitching here which has pomodoro. I absolutely love the little detailing of this tomato and it's got like bead work. I don't know if you can see that very very pretty. The color is also nice. The fabric is like a um thicker kind of material. It's not a very thin cottony material. But I think what is conflicting me is kind of the fit of it. I don't know how to explain it, but this feels like a house shirt in terms of the silhouette. I'll have to return this cuz I I know myself and I know I won't be wearing this as much. Next t-shirt is this orange one from Tokyo Talkies. Love the color. Curious to see what the fit is like. Let's go. Um okay, this is like sticking to my body. Like it's that last plank on Titanic and like just holding on for life. Like that's what I feel like it's doing to my body. Flattering feminine kind of t-shirt. Uh I'm just concerned that it's a bit [clears throat] see-through and a bit tight. And also I'm scared that it will um shrink when I wash it. I've never used any from Tokyo Talkies so I don't know what the quality is like. Love the color though. Um love this kind of orange, but man, I don't know. Something about the fit is just not vibing with me and I don't like it as much. And my new philosophy with clothes is if I'm not like wow when I wear it or I don't feel great, I'm not going to keep it because there's no point of just like holding stuff. Uh I'm going to keep it only if I really like it. This does not make the cut so it's going back. Final piece in this delivery is one I'm really excited for. It's this purple halter neck dress that oh I just love it and I just hope it lives up to what my expectations are. Okay. Um First of all, this dress took me forever to put on because I could not figure out how to put it. It has like a knotted thing here. Okay, and that gets like tied up at the back. You see here? With these buttons I could only manage to put the first and the last. And my advice to you if you're getting this is unbutton it first and then put it on and then twist it somehow and put it. Um look, I love the color. I love the silhouette. I just love like halter neck stuff is something I am really enjoying these days and I was really looking for a halter neck top. Uh however, this is like a bit too tight. It's like choking me. Um and let me see I don't know if I have buttoned it wrong or what and if I can adjust it, but otherwise otherwise let's get to the good parts. Comes with these pants and it's like a long tunic. It has pockets. And just overall I am kind of torn between it is it looking like a towel that I have wrapped or is it giving a little bit of flare and a little drama which I usually like from my clothes. Let me add some earrings and show you. Kind of liking it but also not fully sure. Confusion, confusion. It has everything that I like in a outfit. I love that it has a dramatic neckline. It has a breezy silhouette. It has a bit dramatic silhouette also and it's solid. And for some reason these three things uh in totality are quite hard to find in outfits. Like trust me, I spent a lot of time scrolling on Myntra looking for something similar to this. So I'm going to I think I'm going to keep this. I'm going to find a way to make it work and look better, but yeah, in any case you know of other brands that do kind of outfits like this, please let me know. I'm going mad trying to find interesting off-beat outfits. Um but yeah, let me do a final twirl. I'm really feeling myself. I'm going to keep this. Uh I have one last thing to show you. These pants from Kazo, flared pants. I got it supposed to be purple, but anyway I love this color. If you're someone like me who has your heavier on your waist and you have thicker thighs, this kind of flare is extremely extremely flattering for the body type. It makes you look like more curvy. The material it's so thin and soft and comfortable on the skin. I really really like that part of it. Um it has two pockets which I love, but these are mesh pockets. I'm not a fan of the mesh pocket cuz I have an orange phone and it just sticks out when I put in my mesh pocket. But otherwise, you know, whatever, it's fine. Yeah, and it has like a cute little pocket here also. Um but my only only only issue with it is that it is just way too long. Like this excess part always drags on the floor behind me and it's a kind of material where I don't think I can shorten it also because it's kind of a very like a workout material, but uh not a sweaty workout material in the sense that I feel comfortable enough to wear it at home. Uh but I don't want to put stitches in it. I don't know. Does that make sense? Um but yeah. And I'm 5'2, okay. I am the I think average height of Indian women and so I know that they have a tall version also on the website which I'm wondering like how tall are the women there, but this is just it just this this being so long irritates me and yeah, I wish it's just shorter. Even if I pull it up high as high as I can, it's just it's just too long. Like do you see it goes below my chappal and drags all the dirt and dust everywhere I go. So it's hard to wear it on walks. So that was my mini Myntra haul. I hope you enjoyed the video. Um what were your favorite pieces? Let me know in the comments. Was there anything that I returned that you think I should have kept or anything that I kept that you think I should have returned? Like seriously don't tell. It'll be full regret then. Uh but anyway, no, honestly like genuinely love the comment section. Um excited to see you there. All the outfits are linked within the video itself if you want to check it out and I will see you in my next video. Bye. >> [music]",2026-08-20T21:05:56.450673
YouTube,"Myntra & Nykaa Fashion Sale Haul | summer tshirts, shimmery pants, jumpsuits, event outfits",https://www.youtube.com/watch?v=P0y-9-BH0N0,@sharonrosepaul8528,The souled store tshirt looked so good!,UgyXDAqzh6xTO_uaowJ4AaABAg,7,1776699356.452173,"and shimmery. Yeah. I just realized I messed up big time. Okay, a little backstory to this. Am I being delulu? Hello and welcome to a shopping haul after a very long time. I rarely buy clothes until unless I really need to and this time it's of two extremes. One is t-shirts to wear at home and the other is formal business casual to wear for an event. Let's try them out together. These are mostly from Myntra and Nykaa Fashion and I will link all of these clothes below. First is this t-shirt from Adidas that looked comfortable. I like the color and is more of a Well, something I can wear at home but also would not look shabby if I go outside. Let's try it out. Okay, first of all, it is really soft. I really like the color. Not a surprise because it's purple. But but but, it is a bit cropped. So, if I raise my hands like this, you can see my stomach a little bit and I'm not sure if it would be the most comfortable thing to wear. I don't like the sleeves. Like I don't like the length of these sleeves. Something feels a little uncomfortable about it. But, color very nice. Fabric really good. I just don't like this kind of boxy fit and so I think yeah, I'll be returning it but I have one other shirt from Adidas. Quality is really good. It's held up like through multiple washes. Quality I can assure you 100% will be great but this is I'm just not liking it as much. Next is this t-shirt from H&M. H&M had like a crazy sale. Generally, H&M is like okay, fine quality but because it was on discount I picked it up. So, let's see how it looks. Woo! Okay, so this is I mean, it's soft. It's nice. It's like a basic navy t-shirt. Um but I am not liking this as much because because I feel like it's a bit too tight and a bit too body hugging for my personal comfort for wearing at home. Like it doesn't feel as comfortable. So, I will be returning this one as well. This next top is also from H&M. Also was on a good discount. Let's try it on. Okay. Um this shirt I really like. I like the fit. I like how it feels on my body. It's quite soft and also now I know why every other color was sold out and this gray was the only one left. It's a very basic no-nonsense t-shirt. Fits well. Stands well on my body. I feel very very comfortable in it. I can definitely see myself wearing it. It was on discount so woo, keeping this. I think I'm done with all the t-shirts and I have some of the fancy clothes to try on now which I'm most excited about. Start first with this beautiful jumpsuit from H&M. This is what I'm thinking for one of my events. It's a mix of both pretty edgy and a bit formal. Don't know how it look on my body so let's check it out. Okay, I think I messed up because >> [sighs] [laughter] >> I think I ordered the small size. Though I'm pretty sure I ordered like a medium but it's a small that's come. Maybe my mistake. Most probably my mistake. But, I think I need your advice on whether you think I should still get a medium size or one in my correct size. Like do you think this jumpsuit is nice enough? I thought this color would be better suiting me but now I'm leaning towards more brighter jewel tones rather than more muted colors and I feel like this color is a bit dull for me. Like it's like a rust color which I'm like okay with. Let me start with the things that I do like. I like this little gold accent here which means I can get like a wear chunky gold earrings to complete the look. I'm not liking the color as much. Silhouette is great in the sense that I find it to and it is perfect length for me. I've never had something so perfectly length-wise. Usually it's too long and I love it. Um but I'm just like a I think I think I'll exchange it for a longer size. I'm just curious to see what it look like when it would actually fit me and I don't have to hold it up like this and like struggle. Next is a set of chamkila pants. I have a lot of basic black and white tops. Like a lot of body suits and I always feel like oh, I wish I had a shimmery pant to go with that to just do jush up the look and that's what I did. So, let's see if these shimmery pants are worth it. They're looking really nice in this video. Look at that. Shimmer shimmer. Shimmer shimmer. This would look so nice with like a body suit. Like a black body suit or a white body suit and the fact that it's turquoise really helps but I have two issues. One is that this waist is elastic and I'm afraid it's not going to give me that nice neat look and also it's jutting out at the back here. I don't know if you can see it. Doesn't give that clean finished look. Secondly, um it is Let me stand on the bed for this. If I'm wearing heels, it's fine but if I'm just standing, it's a bit too long for me even if I pull it up really high. So, I'm >> [snorts] >> I love I mean, I love how glittery it is and shimmery. Yeah, but I am not 100% convinced about this and it is a fair bit expensive even after discount so I think I'm going to return this. Let's try the next chamkila pant. Okay, [snorts] this one I am liking so much more. Um let me climb on the bed again to show you the length. It's not too long. Length is great. I like that it is tailored in the sense that it has a zip and it's an enclosure rather than being an elastic. I like that it has pockets. Always a positive in my book. I don't know why this one feels a little bit cheap or maybe it's the glitter sequence. I don't know what it is about it that's making it feel a bit cheap. And I also I don't know. I feel like if it was better fitted, like again, this one also is having the gap at the back and maybe that's why it's causing the weird around the crotch area. Um I am not like too happy with this one either. Am I like overthinking it? Please let me know but something about this is giving a bit tacky to me personally. I like the chamkila-ness of the previous one better. I thought it was like so much more fun. I would have definitely wear that if it was better fitted and not as long. But yeah, I think I'm going to have to return this one too. I unfortunately don't like it as much. Next up is a crazy outfit, I think. I somehow thought it would go with these pants. Oh! I like this blazer. It's so warm in this blazer but I do I feel like a boss woman. A boss lady. It fits me It fits me really well. It has shoulder pads also. Wow! I love the silhouette. I love the tailoring. It looks very very flattering on a female body. But my only this thing is so warm. It's so thick. Like it's like a proper blazer, you know? It's not like those flimsy dressy blazers. It's like a legit blazer and it's too hot for that. Summer has begun. There is something in me telling me that I'm going to wear this one day in the future when I have my own business or something and I've been like a miss CEO and I just I really like this. I really really like this. Am I being delulu? I love this. If it makes me this happy, I'm going to keep it. My god, I just realized I messed up big time. 13,000 for just the blazer. I thought I was getting the whole outfit for 13,000 and I was like oh, okay. It's an investment cuz I'll wear it for future events and it's an important event so I need a good outfit. Oh, no. 13,000 for a blazer. Okay, this is though like the most I spent on any outfit, I think and so it's like that's why I'm freaking out a bit. Oh, it was on discount. Like it was for 8,000. BRB. >> [music] >> Few more packages that have come in. So, let's start with Okay, let's start with something I'm excited about. This mesh top which I think will go well with a lot of black dresses that I have. Let's go. Okay, a little backstory to this. I was looking for something like this for quite some time. Mainly because I want to wear a lace top like this underneath a lot of black dresses that I have that are a bit more cleavage-y or deep that I don't feel too comfortable. Like when you go in public, like everyone is like either staring or whatever. Like everyone has their own reasons for feeling uncomfortable. So, for me I wanted something that could make those dresses work and I really liked these kind of floral lace tops. Now, I thought this would be pretty easy to find but I searched a lot. I searched on Amazon, all of these websites and the only kind of lace that you get is was this very busy lace patterns, floral lace patterns that I feel like is maybe five or six years old in terms of fashion. This delicate kind of floral I found it only on Cider, on Nykaa Fashion and it was quite expensive. Again, I waited for the sale. It was on my wish list for the longest time. I really really really like this. I love the material. I love the quality and it is so delicate and so pretty and I can't wait to wear it with uh more outfits and see how better I can style it, but otherwise like quality wise really really good. I've heard that Cider is pretty good though it's expensive, but quality is good and yeah, as per this top, I can attest that I'm really happy with this. Next top is this t-shirt. I'm still on the hunt for some more t-shirts that I can wear at home but also wear outside. So let's see how this pink t-shirt looks. Okay, I immediately love this top. I love the color. I love how minimal this print is. It is very soft. I love the fit like it fits perfectly here. The sleeves are just so just right for me and I think this may be a very content creator problem, but I like that the logo here is just very minimal and then all the artwork is at the back which is this fun like strawberry sorbet kind of design which I think is perfect for summers. Um content creator problem because a lot of times I make videos and brands are like this shirt should be solid or should I have no design or no pattern and then they're like oh I need to find a shirt with no design or pattern. So solved the problem. Oh my goodness, I love this color. I'm so happy with this. This baby pink color, the way it fits, um the way it falls on the body, how soft it is, everything 10 on 10. Next outfit is this funky shirt from The Souled Store. I have seen so much of The Souled Store but I've never picked up a single item from them yet. So this is going to be my first Souled Store item and I like the design. I'm very excited to try it. Okay, so this top I have a bit conflicted. Okay, so first off let me start with what I like. I love the stitching here which has pomodoro. I absolutely love the little detailing of this tomato and it's got like bead work. I don't know if you can see that very very pretty. The color is also nice. The fabric is like a um thicker kind of material. It's not a very thin cottony material. But I think what is conflicting me is kind of the fit of it. I don't know how to explain it, but this feels like a house shirt in terms of the silhouette. I'll have to return this cuz I I know myself and I know I won't be wearing this as much. Next t-shirt is this orange one from Tokyo Talkies. Love the color. Curious to see what the fit is like. Let's go. Um okay, this is like sticking to my body. Like it's that last plank on Titanic and like just holding on for life. Like that's what I feel like it's doing to my body. Flattering feminine kind of t-shirt. Uh I'm just concerned that it's a bit [clears throat] see-through and a bit tight. And also I'm scared that it will um shrink when I wash it. I've never used any from Tokyo Talkies so I don't know what the quality is like. Love the color though. Um love this kind of orange, but man, I don't know. Something about the fit is just not vibing with me and I don't like it as much. And my new philosophy with clothes is if I'm not like wow when I wear it or I don't feel great, I'm not going to keep it because there's no point of just like holding stuff. Uh I'm going to keep it only if I really like it. This does not make the cut so it's going back. Final piece in this delivery is one I'm really excited for. It's this purple halter neck dress that oh I just love it and I just hope it lives up to what my expectations are. Okay. Um First of all, this dress took me forever to put on because I could not figure out how to put it. It has like a knotted thing here. Okay, and that gets like tied up at the back. You see here? With these buttons I could only manage to put the first and the last. And my advice to you if you're getting this is unbutton it first and then put it on and then twist it somehow and put it. Um look, I love the color. I love the silhouette. I just love like halter neck stuff is something I am really enjoying these days and I was really looking for a halter neck top. Uh however, this is like a bit too tight. It's like choking me. Um and let me see I don't know if I have buttoned it wrong or what and if I can adjust it, but otherwise otherwise let's get to the good parts. Comes with these pants and it's like a long tunic. It has pockets. And just overall I am kind of torn between it is it looking like a towel that I have wrapped or is it giving a little bit of flare and a little drama which I usually like from my clothes. Let me add some earrings and show you. Kind of liking it but also not fully sure. Confusion, confusion. It has everything that I like in a outfit. I love that it has a dramatic neckline. It has a breezy silhouette. It has a bit dramatic silhouette also and it's solid. And for some reason these three things uh in totality are quite hard to find in outfits. Like trust me, I spent a lot of time scrolling on Myntra looking for something similar to this. So I'm going to I think I'm going to keep this. I'm going to find a way to make it work and look better, but yeah, in any case you know of other brands that do kind of outfits like this, please let me know. I'm going mad trying to find interesting off-beat outfits. Um but yeah, let me do a final twirl. I'm really feeling myself. I'm going to keep this. Uh I have one last thing to show you. These pants from Kazo, flared pants. I got it supposed to be purple, but anyway I love this color. If you're someone like me who has your heavier on your waist and you have thicker thighs, this kind of flare is extremely extremely flattering for the body type. It makes you look like more curvy. The material it's so thin and soft and comfortable on the skin. I really really like that part of it. Um it has two pockets which I love, but these are mesh pockets. I'm not a fan of the mesh pocket cuz I have an orange phone and it just sticks out when I put in my mesh pocket. But otherwise, you know, whatever, it's fine. Yeah, and it has like a cute little pocket here also. Um but my only only only issue with it is that it is just way too long. Like this excess part always drags on the floor behind me and it's a kind of material where I don't think I can shorten it also because it's kind of a very like a workout material, but uh not a sweaty workout material in the sense that I feel comfortable enough to wear it at home. Uh but I don't want to put stitches in it. I don't know. Does that make sense? Um but yeah. And I'm 5'2, okay. I am the I think average height of Indian women and so I know that they have a tall version also on the website which I'm wondering like how tall are the women there, but this is just it just this this being so long irritates me and yeah, I wish it's just shorter. Even if I pull it up high as high as I can, it's just it's just too long. Like do you see it goes below my chappal and drags all the dirt and dust everywhere I go. So it's hard to wear it on walks. So that was my mini Myntra haul. I hope you enjoyed the video. Um what were your favorite pieces? Let me know in the comments. Was there anything that I returned that you think I should have kept or anything that I kept that you think I should have returned? Like seriously don't tell. It'll be full regret then. Uh but anyway, no, honestly like genuinely love the comment section. Um excited to see you there. All the outfits are linked within the video itself if you want to check it out and I will see you in my next video. Bye. >> [music]",2026-08-20T21:05:56.452271
YouTube,"Myntra & Nykaa Fashion Sale Haul | summer tshirts, shimmery pants, jumpsuits, event outfits",https://www.youtube.com/watch?v=P0y-9-BH0N0,@valeriecastelino9707,"Hi Satshyaa, could you please link the Rust jumpsuit from HM  for us",UgzMkbgqm28_ottpfYp4AaABAg,0,1776699356.453728,"and shimmery. Yeah. I just realized I messed up big time. Okay, a little backstory to this. Am I being delulu? Hello and welcome to a shopping haul after a very long time. I rarely buy clothes until unless I really need to and this time it's of two extremes. One is t-shirts to wear at home and the other is formal business casual to wear for an event. Let's try them out together. These are mostly from Myntra and Nykaa Fashion and I will link all of these clothes below. First is this t-shirt from Adidas that looked comfortable. I like the color and is more of a Well, something I can wear at home but also would not look shabby if I go outside. Let's try it out. Okay, first of all, it is really soft. I really like the color. Not a surprise because it's purple. But but but, it is a bit cropped. So, if I raise my hands like this, you can see my stomach a little bit and I'm not sure if it would be the most comfortable thing to wear. I don't like the sleeves. Like I don't like the length of these sleeves. Something feels a little uncomfortable about it. But, color very nice. Fabric really good. I just don't like this kind of boxy fit and so I think yeah, I'll be returning it but I have one other shirt from Adidas. Quality is really good. It's held up like through multiple washes. Quality I can assure you 100% will be great but this is I'm just not liking it as much. Next is this t-shirt from H&M. H&M had like a crazy sale. Generally, H&M is like okay, fine quality but because it was on discount I picked it up. So, let's see how it looks. Woo! Okay, so this is I mean, it's soft. It's nice. It's like a basic navy t-shirt. Um but I am not liking this as much because because I feel like it's a bit too tight and a bit too body hugging for my personal comfort for wearing at home. Like it doesn't feel as comfortable. So, I will be returning this one as well. This next top is also from H&M. Also was on a good discount. Let's try it on. Okay. Um this shirt I really like. I like the fit. I like how it feels on my body. It's quite soft and also now I know why every other color was sold out and this gray was the only one left. It's a very basic no-nonsense t-shirt. Fits well. Stands well on my body. I feel very very comfortable in it. I can definitely see myself wearing it. It was on discount so woo, keeping this. I think I'm done with all the t-shirts and I have some of the fancy clothes to try on now which I'm most excited about. Start first with this beautiful jumpsuit from H&M. This is what I'm thinking for one of my events. It's a mix of both pretty edgy and a bit formal. Don't know how it look on my body so let's check it out. Okay, I think I messed up because >> [sighs] [laughter] >> I think I ordered the small size. Though I'm pretty sure I ordered like a medium but it's a small that's come. Maybe my mistake. Most probably my mistake. But, I think I need your advice on whether you think I should still get a medium size or one in my correct size. Like do you think this jumpsuit is nice enough? I thought this color would be better suiting me but now I'm leaning towards more brighter jewel tones rather than more muted colors and I feel like this color is a bit dull for me. Like it's like a rust color which I'm like okay with. Let me start with the things that I do like. I like this little gold accent here which means I can get like a wear chunky gold earrings to complete the look. I'm not liking the color as much. Silhouette is great in the sense that I find it to and it is perfect length for me. I've never had something so perfectly length-wise. Usually it's too long and I love it. Um but I'm just like a I think I think I'll exchange it for a longer size. I'm just curious to see what it look like when it would actually fit me and I don't have to hold it up like this and like struggle. Next is a set of chamkila pants. I have a lot of basic black and white tops. Like a lot of body suits and I always feel like oh, I wish I had a shimmery pant to go with that to just do jush up the look and that's what I did. So, let's see if these shimmery pants are worth it. They're looking really nice in this video. Look at that. Shimmer shimmer. Shimmer shimmer. This would look so nice with like a body suit. Like a black body suit or a white body suit and the fact that it's turquoise really helps but I have two issues. One is that this waist is elastic and I'm afraid it's not going to give me that nice neat look and also it's jutting out at the back here. I don't know if you can see it. Doesn't give that clean finished look. Secondly, um it is Let me stand on the bed for this. If I'm wearing heels, it's fine but if I'm just standing, it's a bit too long for me even if I pull it up really high. So, I'm >> [snorts] >> I love I mean, I love how glittery it is and shimmery. Yeah, but I am not 100% convinced about this and it is a fair bit expensive even after discount so I think I'm going to return this. Let's try the next chamkila pant. Okay, [snorts] this one I am liking so much more. Um let me climb on the bed again to show you the length. It's not too long. Length is great. I like that it is tailored in the sense that it has a zip and it's an enclosure rather than being an elastic. I like that it has pockets. Always a positive in my book. I don't know why this one feels a little bit cheap or maybe it's the glitter sequence. I don't know what it is about it that's making it feel a bit cheap. And I also I don't know. I feel like if it was better fitted, like again, this one also is having the gap at the back and maybe that's why it's causing the weird around the crotch area. Um I am not like too happy with this one either. Am I like overthinking it? Please let me know but something about this is giving a bit tacky to me personally. I like the chamkila-ness of the previous one better. I thought it was like so much more fun. I would have definitely wear that if it was better fitted and not as long. But yeah, I think I'm going to have to return this one too. I unfortunately don't like it as much. Next up is a crazy outfit, I think. I somehow thought it would go with these pants. Oh! I like this blazer. It's so warm in this blazer but I do I feel like a boss woman. A boss lady. It fits me It fits me really well. It has shoulder pads also. Wow! I love the silhouette. I love the tailoring. It looks very very flattering on a female body. But my only this thing is so warm. It's so thick. Like it's like a proper blazer, you know? It's not like those flimsy dressy blazers. It's like a legit blazer and it's too hot for that. Summer has begun. There is something in me telling me that I'm going to wear this one day in the future when I have my own business or something and I've been like a miss CEO and I just I really like this. I really really like this. Am I being delulu? I love this. If it makes me this happy, I'm going to keep it. My god, I just realized I messed up big time. 13,000 for just the blazer. I thought I was getting the whole outfit for 13,000 and I was like oh, okay. It's an investment cuz I'll wear it for future events and it's an important event so I need a good outfit. Oh, no. 13,000 for a blazer. Okay, this is though like the most I spent on any outfit, I think and so it's like that's why I'm freaking out a bit. Oh, it was on discount. Like it was for 8,000. BRB. >> [music] >> Few more packages that have come in. So, let's start with Okay, let's start with something I'm excited about. This mesh top which I think will go well with a lot of black dresses that I have. Let's go. Okay, a little backstory to this. I was looking for something like this for quite some time. Mainly because I want to wear a lace top like this underneath a lot of black dresses that I have that are a bit more cleavage-y or deep that I don't feel too comfortable. Like when you go in public, like everyone is like either staring or whatever. Like everyone has their own reasons for feeling uncomfortable. So, for me I wanted something that could make those dresses work and I really liked these kind of floral lace tops. Now, I thought this would be pretty easy to find but I searched a lot. I searched on Amazon, all of these websites and the only kind of lace that you get is was this very busy lace patterns, floral lace patterns that I feel like is maybe five or six years old in terms of fashion. This delicate kind of floral I found it only on Cider, on Nykaa Fashion and it was quite expensive. Again, I waited for the sale. It was on my wish list for the longest time. I really really really like this. I love the material. I love the quality and it is so delicate and so pretty and I can't wait to wear it with uh more outfits and see how better I can style it, but otherwise like quality wise really really good. I've heard that Cider is pretty good though it's expensive, but quality is good and yeah, as per this top, I can attest that I'm really happy with this. Next top is this t-shirt. I'm still on the hunt for some more t-shirts that I can wear at home but also wear outside. So let's see how this pink t-shirt looks. Okay, I immediately love this top. I love the color. I love how minimal this print is. It is very soft. I love the fit like it fits perfectly here. The sleeves are just so just right for me and I think this may be a very content creator problem, but I like that the logo here is just very minimal and then all the artwork is at the back which is this fun like strawberry sorbet kind of design which I think is perfect for summers. Um content creator problem because a lot of times I make videos and brands are like this shirt should be solid or should I have no design or no pattern and then they're like oh I need to find a shirt with no design or pattern. So solved the problem. Oh my goodness, I love this color. I'm so happy with this. This baby pink color, the way it fits, um the way it falls on the body, how soft it is, everything 10 on 10. Next outfit is this funky shirt from The Souled Store. I have seen so much of The Souled Store but I've never picked up a single item from them yet. So this is going to be my first Souled Store item and I like the design. I'm very excited to try it. Okay, so this top I have a bit conflicted. Okay, so first off let me start with what I like. I love the stitching here which has pomodoro. I absolutely love the little detailing of this tomato and it's got like bead work. I don't know if you can see that very very pretty. The color is also nice. The fabric is like a um thicker kind of material. It's not a very thin cottony material. But I think what is conflicting me is kind of the fit of it. I don't know how to explain it, but this feels like a house shirt in terms of the silhouette. I'll have to return this cuz I I know myself and I know I won't be wearing this as much. Next t-shirt is this orange one from Tokyo Talkies. Love the color. Curious to see what the fit is like. Let's go. Um okay, this is like sticking to my body. Like it's that last plank on Titanic and like just holding on for life. Like that's what I feel like it's doing to my body. Flattering feminine kind of t-shirt. Uh I'm just concerned that it's a bit [clears throat] see-through and a bit tight. And also I'm scared that it will um shrink when I wash it. I've never used any from Tokyo Talkies so I don't know what the quality is like. Love the color though. Um love this kind of orange, but man, I don't know. Something about the fit is just not vibing with me and I don't like it as much. And my new philosophy with clothes is if I'm not like wow when I wear it or I don't feel great, I'm not going to keep it because there's no point of just like holding stuff. Uh I'm going to keep it only if I really like it. This does not make the cut so it's going back. Final piece in this delivery is one I'm really excited for. It's this purple halter neck dress that oh I just love it and I just hope it lives up to what my expectations are. Okay. Um First of all, this dress took me forever to put on because I could not figure out how to put it. It has like a knotted thing here. Okay, and that gets like tied up at the back. You see here? With these buttons I could only manage to put the first and the last. And my advice to you if you're getting this is unbutton it first and then put it on and then twist it somehow and put it. Um look, I love the color. I love the silhouette. I just love like halter neck stuff is something I am really enjoying these days and I was really looking for a halter neck top. Uh however, this is like a bit too tight. It's like choking me. Um and let me see I don't know if I have buttoned it wrong or what and if I can adjust it, but otherwise otherwise let's get to the good parts. Comes with these pants and it's like a long tunic. It has pockets. And just overall I am kind of torn between it is it looking like a towel that I have wrapped or is it giving a little bit of flare and a little drama which I usually like from my clothes. Let me add some earrings and show you. Kind of liking it but also not fully sure. Confusion, confusion. It has everything that I like in a outfit. I love that it has a dramatic neckline. It has a breezy silhouette. It has a bit dramatic silhouette also and it's solid. And for some reason these three things uh in totality are quite hard to find in outfits. Like trust me, I spent a lot of time scrolling on Myntra looking for something similar to this. So I'm going to I think I'm going to keep this. I'm going to find a way to make it work and look better, but yeah, in any case you know of other brands that do kind of outfits like this, please let me know. I'm going mad trying to find interesting off-beat outfits. Um but yeah, let me do a final twirl. I'm really feeling myself. I'm going to keep this. Uh I have one last thing to show you. These pants from Kazo, flared pants. I got it supposed to be purple, but anyway I love this color. If you're someone like me who has your heavier on your waist and you have thicker thighs, this kind of flare is extremely extremely flattering for the body type. It makes you look like more curvy. The material it's so thin and soft and comfortable on the skin. I really really like that part of it. Um it has two pockets which I love, but these are mesh pockets. I'm not a fan of the mesh pocket cuz I have an orange phone and it just sticks out when I put in my mesh pocket. But otherwise, you know, whatever, it's fine. Yeah, and it has like a cute little pocket here also. Um but my only only only issue with it is that it is just way too long. Like this excess part always drags on the floor behind me and it's a kind of material where I don't think I can shorten it also because it's kind of a very like a workout material, but uh not a sweaty workout material in the sense that I feel comfortable enough to wear it at home. Uh but I don't want to put stitches in it. I don't know. Does that make sense? Um but yeah. And I'm 5'2, okay. I am the I think average height of Indian women and so I know that they have a tall version also on the website which I'm wondering like how tall are the women there, but this is just it just this this being so long irritates me and yeah, I wish it's just shorter. Even if I pull it up high as high as I can, it's just it's just too long. Like do you see it goes below my chappal and drags all the dirt and dust everywhere I go. So it's hard to wear it on walks. So that was my mini Myntra haul. I hope you enjoyed the video. Um what were your favorite pieces? Let me know in the comments. Was there anything that I returned that you think I should have kept or anything that I kept that you think I should have returned? Like seriously don't tell. It'll be full regret then. Uh but anyway, no, honestly like genuinely love the comment section. Um excited to see you there. All the outfits are linked within the video itself if you want to check it out and I will see you in my next video. Bye. >> [music]",2026-08-20T21:05:56.453824
YouTube,"Myntra & Nykaa Fashion Sale Haul | summer tshirts, shimmery pants, jumpsuits, event outfits",https://www.youtube.com/watch?v=P0y-9-BH0N0,@giftyjones9649,"I really really love the way you explain about the outfits...your efforts like standing on the bed and showing us ...The vocabulary you use ..🫶... I feel that the pros and cons you said about the dresses is absolutely correct.....even I felt the same when you were showing and speaking about them ....
And you know I feel you are me and Iam you😂... because when the outfit is 98% good and the 2% is the one the makes me feel that it's not good ...I will also return becoz I know that I won't be wearing it....😅
And about that tomato tshirt..I felt like it's soo good onthe back ..but on the front it's not like the regular tshirt..I mean not inthe position...it's lifted a bit ..which doesn't look good ...
       You really kept the BEST outfits and returned others❤ 
I really hope that you will read my comment...🥰",Ugyd7QfjCGV_Cfn7Dmt4AaABAg,0,1776699356.455345,"and shimmery. Yeah. I just realized I messed up big time. Okay, a little backstory to this. Am I being delulu? Hello and welcome to a shopping haul after a very long time. I rarely buy clothes until unless I really need to and this time it's of two extremes. One is t-shirts to wear at home and the other is formal business casual to wear for an event. Let's try them out together. These are mostly from Myntra and Nykaa Fashion and I will link all of these clothes below. First is this t-shirt from Adidas that looked comfortable. I like the color and is more of a Well, something I can wear at home but also would not look shabby if I go outside. Let's try it out. Okay, first of all, it is really soft. I really like the color. Not a surprise because it's purple. But but but, it is a bit cropped. So, if I raise my hands like this, you can see my stomach a little bit and I'm not sure if it would be the most comfortable thing to wear. I don't like the sleeves. Like I don't like the length of these sleeves. Something feels a little uncomfortable about it. But, color very nice. Fabric really good. I just don't like this kind of boxy fit and so I think yeah, I'll be returning it but I have one other shirt from Adidas. Quality is really good. It's held up like through multiple washes. Quality I can assure you 100% will be great but this is I'm just not liking it as much. Next is this t-shirt from H&M. H&M had like a crazy sale. Generally, H&M is like okay, fine quality but because it was on discount I picked it up. So, let's see how it looks. Woo! Okay, so this is I mean, it's soft. It's nice. It's like a basic navy t-shirt. Um but I am not liking this as much because because I feel like it's a bit too tight and a bit too body hugging for my personal comfort for wearing at home. Like it doesn't feel as comfortable. So, I will be returning this one as well. This next top is also from H&M. Also was on a good discount. Let's try it on. Okay. Um this shirt I really like. I like the fit. I like how it feels on my body. It's quite soft and also now I know why every other color was sold out and this gray was the only one left. It's a very basic no-nonsense t-shirt. Fits well. Stands well on my body. I feel very very comfortable in it. I can definitely see myself wearing it. It was on discount so woo, keeping this. I think I'm done with all the t-shirts and I have some of the fancy clothes to try on now which I'm most excited about. Start first with this beautiful jumpsuit from H&M. This is what I'm thinking for one of my events. It's a mix of both pretty edgy and a bit formal. Don't know how it look on my body so let's check it out. Okay, I think I messed up because >> [sighs] [laughter] >> I think I ordered the small size. Though I'm pretty sure I ordered like a medium but it's a small that's come. Maybe my mistake. Most probably my mistake. But, I think I need your advice on whether you think I should still get a medium size or one in my correct size. Like do you think this jumpsuit is nice enough? I thought this color would be better suiting me but now I'm leaning towards more brighter jewel tones rather than more muted colors and I feel like this color is a bit dull for me. Like it's like a rust color which I'm like okay with. Let me start with the things that I do like. I like this little gold accent here which means I can get like a wear chunky gold earrings to complete the look. I'm not liking the color as much. Silhouette is great in the sense that I find it to and it is perfect length for me. I've never had something so perfectly length-wise. Usually it's too long and I love it. Um but I'm just like a I think I think I'll exchange it for a longer size. I'm just curious to see what it look like when it would actually fit me and I don't have to hold it up like this and like struggle. Next is a set of chamkila pants. I have a lot of basic black and white tops. Like a lot of body suits and I always feel like oh, I wish I had a shimmery pant to go with that to just do jush up the look and that's what I did. So, let's see if these shimmery pants are worth it. They're looking really nice in this video. Look at that. Shimmer shimmer. Shimmer shimmer. This would look so nice with like a body suit. Like a black body suit or a white body suit and the fact that it's turquoise really helps but I have two issues. One is that this waist is elastic and I'm afraid it's not going to give me that nice neat look and also it's jutting out at the back here. I don't know if you can see it. Doesn't give that clean finished look. Secondly, um it is Let me stand on the bed for this. If I'm wearing heels, it's fine but if I'm just standing, it's a bit too long for me even if I pull it up really high. So, I'm >> [snorts] >> I love I mean, I love how glittery it is and shimmery. Yeah, but I am not 100% convinced about this and it is a fair bit expensive even after discount so I think I'm going to return this. Let's try the next chamkila pant. Okay, [snorts] this one I am liking so much more. Um let me climb on the bed again to show you the length. It's not too long. Length is great. I like that it is tailored in the sense that it has a zip and it's an enclosure rather than being an elastic. I like that it has pockets. Always a positive in my book. I don't know why this one feels a little bit cheap or maybe it's the glitter sequence. I don't know what it is about it that's making it feel a bit cheap. And I also I don't know. I feel like if it was better fitted, like again, this one also is having the gap at the back and maybe that's why it's causing the weird around the crotch area. Um I am not like too happy with this one either. Am I like overthinking it? Please let me know but something about this is giving a bit tacky to me personally. I like the chamkila-ness of the previous one better. I thought it was like so much more fun. I would have definitely wear that if it was better fitted and not as long. But yeah, I think I'm going to have to return this one too. I unfortunately don't like it as much. Next up is a crazy outfit, I think. I somehow thought it would go with these pants. Oh! I like this blazer. It's so warm in this blazer but I do I feel like a boss woman. A boss lady. It fits me It fits me really well. It has shoulder pads also. Wow! I love the silhouette. I love the tailoring. It looks very very flattering on a female body. But my only this thing is so warm. It's so thick. Like it's like a proper blazer, you know? It's not like those flimsy dressy blazers. It's like a legit blazer and it's too hot for that. Summer has begun. There is something in me telling me that I'm going to wear this one day in the future when I have my own business or something and I've been like a miss CEO and I just I really like this. I really really like this. Am I being delulu? I love this. If it makes me this happy, I'm going to keep it. My god, I just realized I messed up big time. 13,000 for just the blazer. I thought I was getting the whole outfit for 13,000 and I was like oh, okay. It's an investment cuz I'll wear it for future events and it's an important event so I need a good outfit. Oh, no. 13,000 for a blazer. Okay, this is though like the most I spent on any outfit, I think and so it's like that's why I'm freaking out a bit. Oh, it was on discount. Like it was for 8,000. BRB. >> [music] >> Few more packages that have come in. So, let's start with Okay, let's start with something I'm excited about. This mesh top which I think will go well with a lot of black dresses that I have. Let's go. Okay, a little backstory to this. I was looking for something like this for quite some time. Mainly because I want to wear a lace top like this underneath a lot of black dresses that I have that are a bit more cleavage-y or deep that I don't feel too comfortable. Like when you go in public, like everyone is like either staring or whatever. Like everyone has their own reasons for feeling uncomfortable. So, for me I wanted something that could make those dresses work and I really liked these kind of floral lace tops. Now, I thought this would be pretty easy to find but I searched a lot. I searched on Amazon, all of these websites and the only kind of lace that you get is was this very busy lace patterns, floral lace patterns that I feel like is maybe five or six years old in terms of fashion. This delicate kind of floral I found it only on Cider, on Nykaa Fashion and it was quite expensive. Again, I waited for the sale. It was on my wish list for the longest time. I really really really like this. I love the material. I love the quality and it is so delicate and so pretty and I can't wait to wear it with uh more outfits and see how better I can style it, but otherwise like quality wise really really good. I've heard that Cider is pretty good though it's expensive, but quality is good and yeah, as per this top, I can attest that I'm really happy with this. Next top is this t-shirt. I'm still on the hunt for some more t-shirts that I can wear at home but also wear outside. So let's see how this pink t-shirt looks. Okay, I immediately love this top. I love the color. I love how minimal this print is. It is very soft. I love the fit like it fits perfectly here. The sleeves are just so just right for me and I think this may be a very content creator problem, but I like that the logo here is just very minimal and then all the artwork is at the back which is this fun like strawberry sorbet kind of design which I think is perfect for summers. Um content creator problem because a lot of times I make videos and brands are like this shirt should be solid or should I have no design or no pattern and then they're like oh I need to find a shirt with no design or pattern. So solved the problem. Oh my goodness, I love this color. I'm so happy with this. This baby pink color, the way it fits, um the way it falls on the body, how soft it is, everything 10 on 10. Next outfit is this funky shirt from The Souled Store. I have seen so much of The Souled Store but I've never picked up a single item from them yet. So this is going to be my first Souled Store item and I like the design. I'm very excited to try it. Okay, so this top I have a bit conflicted. Okay, so first off let me start with what I like. I love the stitching here which has pomodoro. I absolutely love the little detailing of this tomato and it's got like bead work. I don't know if you can see that very very pretty. The color is also nice. The fabric is like a um thicker kind of material. It's not a very thin cottony material. But I think what is conflicting me is kind of the fit of it. I don't know how to explain it, but this feels like a house shirt in terms of the silhouette. I'll have to return this cuz I I know myself and I know I won't be wearing this as much. Next t-shirt is this orange one from Tokyo Talkies. Love the color. Curious to see what the fit is like. Let's go. Um okay, this is like sticking to my body. Like it's that last plank on Titanic and like just holding on for life. Like that's what I feel like it's doing to my body. Flattering feminine kind of t-shirt. Uh I'm just concerned that it's a bit [clears throat] see-through and a bit tight. And also I'm scared that it will um shrink when I wash it. I've never used any from Tokyo Talkies so I don't know what the quality is like. Love the color though. Um love this kind of orange, but man, I don't know. Something about the fit is just not vibing with me and I don't like it as much. And my new philosophy with clothes is if I'm not like wow when I wear it or I don't feel great, I'm not going to keep it because there's no point of just like holding stuff. Uh I'm going to keep it only if I really like it. This does not make the cut so it's going back. Final piece in this delivery is one I'm really excited for. It's this purple halter neck dress that oh I just love it and I just hope it lives up to what my expectations are. Okay. Um First of all, this dress took me forever to put on because I could not figure out how to put it. It has like a knotted thing here. Okay, and that gets like tied up at the back. You see here? With these buttons I could only manage to put the first and the last. And my advice to you if you're getting this is unbutton it first and then put it on and then twist it somehow and put it. Um look, I love the color. I love the silhouette. I just love like halter neck stuff is something I am really enjoying these days and I was really looking for a halter neck top. Uh however, this is like a bit too tight. It's like choking me. Um and let me see I don't know if I have buttoned it wrong or what and if I can adjust it, but otherwise otherwise let's get to the good parts. Comes with these pants and it's like a long tunic. It has pockets. And just overall I am kind of torn between it is it looking like a towel that I have wrapped or is it giving a little bit of flare and a little drama which I usually like from my clothes. Let me add some earrings and show you. Kind of liking it but also not fully sure. Confusion, confusion. It has everything that I like in a outfit. I love that it has a dramatic neckline. It has a breezy silhouette. It has a bit dramatic silhouette also and it's solid. And for some reason these three things uh in totality are quite hard to find in outfits. Like trust me, I spent a lot of time scrolling on Myntra looking for something similar to this. So I'm going to I think I'm going to keep this. I'm going to find a way to make it work and look better, but yeah, in any case you know of other brands that do kind of outfits like this, please let me know. I'm going mad trying to find interesting off-beat outfits. Um but yeah, let me do a final twirl. I'm really feeling myself. I'm going to keep this. Uh I have one last thing to show you. These pants from Kazo, flared pants. I got it supposed to be purple, but anyway I love this color. If you're someone like me who has your heavier on your waist and you have thicker thighs, this kind of flare is extremely extremely flattering for the body type. It makes you look like more curvy. The material it's so thin and soft and comfortable on the skin. I really really like that part of it. Um it has two pockets which I love, but these are mesh pockets. I'm not a fan of the mesh pocket cuz I have an orange phone and it just sticks out when I put in my mesh pocket. But otherwise, you know, whatever, it's fine. Yeah, and it has like a cute little pocket here also. Um but my only only only issue with it is that it is just way too long. Like this excess part always drags on the floor behind me and it's a kind of material where I don't think I can shorten it also because it's kind of a very like a workout material, but uh not a sweaty workout material in the sense that I feel comfortable enough to wear it at home. Uh but I don't want to put stitches in it. I don't know. Does that make sense? Um but yeah. And I'm 5'2, okay. I am the I think average height of Indian women and so I know that they have a tall version also on the website which I'm wondering like how tall are the women there, but this is just it just this this being so long irritates me and yeah, I wish it's just shorter. Even if I pull it up high as high as I can, it's just it's just too long. Like do you see it goes below my chappal and drags all the dirt and dust everywhere I go. So it's hard to wear it on walks. So that was my mini Myntra haul. I hope you enjoyed the video. Um what were your favorite pieces? Let me know in the comments. Was there anything that I returned that you think I should have kept or anything that I kept that you think I should have returned? Like seriously don't tell. It'll be full regret then. Uh but anyway, no, honestly like genuinely love the comment section. Um excited to see you there. All the outfits are linked within the video itself if you want to check it out and I will see you in my next video. Bye. >> [music]",2026-08-20T21:05:56.455444
YouTube,"Myntra & Nykaa Fashion Sale Haul | summer tshirts, shimmery pants, jumpsuits, event outfits",https://www.youtube.com/watch?v=P0y-9-BH0N0,@VarshaM-b5i,Dangg where u got that chain that you're wearing?? Its so prettyyyyyyyyyyyy,UgzP5Xf5QfoKBPW8Sld4AaABAg,3,1776699356.456916,"and shimmery. Yeah. I just realized I messed up big time. Okay, a little backstory to this. Am I being delulu? Hello and welcome to a shopping haul after a very long time. I rarely buy clothes until unless I really need to and this time it's of two extremes. One is t-shirts to wear at home and the other is formal business casual to wear for an event. Let's try them out together. These are mostly from Myntra and Nykaa Fashion and I will link all of these clothes below. First is this t-shirt from Adidas that looked comfortable. I like the color and is more of a Well, something I can wear at home but also would not look shabby if I go outside. Let's try it out. Okay, first of all, it is really soft. I really like the color. Not a surprise because it's purple. But but but, it is a bit cropped. So, if I raise my hands like this, you can see my stomach a little bit and I'm not sure if it would be the most comfortable thing to wear. I don't like the sleeves. Like I don't like the length of these sleeves. Something feels a little uncomfortable about it. But, color very nice. Fabric really good. I just don't like this kind of boxy fit and so I think yeah, I'll be returning it but I have one other shirt from Adidas. Quality is really good. It's held up like through multiple washes. Quality I can assure you 100% will be great but this is I'm just not liking it as much. Next is this t-shirt from H&M. H&M had like a crazy sale. Generally, H&M is like okay, fine quality but because it was on discount I picked it up. So, let's see how it looks. Woo! Okay, so this is I mean, it's soft. It's nice. It's like a basic navy t-shirt. Um but I am not liking this as much because because I feel like it's a bit too tight and a bit too body hugging for my personal comfort for wearing at home. Like it doesn't feel as comfortable. So, I will be returning this one as well. This next top is also from H&M. Also was on a good discount. Let's try it on. Okay. Um this shirt I really like. I like the fit. I like how it feels on my body. It's quite soft and also now I know why every other color was sold out and this gray was the only one left. It's a very basic no-nonsense t-shirt. Fits well. Stands well on my body. I feel very very comfortable in it. I can definitely see myself wearing it. It was on discount so woo, keeping this. I think I'm done with all the t-shirts and I have some of the fancy clothes to try on now which I'm most excited about. Start first with this beautiful jumpsuit from H&M. This is what I'm thinking for one of my events. It's a mix of both pretty edgy and a bit formal. Don't know how it look on my body so let's check it out. Okay, I think I messed up because >> [sighs] [laughter] >> I think I ordered the small size. Though I'm pretty sure I ordered like a medium but it's a small that's come. Maybe my mistake. Most probably my mistake. But, I think I need your advice on whether you think I should still get a medium size or one in my correct size. Like do you think this jumpsuit is nice enough? I thought this color would be better suiting me but now I'm leaning towards more brighter jewel tones rather than more muted colors and I feel like this color is a bit dull for me. Like it's like a rust color which I'm like okay with. Let me start with the things that I do like. I like this little gold accent here which means I can get like a wear chunky gold earrings to complete the look. I'm not liking the color as much. Silhouette is great in the sense that I find it to and it is perfect length for me. I've never had something so perfectly length-wise. Usually it's too long and I love it. Um but I'm just like a I think I think I'll exchange it for a longer size. I'm just curious to see what it look like when it would actually fit me and I don't have to hold it up like this and like struggle. Next is a set of chamkila pants. I have a lot of basic black and white tops. Like a lot of body suits and I always feel like oh, I wish I had a shimmery pant to go with that to just do jush up the look and that's what I did. So, let's see if these shimmery pants are worth it. They're looking really nice in this video. Look at that. Shimmer shimmer. Shimmer shimmer. This would look so nice with like a body suit. Like a black body suit or a white body suit and the fact that it's turquoise really helps but I have two issues. One is that this waist is elastic and I'm afraid it's not going to give me that nice neat look and also it's jutting out at the back here. I don't know if you can see it. Doesn't give that clean finished look. Secondly, um it is Let me stand on the bed for this. If I'm wearing heels, it's fine but if I'm just standing, it's a bit too long for me even if I pull it up really high. So, I'm >> [snorts] >> I love I mean, I love how glittery it is and shimmery. Yeah, but I am not 100% convinced about this and it is a fair bit expensive even after discount so I think I'm going to return this. Let's try the next chamkila pant. Okay, [snorts] this one I am liking so much more. Um let me climb on the bed again to show you the length. It's not too long. Length is great. I like that it is tailored in the sense that it has a zip and it's an enclosure rather than being an elastic. I like that it has pockets. Always a positive in my book. I don't know why this one feels a little bit cheap or maybe it's the glitter sequence. I don't know what it is about it that's making it feel a bit cheap. And I also I don't know. I feel like if it was better fitted, like again, this one also is having the gap at the back and maybe that's why it's causing the weird around the crotch area. Um I am not like too happy with this one either. Am I like overthinking it? Please let me know but something about this is giving a bit tacky to me personally. I like the chamkila-ness of the previous one better. I thought it was like so much more fun. I would have definitely wear that if it was better fitted and not as long. But yeah, I think I'm going to have to return this one too. I unfortunately don't like it as much. Next up is a crazy outfit, I think. I somehow thought it would go with these pants. Oh! I like this blazer. It's so warm in this blazer but I do I feel like a boss woman. A boss lady. It fits me It fits me really well. It has shoulder pads also. Wow! I love the silhouette. I love the tailoring. It looks very very flattering on a female body. But my only this thing is so warm. It's so thick. Like it's like a proper blazer, you know? It's not like those flimsy dressy blazers. It's like a legit blazer and it's too hot for that. Summer has begun. There is something in me telling me that I'm going to wear this one day in the future when I have my own business or something and I've been like a miss CEO and I just I really like this. I really really like this. Am I being delulu? I love this. If it makes me this happy, I'm going to keep it. My god, I just realized I messed up big time. 13,000 for just the blazer. I thought I was getting the whole outfit for 13,000 and I was like oh, okay. It's an investment cuz I'll wear it for future events and it's an important event so I need a good outfit. Oh, no. 13,000 for a blazer. Okay, this is though like the most I spent on any outfit, I think and so it's like that's why I'm freaking out a bit. Oh, it was on discount. Like it was for 8,000. BRB. >> [music] >> Few more packages that have come in. So, let's start with Okay, let's start with something I'm excited about. This mesh top which I think will go well with a lot of black dresses that I have. Let's go. Okay, a little backstory to this. I was looking for something like this for quite some time. Mainly because I want to wear a lace top like this underneath a lot of black dresses that I have that are a bit more cleavage-y or deep that I don't feel too comfortable. Like when you go in public, like everyone is like either staring or whatever. Like everyone has their own reasons for feeling uncomfortable. So, for me I wanted something that could make those dresses work and I really liked these kind of floral lace tops. Now, I thought this would be pretty easy to find but I searched a lot. I searched on Amazon, all of these websites and the only kind of lace that you get is was this very busy lace patterns, floral lace patterns that I feel like is maybe five or six years old in terms of fashion. This delicate kind of floral I found it only on Cider, on Nykaa Fashion and it was quite expensive. Again, I waited for the sale. It was on my wish list for the longest time. I really really really like this. I love the material. I love the quality and it is so delicate and so pretty and I can't wait to wear it with uh more outfits and see how better I can style it, but otherwise like quality wise really really good. I've heard that Cider is pretty good though it's expensive, but quality is good and yeah, as per this top, I can attest that I'm really happy with this. Next top is this t-shirt. I'm still on the hunt for some more t-shirts that I can wear at home but also wear outside. So let's see how this pink t-shirt looks. Okay, I immediately love this top. I love the color. I love how minimal this print is. It is very soft. I love the fit like it fits perfectly here. The sleeves are just so just right for me and I think this may be a very content creator problem, but I like that the logo here is just very minimal and then all the artwork is at the back which is this fun like strawberry sorbet kind of design which I think is perfect for summers. Um content creator problem because a lot of times I make videos and brands are like this shirt should be solid or should I have no design or no pattern and then they're like oh I need to find a shirt with no design or pattern. So solved the problem. Oh my goodness, I love this color. I'm so happy with this. This baby pink color, the way it fits, um the way it falls on the body, how soft it is, everything 10 on 10. Next outfit is this funky shirt from The Souled Store. I have seen so much of The Souled Store but I've never picked up a single item from them yet. So this is going to be my first Souled Store item and I like the design. I'm very excited to try it. Okay, so this top I have a bit conflicted. Okay, so first off let me start with what I like. I love the stitching here which has pomodoro. I absolutely love the little detailing of this tomato and it's got like bead work. I don't know if you can see that very very pretty. The color is also nice. The fabric is like a um thicker kind of material. It's not a very thin cottony material. But I think what is conflicting me is kind of the fit of it. I don't know how to explain it, but this feels like a house shirt in terms of the silhouette. I'll have to return this cuz I I know myself and I know I won't be wearing this as much. Next t-shirt is this orange one from Tokyo Talkies. Love the color. Curious to see what the fit is like. Let's go. Um okay, this is like sticking to my body. Like it's that last plank on Titanic and like just holding on for life. Like that's what I feel like it's doing to my body. Flattering feminine kind of t-shirt. Uh I'm just concerned that it's a bit [clears throat] see-through and a bit tight. And also I'm scared that it will um shrink when I wash it. I've never used any from Tokyo Talkies so I don't know what the quality is like. Love the color though. Um love this kind of orange, but man, I don't know. Something about the fit is just not vibing with me and I don't like it as much. And my new philosophy with clothes is if I'm not like wow when I wear it or I don't feel great, I'm not going to keep it because there's no point of just like holding stuff. Uh I'm going to keep it only if I really like it. This does not make the cut so it's going back. Final piece in this delivery is one I'm really excited for. It's this purple halter neck dress that oh I just love it and I just hope it lives up to what my expectations are. Okay. Um First of all, this dress took me forever to put on because I could not figure out how to put it. It has like a knotted thing here. Okay, and that gets like tied up at the back. You see here? With these buttons I could only manage to put the first and the last. And my advice to you if you're getting this is unbutton it first and then put it on and then twist it somehow and put it. Um look, I love the color. I love the silhouette. I just love like halter neck stuff is something I am really enjoying these days and I was really looking for a halter neck top. Uh however, this is like a bit too tight. It's like choking me. Um and let me see I don't know if I have buttoned it wrong or what and if I can adjust it, but otherwise otherwise let's get to the good parts. Comes with these pants and it's like a long tunic. It has pockets. And just overall I am kind of torn between it is it looking like a towel that I have wrapped or is it giving a little bit of flare and a little drama which I usually like from my clothes. Let me add some earrings and show you. Kind of liking it but also not fully sure. Confusion, confusion. It has everything that I like in a outfit. I love that it has a dramatic neckline. It has a breezy silhouette. It has a bit dramatic silhouette also and it's solid. And for some reason these three things uh in totality are quite hard to find in outfits. Like trust me, I spent a lot of time scrolling on Myntra looking for something similar to this. So I'm going to I think I'm going to keep this. I'm going to find a way to make it work and look better, but yeah, in any case you know of other brands that do kind of outfits like this, please let me know. I'm going mad trying to find interesting off-beat outfits. Um but yeah, let me do a final twirl. I'm really feeling myself. I'm going to keep this. Uh I have one last thing to show you. These pants from Kazo, flared pants. I got it supposed to be purple, but anyway I love this color. If you're someone like me who has your heavier on your waist and you have thicker thighs, this kind of flare is extremely extremely flattering for the body type. It makes you look like more curvy. The material it's so thin and soft and comfortable on the skin. I really really like that part of it. Um it has two pockets which I love, but these are mesh pockets. I'm not a fan of the mesh pocket cuz I have an orange phone and it just sticks out when I put in my mesh pocket. But otherwise, you know, whatever, it's fine. Yeah, and it has like a cute little pocket here also. Um but my only only only issue with it is that it is just way too long. Like this excess part always drags on the floor behind me and it's a kind of material where I don't think I can shorten it also because it's kind of a very like a workout material, but uh not a sweaty workout material in the sense that I feel comfortable enough to wear it at home. Uh but I don't want to put stitches in it. I don't know. Does that make sense? Um but yeah. And I'm 5'2, okay. I am the I think average height of Indian women and so I know that they have a tall version also on the website which I'm wondering like how tall are the women there, but this is just it just this this being so long irritates me and yeah, I wish it's just shorter. Even if I pull it up high as high as I can, it's just it's just too long. Like do you see it goes below my chappal and drags all the dirt and dust everywhere I go. So it's hard to wear it on walks. So that was my mini Myntra haul. I hope you enjoyed the video. Um what were your favorite pieces? Let me know in the comments. Was there anything that I returned that you think I should have kept or anything that I kept that you think I should have returned? Like seriously don't tell. It'll be full regret then. Uh but anyway, no, honestly like genuinely love the comment section. Um excited to see you there. All the outfits are linked within the video itself if you want to check it out and I will see you in my next video. Bye. >> [music]",2026-08-20T21:05:56.457031
YouTube,"Myntra & Nykaa Fashion Sale Haul | summer tshirts, shimmery pants, jumpsuits, event outfits",https://www.youtube.com/watch?v=P0y-9-BH0N0,@payalchhetri3146,16:49 I hope you noticed the fact that all the models in the myntra are 5.8 and they are all wearing S size in each and every item 😂😅,UgzokSf2gtiDwcUfn8Z4AaABAg,0,1776699356.458541,"and shimmery. Yeah. I just realized I messed up big time. Okay, a little backstory to this. Am I being delulu? Hello and welcome to a shopping haul after a very long time. I rarely buy clothes until unless I really need to and this time it's of two extremes. One is t-shirts to wear at home and the other is formal business casual to wear for an event. Let's try them out together. These are mostly from Myntra and Nykaa Fashion and I will link all of these clothes below. First is this t-shirt from Adidas that looked comfortable. I like the color and is more of a Well, something I can wear at home but also would not look shabby if I go outside. Let's try it out. Okay, first of all, it is really soft. I really like the color. Not a surprise because it's purple. But but but, it is a bit cropped. So, if I raise my hands like this, you can see my stomach a little bit and I'm not sure if it would be the most comfortable thing to wear. I don't like the sleeves. Like I don't like the length of these sleeves. Something feels a little uncomfortable about it. But, color very nice. Fabric really good. I just don't like this kind of boxy fit and so I think yeah, I'll be returning it but I have one other shirt from Adidas. Quality is really good. It's held up like through multiple washes. Quality I can assure you 100% will be great but this is I'm just not liking it as much. Next is this t-shirt from H&M. H&M had like a crazy sale. Generally, H&M is like okay, fine quality but because it was on discount I picked it up. So, let's see how it looks. Woo! Okay, so this is I mean, it's soft. It's nice. It's like a basic navy t-shirt. Um but I am not liking this as much because because I feel like it's a bit too tight and a bit too body hugging for my personal comfort for wearing at home. Like it doesn't feel as comfortable. So, I will be returning this one as well. This next top is also from H&M. Also was on a good discount. Let's try it on. Okay. Um this shirt I really like. I like the fit. I like how it feels on my body. It's quite soft and also now I know why every other color was sold out and this gray was the only one left. It's a very basic no-nonsense t-shirt. Fits well. Stands well on my body. I feel very very comfortable in it. I can definitely see myself wearing it. It was on discount so woo, keeping this. I think I'm done with all the t-shirts and I have some of the fancy clothes to try on now which I'm most excited about. Start first with this beautiful jumpsuit from H&M. This is what I'm thinking for one of my events. It's a mix of both pretty edgy and a bit formal. Don't know how it look on my body so let's check it out. Okay, I think I messed up because >> [sighs] [laughter] >> I think I ordered the small size. Though I'm pretty sure I ordered like a medium but it's a small that's come. Maybe my mistake. Most probably my mistake. But, I think I need your advice on whether you think I should still get a medium size or one in my correct size. Like do you think this jumpsuit is nice enough? I thought this color would be better suiting me but now I'm leaning towards more brighter jewel tones rather than more muted colors and I feel like this color is a bit dull for me. Like it's like a rust color which I'm like okay with. Let me start with the things that I do like. I like this little gold accent here which means I can get like a wear chunky gold earrings to complete the look. I'm not liking the color as much. Silhouette is great in the sense that I find it to and it is perfect length for me. I've never had something so perfectly length-wise. Usually it's too long and I love it. Um but I'm just like a I think I think I'll exchange it for a longer size. I'm just curious to see what it look like when it would actually fit me and I don't have to hold it up like this and like struggle. Next is a set of chamkila pants. I have a lot of basic black and white tops. Like a lot of body suits and I always feel like oh, I wish I had a shimmery pant to go with that to just do jush up the look and that's what I did. So, let's see if these shimmery pants are worth it. They're looking really nice in this video. Look at that. Shimmer shimmer. Shimmer shimmer. This would look so nice with like a body suit. Like a black body suit or a white body suit and the fact that it's turquoise really helps but I have two issues. One is that this waist is elastic and I'm afraid it's not going to give me that nice neat look and also it's jutting out at the back here. I don't know if you can see it. Doesn't give that clean finished look. Secondly, um it is Let me stand on the bed for this. If I'm wearing heels, it's fine but if I'm just standing, it's a bit too long for me even if I pull it up really high. So, I'm >> [snorts] >> I love I mean, I love how glittery it is and shimmery. Yeah, but I am not 100% convinced about this and it is a fair bit expensive even after discount so I think I'm going to return this. Let's try the next chamkila pant. Okay, [snorts] this one I am liking so much more. Um let me climb on the bed again to show you the length. It's not too long. Length is great. I like that it is tailored in the sense that it has a zip and it's an enclosure rather than being an elastic. I like that it has pockets. Always a positive in my book. I don't know why this one feels a little bit cheap or maybe it's the glitter sequence. I don't know what it is about it that's making it feel a bit cheap. And I also I don't know. I feel like if it was better fitted, like again, this one also is having the gap at the back and maybe that's why it's causing the weird around the crotch area. Um I am not like too happy with this one either. Am I like overthinking it? Please let me know but something about this is giving a bit tacky to me personally. I like the chamkila-ness of the previous one better. I thought it was like so much more fun. I would have definitely wear that if it was better fitted and not as long. But yeah, I think I'm going to have to return this one too. I unfortunately don't like it as much. Next up is a crazy outfit, I think. I somehow thought it would go with these pants. Oh! I like this blazer. It's so warm in this blazer but I do I feel like a boss woman. A boss lady. It fits me It fits me really well. It has shoulder pads also. Wow! I love the silhouette. I love the tailoring. It looks very very flattering on a female body. But my only this thing is so warm. It's so thick. Like it's like a proper blazer, you know? It's not like those flimsy dressy blazers. It's like a legit blazer and it's too hot for that. Summer has begun. There is something in me telling me that I'm going to wear this one day in the future when I have my own business or something and I've been like a miss CEO and I just I really like this. I really really like this. Am I being delulu? I love this. If it makes me this happy, I'm going to keep it. My god, I just realized I messed up big time. 13,000 for just the blazer. I thought I was getting the whole outfit for 13,000 and I was like oh, okay. It's an investment cuz I'll wear it for future events and it's an important event so I need a good outfit. Oh, no. 13,000 for a blazer. Okay, this is though like the most I spent on any outfit, I think and so it's like that's why I'm freaking out a bit. Oh, it was on discount. Like it was for 8,000. BRB. >> [music] >> Few more packages that have come in. So, let's start with Okay, let's start with something I'm excited about. This mesh top which I think will go well with a lot of black dresses that I have. Let's go. Okay, a little backstory to this. I was looking for something like this for quite some time. Mainly because I want to wear a lace top like this underneath a lot of black dresses that I have that are a bit more cleavage-y or deep that I don't feel too comfortable. Like when you go in public, like everyone is like either staring or whatever. Like everyone has their own reasons for feeling uncomfortable. So, for me I wanted something that could make those dresses work and I really liked these kind of floral lace tops. Now, I thought this would be pretty easy to find but I searched a lot. I searched on Amazon, all of these websites and the only kind of lace that you get is was this very busy lace patterns, floral lace patterns that I feel like is maybe five or six years old in terms of fashion. This delicate kind of floral I found it only on Cider, on Nykaa Fashion and it was quite expensive. Again, I waited for the sale. It was on my wish list for the longest time. I really really really like this. I love the material. I love the quality and it is so delicate and so pretty and I can't wait to wear it with uh more outfits and see how better I can style it, but otherwise like quality wise really really good. I've heard that Cider is pretty good though it's expensive, but quality is good and yeah, as per this top, I can attest that I'm really happy with this. Next top is this t-shirt. I'm still on the hunt for some more t-shirts that I can wear at home but also wear outside. So let's see how this pink t-shirt looks. Okay, I immediately love this top. I love the color. I love how minimal this print is. It is very soft. I love the fit like it fits perfectly here. The sleeves are just so just right for me and I think this may be a very content creator problem, but I like that the logo here is just very minimal and then all the artwork is at the back which is this fun like strawberry sorbet kind of design which I think is perfect for summers. Um content creator problem because a lot of times I make videos and brands are like this shirt should be solid or should I have no design or no pattern and then they're like oh I need to find a shirt with no design or pattern. So solved the problem. Oh my goodness, I love this color. I'm so happy with this. This baby pink color, the way it fits, um the way it falls on the body, how soft it is, everything 10 on 10. Next outfit is this funky shirt from The Souled Store. I have seen so much of The Souled Store but I've never picked up a single item from them yet. So this is going to be my first Souled Store item and I like the design. I'm very excited to try it. Okay, so this top I have a bit conflicted. Okay, so first off let me start with what I like. I love the stitching here which has pomodoro. I absolutely love the little detailing of this tomato and it's got like bead work. I don't know if you can see that very very pretty. The color is also nice. The fabric is like a um thicker kind of material. It's not a very thin cottony material. But I think what is conflicting me is kind of the fit of it. I don't know how to explain it, but this feels like a house shirt in terms of the silhouette. I'll have to return this cuz I I know myself and I know I won't be wearing this as much. Next t-shirt is this orange one from Tokyo Talkies. Love the color. Curious to see what the fit is like. Let's go. Um okay, this is like sticking to my body. Like it's that last plank on Titanic and like just holding on for life. Like that's what I feel like it's doing to my body. Flattering feminine kind of t-shirt. Uh I'm just concerned that it's a bit [clears throat] see-through and a bit tight. And also I'm scared that it will um shrink when I wash it. I've never used any from Tokyo Talkies so I don't know what the quality is like. Love the color though. Um love this kind of orange, but man, I don't know. Something about the fit is just not vibing with me and I don't like it as much. And my new philosophy with clothes is if I'm not like wow when I wear it or I don't feel great, I'm not going to keep it because there's no point of just like holding stuff. Uh I'm going to keep it only if I really like it. This does not make the cut so it's going back. Final piece in this delivery is one I'm really excited for. It's this purple halter neck dress that oh I just love it and I just hope it lives up to what my expectations are. Okay. Um First of all, this dress took me forever to put on because I could not figure out how to put it. It has like a knotted thing here. Okay, and that gets like tied up at the back. You see here? With these buttons I could only manage to put the first and the last. And my advice to you if you're getting this is unbutton it first and then put it on and then twist it somehow and put it. Um look, I love the color. I love the silhouette. I just love like halter neck stuff is something I am really enjoying these days and I was really looking for a halter neck top. Uh however, this is like a bit too tight. It's like choking me. Um and let me see I don't know if I have buttoned it wrong or what and if I can adjust it, but otherwise otherwise let's get to the good parts. Comes with these pants and it's like a long tunic. It has pockets. And just overall I am kind of torn between it is it looking like a towel that I have wrapped or is it giving a little bit of flare and a little drama which I usually like from my clothes. Let me add some earrings and show you. Kind of liking it but also not fully sure. Confusion, confusion. It has everything that I like in a outfit. I love that it has a dramatic neckline. It has a breezy silhouette. It has a bit dramatic silhouette also and it's solid. And for some reason these three things uh in totality are quite hard to find in outfits. Like trust me, I spent a lot of time scrolling on Myntra looking for something similar to this. So I'm going to I think I'm going to keep this. I'm going to find a way to make it work and look better, but yeah, in any case you know of other brands that do kind of outfits like this, please let me know. I'm going mad trying to find interesting off-beat outfits. Um but yeah, let me do a final twirl. I'm really feeling myself. I'm going to keep this. Uh I have one last thing to show you. These pants from Kazo, flared pants. I got it supposed to be purple, but anyway I love this color. If you're someone like me who has your heavier on your waist and you have thicker thighs, this kind of flare is extremely extremely flattering for the body type. It makes you look like more curvy. The material it's so thin and soft and comfortable on the skin. I really really like that part of it. Um it has two pockets which I love, but these are mesh pockets. I'm not a fan of the mesh pocket cuz I have an orange phone and it just sticks out when I put in my mesh pocket. But otherwise, you know, whatever, it's fine. Yeah, and it has like a cute little pocket here also. Um but my only only only issue with it is that it is just way too long. Like this excess part always drags on the floor behind me and it's a kind of material where I don't think I can shorten it also because it's kind of a very like a workout material, but uh not a sweaty workout material in the sense that I feel comfortable enough to wear it at home. Uh but I don't want to put stitches in it. I don't know. Does that make sense? Um but yeah. And I'm 5'2, okay. I am the I think average height of Indian women and so I know that they have a tall version also on the website which I'm wondering like how tall are the women there, but this is just it just this this being so long irritates me and yeah, I wish it's just shorter. Even if I pull it up high as high as I can, it's just it's just too long. Like do you see it goes below my chappal and drags all the dirt and dust everywhere I go. So it's hard to wear it on walks. So that was my mini Myntra haul. I hope you enjoyed the video. Um what were your favorite pieces? Let me know in the comments. Was there anything that I returned that you think I should have kept or anything that I kept that you think I should have returned? Like seriously don't tell. It'll be full regret then. Uh but anyway, no, honestly like genuinely love the comment section. Um excited to see you there. All the outfits are linked within the video itself if you want to check it out and I will see you in my next video. Bye. >> [music]",2026-08-20T21:05:56.458638
YouTube,"Myntra & Nykaa Fashion Sale Haul | summer tshirts, shimmery pants, jumpsuits, event outfits",https://www.youtube.com/watch?v=P0y-9-BH0N0,@Raveena-j3v,Recommendations try cava athelisure flared leggings from there website there are size and height options available there leggings and flared leggings are very similar to poplex,Ugy7XNLavUpvIlaC2Td4AaABAg,0,1776699356.460129,"and shimmery. Yeah. I just realized I messed up big time. Okay, a little backstory to this. Am I being delulu? Hello and welcome to a shopping haul after a very long time. I rarely buy clothes until unless I really need to and this time it's of two extremes. One is t-shirts to wear at home and the other is formal business casual to wear for an event. Let's try them out together. These are mostly from Myntra and Nykaa Fashion and I will link all of these clothes below. First is this t-shirt from Adidas that looked comfortable. I like the color and is more of a Well, something I can wear at home but also would not look shabby if I go outside. Let's try it out. Okay, first of all, it is really soft. I really like the color. Not a surprise because it's purple. But but but, it is a bit cropped. So, if I raise my hands like this, you can see my stomach a little bit and I'm not sure if it would be the most comfortable thing to wear. I don't like the sleeves. Like I don't like the length of these sleeves. Something feels a little uncomfortable about it. But, color very nice. Fabric really good. I just don't like this kind of boxy fit and so I think yeah, I'll be returning it but I have one other shirt from Adidas. Quality is really good. It's held up like through multiple washes. Quality I can assure you 100% will be great but this is I'm just not liking it as much. Next is this t-shirt from H&M. H&M had like a crazy sale. Generally, H&M is like okay, fine quality but because it was on discount I picked it up. So, let's see how it looks. Woo! Okay, so this is I mean, it's soft. It's nice. It's like a basic navy t-shirt. Um but I am not liking this as much because because I feel like it's a bit too tight and a bit too body hugging for my personal comfort for wearing at home. Like it doesn't feel as comfortable. So, I will be returning this one as well. This next top is also from H&M. Also was on a good discount. Let's try it on. Okay. Um this shirt I really like. I like the fit. I like how it feels on my body. It's quite soft and also now I know why every other color was sold out and this gray was the only one left. It's a very basic no-nonsense t-shirt. Fits well. Stands well on my body. I feel very very comfortable in it. I can definitely see myself wearing it. It was on discount so woo, keeping this. I think I'm done with all the t-shirts and I have some of the fancy clothes to try on now which I'm most excited about. Start first with this beautiful jumpsuit from H&M. This is what I'm thinking for one of my events. It's a mix of both pretty edgy and a bit formal. Don't know how it look on my body so let's check it out. Okay, I think I messed up because >> [sighs] [laughter] >> I think I ordered the small size. Though I'm pretty sure I ordered like a medium but it's a small that's come. Maybe my mistake. Most probably my mistake. But, I think I need your advice on whether you think I should still get a medium size or one in my correct size. Like do you think this jumpsuit is nice enough? I thought this color would be better suiting me but now I'm leaning towards more brighter jewel tones rather than more muted colors and I feel like this color is a bit dull for me. Like it's like a rust color which I'm like okay with. Let me start with the things that I do like. I like this little gold accent here which means I can get like a wear chunky gold earrings to complete the look. I'm not liking the color as much. Silhouette is great in the sense that I find it to and it is perfect length for me. I've never had something so perfectly length-wise. Usually it's too long and I love it. Um but I'm just like a I think I think I'll exchange it for a longer size. I'm just curious to see what it look like when it would actually fit me and I don't have to hold it up like this and like struggle. Next is a set of chamkila pants. I have a lot of basic black and white tops. Like a lot of body suits and I always feel like oh, I wish I had a shimmery pant to go with that to just do jush up the look and that's what I did. So, let's see if these shimmery pants are worth it. They're looking really nice in this video. Look at that. Shimmer shimmer. Shimmer shimmer. This would look so nice with like a body suit. Like a black body suit or a white body suit and the fact that it's turquoise really helps but I have two issues. One is that this waist is elastic and I'm afraid it's not going to give me that nice neat look and also it's jutting out at the back here. I don't know if you can see it. Doesn't give that clean finished look. Secondly, um it is Let me stand on the bed for this. If I'm wearing heels, it's fine but if I'm just standing, it's a bit too long for me even if I pull it up really high. So, I'm >> [snorts] >> I love I mean, I love how glittery it is and shimmery. Yeah, but I am not 100% convinced about this and it is a fair bit expensive even after discount so I think I'm going to return this. Let's try the next chamkila pant. Okay, [snorts] this one I am liking so much more. Um let me climb on the bed again to show you the length. It's not too long. Length is great. I like that it is tailored in the sense that it has a zip and it's an enclosure rather than being an elastic. I like that it has pockets. Always a positive in my book. I don't know why this one feels a little bit cheap or maybe it's the glitter sequence. I don't know what it is about it that's making it feel a bit cheap. And I also I don't know. I feel like if it was better fitted, like again, this one also is having the gap at the back and maybe that's why it's causing the weird around the crotch area. Um I am not like too happy with this one either. Am I like overthinking it? Please let me know but something about this is giving a bit tacky to me personally. I like the chamkila-ness of the previous one better. I thought it was like so much more fun. I would have definitely wear that if it was better fitted and not as long. But yeah, I think I'm going to have to return this one too. I unfortunately don't like it as much. Next up is a crazy outfit, I think. I somehow thought it would go with these pants. Oh! I like this blazer. It's so warm in this blazer but I do I feel like a boss woman. A boss lady. It fits me It fits me really well. It has shoulder pads also. Wow! I love the silhouette. I love the tailoring. It looks very very flattering on a female body. But my only this thing is so warm. It's so thick. Like it's like a proper blazer, you know? It's not like those flimsy dressy blazers. It's like a legit blazer and it's too hot for that. Summer has begun. There is something in me telling me that I'm going to wear this one day in the future when I have my own business or something and I've been like a miss CEO and I just I really like this. I really really like this. Am I being delulu? I love this. If it makes me this happy, I'm going to keep it. My god, I just realized I messed up big time. 13,000 for just the blazer. I thought I was getting the whole outfit for 13,000 and I was like oh, okay. It's an investment cuz I'll wear it for future events and it's an important event so I need a good outfit. Oh, no. 13,000 for a blazer. Okay, this is though like the most I spent on any outfit, I think and so it's like that's why I'm freaking out a bit. Oh, it was on discount. Like it was for 8,000. BRB. >> [music] >> Few more packages that have come in. So, let's start with Okay, let's start with something I'm excited about. This mesh top which I think will go well with a lot of black dresses that I have. Let's go. Okay, a little backstory to this. I was looking for something like this for quite some time. Mainly because I want to wear a lace top like this underneath a lot of black dresses that I have that are a bit more cleavage-y or deep that I don't feel too comfortable. Like when you go in public, like everyone is like either staring or whatever. Like everyone has their own reasons for feeling uncomfortable. So, for me I wanted something that could make those dresses work and I really liked these kind of floral lace tops. Now, I thought this would be pretty easy to find but I searched a lot. I searched on Amazon, all of these websites and the only kind of lace that you get is was this very busy lace patterns, floral lace patterns that I feel like is maybe five or six years old in terms of fashion. This delicate kind of floral I found it only on Cider, on Nykaa Fashion and it was quite expensive. Again, I waited for the sale. It was on my wish list for the longest time. I really really really like this. I love the material. I love the quality and it is so delicate and so pretty and I can't wait to wear it with uh more outfits and see how better I can style it, but otherwise like quality wise really really good. I've heard that Cider is pretty good though it's expensive, but quality is good and yeah, as per this top, I can attest that I'm really happy with this. Next top is this t-shirt. I'm still on the hunt for some more t-shirts that I can wear at home but also wear outside. So let's see how this pink t-shirt looks. Okay, I immediately love this top. I love the color. I love how minimal this print is. It is very soft. I love the fit like it fits perfectly here. The sleeves are just so just right for me and I think this may be a very content creator problem, but I like that the logo here is just very minimal and then all the artwork is at the back which is this fun like strawberry sorbet kind of design which I think is perfect for summers. Um content creator problem because a lot of times I make videos and brands are like this shirt should be solid or should I have no design or no pattern and then they're like oh I need to find a shirt with no design or pattern. So solved the problem. Oh my goodness, I love this color. I'm so happy with this. This baby pink color, the way it fits, um the way it falls on the body, how soft it is, everything 10 on 10. Next outfit is this funky shirt from The Souled Store. I have seen so much of The Souled Store but I've never picked up a single item from them yet. So this is going to be my first Souled Store item and I like the design. I'm very excited to try it. Okay, so this top I have a bit conflicted. Okay, so first off let me start with what I like. I love the stitching here which has pomodoro. I absolutely love the little detailing of this tomato and it's got like bead work. I don't know if you can see that very very pretty. The color is also nice. The fabric is like a um thicker kind of material. It's not a very thin cottony material. But I think what is conflicting me is kind of the fit of it. I don't know how to explain it, but this feels like a house shirt in terms of the silhouette. I'll have to return this cuz I I know myself and I know I won't be wearing this as much. Next t-shirt is this orange one from Tokyo Talkies. Love the color. Curious to see what the fit is like. Let's go. Um okay, this is like sticking to my body. Like it's that last plank on Titanic and like just holding on for life. Like that's what I feel like it's doing to my body. Flattering feminine kind of t-shirt. Uh I'm just concerned that it's a bit [clears throat] see-through and a bit tight. And also I'm scared that it will um shrink when I wash it. I've never used any from Tokyo Talkies so I don't know what the quality is like. Love the color though. Um love this kind of orange, but man, I don't know. Something about the fit is just not vibing with me and I don't like it as much. And my new philosophy with clothes is if I'm not like wow when I wear it or I don't feel great, I'm not going to keep it because there's no point of just like holding stuff. Uh I'm going to keep it only if I really like it. This does not make the cut so it's going back. Final piece in this delivery is one I'm really excited for. It's this purple halter neck dress that oh I just love it and I just hope it lives up to what my expectations are. Okay. Um First of all, this dress took me forever to put on because I could not figure out how to put it. It has like a knotted thing here. Okay, and that gets like tied up at the back. You see here? With these buttons I could only manage to put the first and the last. And my advice to you if you're getting this is unbutton it first and then put it on and then twist it somehow and put it. Um look, I love the color. I love the silhouette. I just love like halter neck stuff is something I am really enjoying these days and I was really looking for a halter neck top. Uh however, this is like a bit too tight. It's like choking me. Um and let me see I don't know if I have buttoned it wrong or what and if I can adjust it, but otherwise otherwise let's get to the good parts. Comes with these pants and it's like a long tunic. It has pockets. And just overall I am kind of torn between it is it looking like a towel that I have wrapped or is it giving a little bit of flare and a little drama which I usually like from my clothes. Let me add some earrings and show you. Kind of liking it but also not fully sure. Confusion, confusion. It has everything that I like in a outfit. I love that it has a dramatic neckline. It has a breezy silhouette. It has a bit dramatic silhouette also and it's solid. And for some reason these three things uh in totality are quite hard to find in outfits. Like trust me, I spent a lot of time scrolling on Myntra looking for something similar to this. So I'm going to I think I'm going to keep this. I'm going to find a way to make it work and look better, but yeah, in any case you know of other brands that do kind of outfits like this, please let me know. I'm going mad trying to find interesting off-beat outfits. Um but yeah, let me do a final twirl. I'm really feeling myself. I'm going to keep this. Uh I have one last thing to show you. These pants from Kazo, flared pants. I got it supposed to be purple, but anyway I love this color. If you're someone like me who has your heavier on your waist and you have thicker thighs, this kind of flare is extremely extremely flattering for the body type. It makes you look like more curvy. The material it's so thin and soft and comfortable on the skin. I really really like that part of it. Um it has two pockets which I love, but these are mesh pockets. I'm not a fan of the mesh pocket cuz I have an orange phone and it just sticks out when I put in my mesh pocket. But otherwise, you know, whatever, it's fine. Yeah, and it has like a cute little pocket here also. Um but my only only only issue with it is that it is just way too long. Like this excess part always drags on the floor behind me and it's a kind of material where I don't think I can shorten it also because it's kind of a very like a workout material, but uh not a sweaty workout material in the sense that I feel comfortable enough to wear it at home. Uh but I don't want to put stitches in it. I don't know. Does that make sense? Um but yeah. And I'm 5'2, okay. I am the I think average height of Indian women and so I know that they have a tall version also on the website which I'm wondering like how tall are the women there, but this is just it just this this being so long irritates me and yeah, I wish it's just shorter. Even if I pull it up high as high as I can, it's just it's just too long. Like do you see it goes below my chappal and drags all the dirt and dust everywhere I go. So it's hard to wear it on walks. So that was my mini Myntra haul. I hope you enjoyed the video. Um what were your favorite pieces? Let me know in the comments. Was there anything that I returned that you think I should have kept or anything that I kept that you think I should have returned? Like seriously don't tell. It'll be full regret then. Uh but anyway, no, honestly like genuinely love the comment section. Um excited to see you there. All the outfits are linked within the video itself if you want to check it out and I will see you in my next video. Bye. >> [music]",2026-08-20T21:05:56.460235
YouTube,"Myntra & Nykaa Fashion Sale Haul | summer tshirts, shimmery pants, jumpsuits, event outfits",https://www.youtube.com/watch?v=P0y-9-BH0N0,@samikshyabhatta756,hiii can you tell us where did you get the necklace you are wearing ??,UgylUhU9Mccle7WyhJZ4AaABAg,1,1776699356.461767,"and shimmery. Yeah. I just realized I messed up big time. Okay, a little backstory to this. Am I being delulu? Hello and welcome to a shopping haul after a very long time. I rarely buy clothes until unless I really need to and this time it's of two extremes. One is t-shirts to wear at home and the other is formal business casual to wear for an event. Let's try them out together. These are mostly from Myntra and Nykaa Fashion and I will link all of these clothes below. First is this t-shirt from Adidas that looked comfortable. I like the color and is more of a Well, something I can wear at home but also would not look shabby if I go outside. Let's try it out. Okay, first of all, it is really soft. I really like the color. Not a surprise because it's purple. But but but, it is a bit cropped. So, if I raise my hands like this, you can see my stomach a little bit and I'm not sure if it would be the most comfortable thing to wear. I don't like the sleeves. Like I don't like the length of these sleeves. Something feels a little uncomfortable about it. But, color very nice. Fabric really good. I just don't like this kind of boxy fit and so I think yeah, I'll be returning it but I have one other shirt from Adidas. Quality is really good. It's held up like through multiple washes. Quality I can assure you 100% will be great but this is I'm just not liking it as much. Next is this t-shirt from H&M. H&M had like a crazy sale. Generally, H&M is like okay, fine quality but because it was on discount I picked it up. So, let's see how it looks. Woo! Okay, so this is I mean, it's soft. It's nice. It's like a basic navy t-shirt. Um but I am not liking this as much because because I feel like it's a bit too tight and a bit too body hugging for my personal comfort for wearing at home. Like it doesn't feel as comfortable. So, I will be returning this one as well. This next top is also from H&M. Also was on a good discount. Let's try it on. Okay. Um this shirt I really like. I like the fit. I like how it feels on my body. It's quite soft and also now I know why every other color was sold out and this gray was the only one left. It's a very basic no-nonsense t-shirt. Fits well. Stands well on my body. I feel very very comfortable in it. I can definitely see myself wearing it. It was on discount so woo, keeping this. I think I'm done with all the t-shirts and I have some of the fancy clothes to try on now which I'm most excited about. Start first with this beautiful jumpsuit from H&M. This is what I'm thinking for one of my events. It's a mix of both pretty edgy and a bit formal. Don't know how it look on my body so let's check it out. Okay, I think I messed up because >> [sighs] [laughter] >> I think I ordered the small size. Though I'm pretty sure I ordered like a medium but it's a small that's come. Maybe my mistake. Most probably my mistake. But, I think I need your advice on whether you think I should still get a medium size or one in my correct size. Like do you think this jumpsuit is nice enough? I thought this color would be better suiting me but now I'm leaning towards more brighter jewel tones rather than more muted colors and I feel like this color is a bit dull for me. Like it's like a rust color which I'm like okay with. Let me start with the things that I do like. I like this little gold accent here which means I can get like a wear chunky gold earrings to complete the look. I'm not liking the color as much. Silhouette is great in the sense that I find it to and it is perfect length for me. I've never had something so perfectly length-wise. Usually it's too long and I love it. Um but I'm just like a I think I think I'll exchange it for a longer size. I'm just curious to see what it look like when it would actually fit me and I don't have to hold it up like this and like struggle. Next is a set of chamkila pants. I have a lot of basic black and white tops. Like a lot of body suits and I always feel like oh, I wish I had a shimmery pant to go with that to just do jush up the look and that's what I did. So, let's see if these shimmery pants are worth it. They're looking really nice in this video. Look at that. Shimmer shimmer. Shimmer shimmer. This would look so nice with like a body suit. Like a black body suit or a white body suit and the fact that it's turquoise really helps but I have two issues. One is that this waist is elastic and I'm afraid it's not going to give me that nice neat look and also it's jutting out at the back here. I don't know if you can see it. Doesn't give that clean finished look. Secondly, um it is Let me stand on the bed for this. If I'm wearing heels, it's fine but if I'm just standing, it's a bit too long for me even if I pull it up really high. So, I'm >> [snorts] >> I love I mean, I love how glittery it is and shimmery. Yeah, but I am not 100% convinced about this and it is a fair bit expensive even after discount so I think I'm going to return this. Let's try the next chamkila pant. Okay, [snorts] this one I am liking so much more. Um let me climb on the bed again to show you the length. It's not too long. Length is great. I like that it is tailored in the sense that it has a zip and it's an enclosure rather than being an elastic. I like that it has pockets. Always a positive in my book. I don't know why this one feels a little bit cheap or maybe it's the glitter sequence. I don't know what it is about it that's making it feel a bit cheap. And I also I don't know. I feel like if it was better fitted, like again, this one also is having the gap at the back and maybe that's why it's causing the weird around the crotch area. Um I am not like too happy with this one either. Am I like overthinking it? Please let me know but something about this is giving a bit tacky to me personally. I like the chamkila-ness of the previous one better. I thought it was like so much more fun. I would have definitely wear that if it was better fitted and not as long. But yeah, I think I'm going to have to return this one too. I unfortunately don't like it as much. Next up is a crazy outfit, I think. I somehow thought it would go with these pants. Oh! I like this blazer. It's so warm in this blazer but I do I feel like a boss woman. A boss lady. It fits me It fits me really well. It has shoulder pads also. Wow! I love the silhouette. I love the tailoring. It looks very very flattering on a female body. But my only this thing is so warm. It's so thick. Like it's like a proper blazer, you know? It's not like those flimsy dressy blazers. It's like a legit blazer and it's too hot for that. Summer has begun. There is something in me telling me that I'm going to wear this one day in the future when I have my own business or something and I've been like a miss CEO and I just I really like this. I really really like this. Am I being delulu? I love this. If it makes me this happy, I'm going to keep it. My god, I just realized I messed up big time. 13,000 for just the blazer. I thought I was getting the whole outfit for 13,000 and I was like oh, okay. It's an investment cuz I'll wear it for future events and it's an important event so I need a good outfit. Oh, no. 13,000 for a blazer. Okay, this is though like the most I spent on any outfit, I think and so it's like that's why I'm freaking out a bit. Oh, it was on discount. Like it was for 8,000. BRB. >> [music] >> Few more packages that have come in. So, let's start with Okay, let's start with something I'm excited about. This mesh top which I think will go well with a lot of black dresses that I have. Let's go. Okay, a little backstory to this. I was looking for something like this for quite some time. Mainly because I want to wear a lace top like this underneath a lot of black dresses that I have that are a bit more cleavage-y or deep that I don't feel too comfortable. Like when you go in public, like everyone is like either staring or whatever. Like everyone has their own reasons for feeling uncomfortable. So, for me I wanted something that could make those dresses work and I really liked these kind of floral lace tops. Now, I thought this would be pretty easy to find but I searched a lot. I searched on Amazon, all of these websites and the only kind of lace that you get is was this very busy lace patterns, floral lace patterns that I feel like is maybe five or six years old in terms of fashion. This delicate kind of floral I found it only on Cider, on Nykaa Fashion and it was quite expensive. Again, I waited for the sale. It was on my wish list for the longest time. I really really really like this. I love the material. I love the quality and it is so delicate and so pretty and I can't wait to wear it with uh more outfits and see how better I can style it, but otherwise like quality wise really really good. I've heard that Cider is pretty good though it's expensive, but quality is good and yeah, as per this top, I can attest that I'm really happy with this. Next top is this t-shirt. I'm still on the hunt for some more t-shirts that I can wear at home but also wear outside. So let's see how this pink t-shirt looks. Okay, I immediately love this top. I love the color. I love how minimal this print is. It is very soft. I love the fit like it fits perfectly here. The sleeves are just so just right for me and I think this may be a very content creator problem, but I like that the logo here is just very minimal and then all the artwork is at the back which is this fun like strawberry sorbet kind of design which I think is perfect for summers. Um content creator problem because a lot of times I make videos and brands are like this shirt should be solid or should I have no design or no pattern and then they're like oh I need to find a shirt with no design or pattern. So solved the problem. Oh my goodness, I love this color. I'm so happy with this. This baby pink color, the way it fits, um the way it falls on the body, how soft it is, everything 10 on 10. Next outfit is this funky shirt from The Souled Store. I have seen so much of The Souled Store but I've never picked up a single item from them yet. So this is going to be my first Souled Store item and I like the design. I'm very excited to try it. Okay, so this top I have a bit conflicted. Okay, so first off let me start with what I like. I love the stitching here which has pomodoro. I absolutely love the little detailing of this tomato and it's got like bead work. I don't know if you can see that very very pretty. The color is also nice. The fabric is like a um thicker kind of material. It's not a very thin cottony material. But I think what is conflicting me is kind of the fit of it. I don't know how to explain it, but this feels like a house shirt in terms of the silhouette. I'll have to return this cuz I I know myself and I know I won't be wearing this as much. Next t-shirt is this orange one from Tokyo Talkies. Love the color. Curious to see what the fit is like. Let's go. Um okay, this is like sticking to my body. Like it's that last plank on Titanic and like just holding on for life. Like that's what I feel like it's doing to my body. Flattering feminine kind of t-shirt. Uh I'm just concerned that it's a bit [clears throat] see-through and a bit tight. And also I'm scared that it will um shrink when I wash it. I've never used any from Tokyo Talkies so I don't know what the quality is like. Love the color though. Um love this kind of orange, but man, I don't know. Something about the fit is just not vibing with me and I don't like it as much. And my new philosophy with clothes is if I'm not like wow when I wear it or I don't feel great, I'm not going to keep it because there's no point of just like holding stuff. Uh I'm going to keep it only if I really like it. This does not make the cut so it's going back. Final piece in this delivery is one I'm really excited for. It's this purple halter neck dress that oh I just love it and I just hope it lives up to what my expectations are. Okay. Um First of all, this dress took me forever to put on because I could not figure out how to put it. It has like a knotted thing here. Okay, and that gets like tied up at the back. You see here? With these buttons I could only manage to put the first and the last. And my advice to you if you're getting this is unbutton it first and then put it on and then twist it somehow and put it. Um look, I love the color. I love the silhouette. I just love like halter neck stuff is something I am really enjoying these days and I was really looking for a halter neck top. Uh however, this is like a bit too tight. It's like choking me. Um and let me see I don't know if I have buttoned it wrong or what and if I can adjust it, but otherwise otherwise let's get to the good parts. Comes with these pants and it's like a long tunic. It has pockets. And just overall I am kind of torn between it is it looking like a towel that I have wrapped or is it giving a little bit of flare and a little drama which I usually like from my clothes. Let me add some earrings and show you. Kind of liking it but also not fully sure. Confusion, confusion. It has everything that I like in a outfit. I love that it has a dramatic neckline. It has a breezy silhouette. It has a bit dramatic silhouette also and it's solid. And for some reason these three things uh in totality are quite hard to find in outfits. Like trust me, I spent a lot of time scrolling on Myntra looking for something similar to this. So I'm going to I think I'm going to keep this. I'm going to find a way to make it work and look better, but yeah, in any case you know of other brands that do kind of outfits like this, please let me know. I'm going mad trying to find interesting off-beat outfits. Um but yeah, let me do a final twirl. I'm really feeling myself. I'm going to keep this. Uh I have one last thing to show you. These pants from Kazo, flared pants. I got it supposed to be purple, but anyway I love this color. If you're someone like me who has your heavier on your waist and you have thicker thighs, this kind of flare is extremely extremely flattering for the body type. It makes you look like more curvy. The material it's so thin and soft and comfortable on the skin. I really really like that part of it. Um it has two pockets which I love, but these are mesh pockets. I'm not a fan of the mesh pocket cuz I have an orange phone and it just sticks out when I put in my mesh pocket. But otherwise, you know, whatever, it's fine. Yeah, and it has like a cute little pocket here also. Um but my only only only issue with it is that it is just way too long. Like this excess part always drags on the floor behind me and it's a kind of material where I don't think I can shorten it also because it's kind of a very like a workout material, but uh not a sweaty workout material in the sense that I feel comfortable enough to wear it at home. Uh but I don't want to put stitches in it. I don't know. Does that make sense? Um but yeah. And I'm 5'2, okay. I am the I think average height of Indian women and so I know that they have a tall version also on the website which I'm wondering like how tall are the women there, but this is just it just this this being so long irritates me and yeah, I wish it's just shorter. Even if I pull it up high as high as I can, it's just it's just too long. Like do you see it goes below my chappal and drags all the dirt and dust everywhere I go. So it's hard to wear it on walks. So that was my mini Myntra haul. I hope you enjoyed the video. Um what were your favorite pieces? Let me know in the comments. Was there anything that I returned that you think I should have kept or anything that I kept that you think I should have returned? Like seriously don't tell. It'll be full regret then. Uh but anyway, no, honestly like genuinely love the comment section. Um excited to see you there. All the outfits are linked within the video itself if you want to check it out and I will see you in my next video. Bye. >> [music]",2026-08-20T21:05:56.461878
YouTube,"Myntra & Nykaa Fashion Sale Haul | summer tshirts, shimmery pants, jumpsuits, event outfits",https://www.youtube.com/watch?v=P0y-9-BH0N0,@tomromy9093,"Want more content like this! Btw you're right the Purple dress looks a bit like a bathrobe. Also, never wear a Green hat with that 😅 IYKYK",Ugxva5AB1RsZER7dpwN4AaABAg,2,1776699356.46339,"and shimmery. Yeah. I just realized I messed up big time. Okay, a little backstory to this. Am I being delulu? Hello and welcome to a shopping haul after a very long time. I rarely buy clothes until unless I really need to and this time it's of two extremes. One is t-shirts to wear at home and the other is formal business casual to wear for an event. Let's try them out together. These are mostly from Myntra and Nykaa Fashion and I will link all of these clothes below. First is this t-shirt from Adidas that looked comfortable. I like the color and is more of a Well, something I can wear at home but also would not look shabby if I go outside. Let's try it out. Okay, first of all, it is really soft. I really like the color. Not a surprise because it's purple. But but but, it is a bit cropped. So, if I raise my hands like this, you can see my stomach a little bit and I'm not sure if it would be the most comfortable thing to wear. I don't like the sleeves. Like I don't like the length of these sleeves. Something feels a little uncomfortable about it. But, color very nice. Fabric really good. I just don't like this kind of boxy fit and so I think yeah, I'll be returning it but I have one other shirt from Adidas. Quality is really good. It's held up like through multiple washes. Quality I can assure you 100% will be great but this is I'm just not liking it as much. Next is this t-shirt from H&M. H&M had like a crazy sale. Generally, H&M is like okay, fine quality but because it was on discount I picked it up. So, let's see how it looks. Woo! Okay, so this is I mean, it's soft. It's nice. It's like a basic navy t-shirt. Um but I am not liking this as much because because I feel like it's a bit too tight and a bit too body hugging for my personal comfort for wearing at home. Like it doesn't feel as comfortable. So, I will be returning this one as well. This next top is also from H&M. Also was on a good discount. Let's try it on. Okay. Um this shirt I really like. I like the fit. I like how it feels on my body. It's quite soft and also now I know why every other color was sold out and this gray was the only one left. It's a very basic no-nonsense t-shirt. Fits well. Stands well on my body. I feel very very comfortable in it. I can definitely see myself wearing it. It was on discount so woo, keeping this. I think I'm done with all the t-shirts and I have some of the fancy clothes to try on now which I'm most excited about. Start first with this beautiful jumpsuit from H&M. This is what I'm thinking for one of my events. It's a mix of both pretty edgy and a bit formal. Don't know how it look on my body so let's check it out. Okay, I think I messed up because >> [sighs] [laughter] >> I think I ordered the small size. Though I'm pretty sure I ordered like a medium but it's a small that's come. Maybe my mistake. Most probably my mistake. But, I think I need your advice on whether you think I should still get a medium size or one in my correct size. Like do you think this jumpsuit is nice enough? I thought this color would be better suiting me but now I'm leaning towards more brighter jewel tones rather than more muted colors and I feel like this color is a bit dull for me. Like it's like a rust color which I'm like okay with. Let me start with the things that I do like. I like this little gold accent here which means I can get like a wear chunky gold earrings to complete the look. I'm not liking the color as much. Silhouette is great in the sense that I find it to and it is perfect length for me. I've never had something so perfectly length-wise. Usually it's too long and I love it. Um but I'm just like a I think I think I'll exchange it for a longer size. I'm just curious to see what it look like when it would actually fit me and I don't have to hold it up like this and like struggle. Next is a set of chamkila pants. I have a lot of basic black and white tops. Like a lot of body suits and I always feel like oh, I wish I had a shimmery pant to go with that to just do jush up the look and that's what I did. So, let's see if these shimmery pants are worth it. They're looking really nice in this video. Look at that. Shimmer shimmer. Shimmer shimmer. This would look so nice with like a body suit. Like a black body suit or a white body suit and the fact that it's turquoise really helps but I have two issues. One is that this waist is elastic and I'm afraid it's not going to give me that nice neat look and also it's jutting out at the back here. I don't know if you can see it. Doesn't give that clean finished look. Secondly, um it is Let me stand on the bed for this. If I'm wearing heels, it's fine but if I'm just standing, it's a bit too long for me even if I pull it up really high. So, I'm >> [snorts] >> I love I mean, I love how glittery it is and shimmery. Yeah, but I am not 100% convinced about this and it is a fair bit expensive even after discount so I think I'm going to return this. Let's try the next chamkila pant. Okay, [snorts] this one I am liking so much more. Um let me climb on the bed again to show you the length. It's not too long. Length is great. I like that it is tailored in the sense that it has a zip and it's an enclosure rather than being an elastic. I like that it has pockets. Always a positive in my book. I don't know why this one feels a little bit cheap or maybe it's the glitter sequence. I don't know what it is about it that's making it feel a bit cheap. And I also I don't know. I feel like if it was better fitted, like again, this one also is having the gap at the back and maybe that's why it's causing the weird around the crotch area. Um I am not like too happy with this one either. Am I like overthinking it? Please let me know but something about this is giving a bit tacky to me personally. I like the chamkila-ness of the previous one better. I thought it was like so much more fun. I would have definitely wear that if it was better fitted and not as long. But yeah, I think I'm going to have to return this one too. I unfortunately don't like it as much. Next up is a crazy outfit, I think. I somehow thought it would go with these pants. Oh! I like this blazer. It's so warm in this blazer but I do I feel like a boss woman. A boss lady. It fits me It fits me really well. It has shoulder pads also. Wow! I love the silhouette. I love the tailoring. It looks very very flattering on a female body. But my only this thing is so warm. It's so thick. Like it's like a proper blazer, you know? It's not like those flimsy dressy blazers. It's like a legit blazer and it's too hot for that. Summer has begun. There is something in me telling me that I'm going to wear this one day in the future when I have my own business or something and I've been like a miss CEO and I just I really like this. I really really like this. Am I being delulu? I love this. If it makes me this happy, I'm going to keep it. My god, I just realized I messed up big time. 13,000 for just the blazer. I thought I was getting the whole outfit for 13,000 and I was like oh, okay. It's an investment cuz I'll wear it for future events and it's an important event so I need a good outfit. Oh, no. 13,000 for a blazer. Okay, this is though like the most I spent on any outfit, I think and so it's like that's why I'm freaking out a bit. Oh, it was on discount. Like it was for 8,000. BRB. >> [music] >> Few more packages that have come in. So, let's start with Okay, let's start with something I'm excited about. This mesh top which I think will go well with a lot of black dresses that I have. Let's go. Okay, a little backstory to this. I was looking for something like this for quite some time. Mainly because I want to wear a lace top like this underneath a lot of black dresses that I have that are a bit more cleavage-y or deep that I don't feel too comfortable. Like when you go in public, like everyone is like either staring or whatever. Like everyone has their own reasons for feeling uncomfortable. So, for me I wanted something that could make those dresses work and I really liked these kind of floral lace tops. Now, I thought this would be pretty easy to find but I searched a lot. I searched on Amazon, all of these websites and the only kind of lace that you get is was this very busy lace patterns, floral lace patterns that I feel like is maybe five or six years old in terms of fashion. This delicate kind of floral I found it only on Cider, on Nykaa Fashion and it was quite expensive. Again, I waited for the sale. It was on my wish list for the longest time. I really really really like this. I love the material. I love the quality and it is so delicate and so pretty and I can't wait to wear it with uh more outfits and see how better I can style it, but otherwise like quality wise really really good. I've heard that Cider is pretty good though it's expensive, but quality is good and yeah, as per this top, I can attest that I'm really happy with this. Next top is this t-shirt. I'm still on the hunt for some more t-shirts that I can wear at home but also wear outside. So let's see how this pink t-shirt looks. Okay, I immediately love this top. I love the color. I love how minimal this print is. It is very soft. I love the fit like it fits perfectly here. The sleeves are just so just right for me and I think this may be a very content creator problem, but I like that the logo here is just very minimal and then all the artwork is at the back which is this fun like strawberry sorbet kind of design which I think is perfect for summers. Um content creator problem because a lot of times I make videos and brands are like this shirt should be solid or should I have no design or no pattern and then they're like oh I need to find a shirt with no design or pattern. So solved the problem. Oh my goodness, I love this color. I'm so happy with this. This baby pink color, the way it fits, um the way it falls on the body, how soft it is, everything 10 on 10. Next outfit is this funky shirt from The Souled Store. I have seen so much of The Souled Store but I've never picked up a single item from them yet. So this is going to be my first Souled Store item and I like the design. I'm very excited to try it. Okay, so this top I have a bit conflicted. Okay, so first off let me start with what I like. I love the stitching here which has pomodoro. I absolutely love the little detailing of this tomato and it's got like bead work. I don't know if you can see that very very pretty. The color is also nice. The fabric is like a um thicker kind of material. It's not a very thin cottony material. But I think what is conflicting me is kind of the fit of it. I don't know how to explain it, but this feels like a house shirt in terms of the silhouette. I'll have to return this cuz I I know myself and I know I won't be wearing this as much. Next t-shirt is this orange one from Tokyo Talkies. Love the color. Curious to see what the fit is like. Let's go. Um okay, this is like sticking to my body. Like it's that last plank on Titanic and like just holding on for life. Like that's what I feel like it's doing to my body. Flattering feminine kind of t-shirt. Uh I'm just concerned that it's a bit [clears throat] see-through and a bit tight. And also I'm scared that it will um shrink when I wash it. I've never used any from Tokyo Talkies so I don't know what the quality is like. Love the color though. Um love this kind of orange, but man, I don't know. Something about the fit is just not vibing with me and I don't like it as much. And my new philosophy with clothes is if I'm not like wow when I wear it or I don't feel great, I'm not going to keep it because there's no point of just like holding stuff. Uh I'm going to keep it only if I really like it. This does not make the cut so it's going back. Final piece in this delivery is one I'm really excited for. It's this purple halter neck dress that oh I just love it and I just hope it lives up to what my expectations are. Okay. Um First of all, this dress took me forever to put on because I could not figure out how to put it. It has like a knotted thing here. Okay, and that gets like tied up at the back. You see here? With these buttons I could only manage to put the first and the last. And my advice to you if you're getting this is unbutton it first and then put it on and then twist it somehow and put it. Um look, I love the color. I love the silhouette. I just love like halter neck stuff is something I am really enjoying these days and I was really looking for a halter neck top. Uh however, this is like a bit too tight. It's like choking me. Um and let me see I don't know if I have buttoned it wrong or what and if I can adjust it, but otherwise otherwise let's get to the good parts. Comes with these pants and it's like a long tunic. It has pockets. And just overall I am kind of torn between it is it looking like a towel that I have wrapped or is it giving a little bit of flare and a little drama which I usually like from my clothes. Let me add some earrings and show you. Kind of liking it but also not fully sure. Confusion, confusion. It has everything that I like in a outfit. I love that it has a dramatic neckline. It has a breezy silhouette. It has a bit dramatic silhouette also and it's solid. And for some reason these three things uh in totality are quite hard to find in outfits. Like trust me, I spent a lot of time scrolling on Myntra looking for something similar to this. So I'm going to I think I'm going to keep this. I'm going to find a way to make it work and look better, but yeah, in any case you know of other brands that do kind of outfits like this, please let me know. I'm going mad trying to find interesting off-beat outfits. Um but yeah, let me do a final twirl. I'm really feeling myself. I'm going to keep this. Uh I have one last thing to show you. These pants from Kazo, flared pants. I got it supposed to be purple, but anyway I love this color. If you're someone like me who has your heavier on your waist and you have thicker thighs, this kind of flare is extremely extremely flattering for the body type. It makes you look like more curvy. The material it's so thin and soft and comfortable on the skin. I really really like that part of it. Um it has two pockets which I love, but these are mesh pockets. I'm not a fan of the mesh pocket cuz I have an orange phone and it just sticks out when I put in my mesh pocket. But otherwise, you know, whatever, it's fine. Yeah, and it has like a cute little pocket here also. Um but my only only only issue with it is that it is just way too long. Like this excess part always drags on the floor behind me and it's a kind of material where I don't think I can shorten it also because it's kind of a very like a workout material, but uh not a sweaty workout material in the sense that I feel comfortable enough to wear it at home. Uh but I don't want to put stitches in it. I don't know. Does that make sense? Um but yeah. And I'm 5'2, okay. I am the I think average height of Indian women and so I know that they have a tall version also on the website which I'm wondering like how tall are the women there, but this is just it just this this being so long irritates me and yeah, I wish it's just shorter. Even if I pull it up high as high as I can, it's just it's just too long. Like do you see it goes below my chappal and drags all the dirt and dust everywhere I go. So it's hard to wear it on walks. So that was my mini Myntra haul. I hope you enjoyed the video. Um what were your favorite pieces? Let me know in the comments. Was there anything that I returned that you think I should have kept or anything that I kept that you think I should have returned? Like seriously don't tell. It'll be full regret then. Uh but anyway, no, honestly like genuinely love the comment section. Um excited to see you there. All the outfits are linked within the video itself if you want to check it out and I will see you in my next video. Bye. >> [music]",2026-08-20T21:05:56.463486
YouTube,"Myntra & Nykaa Fashion Sale Haul | summer tshirts, shimmery pants, jumpsuits, event outfits",https://www.youtube.com/watch?v=P0y-9-BH0N0,@prajaktaubhe28,Unrush is a brand that has interesting clothes ❤,Ugz-52yHxWv0Chel_dl4AaABAg,1,1776699356.46496,"and shimmery. Yeah. I just realized I messed up big time. Okay, a little backstory to this. Am I being delulu? Hello and welcome to a shopping haul after a very long time. I rarely buy clothes until unless I really need to and this time it's of two extremes. One is t-shirts to wear at home and the other is formal business casual to wear for an event. Let's try them out together. These are mostly from Myntra and Nykaa Fashion and I will link all of these clothes below. First is this t-shirt from Adidas that looked comfortable. I like the color and is more of a Well, something I can wear at home but also would not look shabby if I go outside. Let's try it out. Okay, first of all, it is really soft. I really like the color. Not a surprise because it's purple. But but but, it is a bit cropped. So, if I raise my hands like this, you can see my stomach a little bit and I'm not sure if it would be the most comfortable thing to wear. I don't like the sleeves. Like I don't like the length of these sleeves. Something feels a little uncomfortable about it. But, color very nice. Fabric really good. I just don't like this kind of boxy fit and so I think yeah, I'll be returning it but I have one other shirt from Adidas. Quality is really good. It's held up like through multiple washes. Quality I can assure you 100% will be great but this is I'm just not liking it as much. Next is this t-shirt from H&M. H&M had like a crazy sale. Generally, H&M is like okay, fine quality but because it was on discount I picked it up. So, let's see how it looks. Woo! Okay, so this is I mean, it's soft. It's nice. It's like a basic navy t-shirt. Um but I am not liking this as much because because I feel like it's a bit too tight and a bit too body hugging for my personal comfort for wearing at home. Like it doesn't feel as comfortable. So, I will be returning this one as well. This next top is also from H&M. Also was on a good discount. Let's try it on. Okay. Um this shirt I really like. I like the fit. I like how it feels on my body. It's quite soft and also now I know why every other color was sold out and this gray was the only one left. It's a very basic no-nonsense t-shirt. Fits well. Stands well on my body. I feel very very comfortable in it. I can definitely see myself wearing it. It was on discount so woo, keeping this. I think I'm done with all the t-shirts and I have some of the fancy clothes to try on now which I'm most excited about. Start first with this beautiful jumpsuit from H&M. This is what I'm thinking for one of my events. It's a mix of both pretty edgy and a bit formal. Don't know how it look on my body so let's check it out. Okay, I think I messed up because >> [sighs] [laughter] >> I think I ordered the small size. Though I'm pretty sure I ordered like a medium but it's a small that's come. Maybe my mistake. Most probably my mistake. But, I think I need your advice on whether you think I should still get a medium size or one in my correct size. Like do you think this jumpsuit is nice enough? I thought this color would be better suiting me but now I'm leaning towards more brighter jewel tones rather than more muted colors and I feel like this color is a bit dull for me. Like it's like a rust color which I'm like okay with. Let me start with the things that I do like. I like this little gold accent here which means I can get like a wear chunky gold earrings to complete the look. I'm not liking the color as much. Silhouette is great in the sense that I find it to and it is perfect length for me. I've never had something so perfectly length-wise. Usually it's too long and I love it. Um but I'm just like a I think I think I'll exchange it for a longer size. I'm just curious to see what it look like when it would actually fit me and I don't have to hold it up like this and like struggle. Next is a set of chamkila pants. I have a lot of basic black and white tops. Like a lot of body suits and I always feel like oh, I wish I had a shimmery pant to go with that to just do jush up the look and that's what I did. So, let's see if these shimmery pants are worth it. They're looking really nice in this video. Look at that. Shimmer shimmer. Shimmer shimmer. This would look so nice with like a body suit. Like a black body suit or a white body suit and the fact that it's turquoise really helps but I have two issues. One is that this waist is elastic and I'm afraid it's not going to give me that nice neat look and also it's jutting out at the back here. I don't know if you can see it. Doesn't give that clean finished look. Secondly, um it is Let me stand on the bed for this. If I'm wearing heels, it's fine but if I'm just standing, it's a bit too long for me even if I pull it up really high. So, I'm >> [snorts] >> I love I mean, I love how glittery it is and shimmery. Yeah, but I am not 100% convinced about this and it is a fair bit expensive even after discount so I think I'm going to return this. Let's try the next chamkila pant. Okay, [snorts] this one I am liking so much more. Um let me climb on the bed again to show you the length. It's not too long. Length is great. I like that it is tailored in the sense that it has a zip and it's an enclosure rather than being an elastic. I like that it has pockets. Always a positive in my book. I don't know why this one feels a little bit cheap or maybe it's the glitter sequence. I don't know what it is about it that's making it feel a bit cheap. And I also I don't know. I feel like if it was better fitted, like again, this one also is having the gap at the back and maybe that's why it's causing the weird around the crotch area. Um I am not like too happy with this one either. Am I like overthinking it? Please let me know but something about this is giving a bit tacky to me personally. I like the chamkila-ness of the previous one better. I thought it was like so much more fun. I would have definitely wear that if it was better fitted and not as long. But yeah, I think I'm going to have to return this one too. I unfortunately don't like it as much. Next up is a crazy outfit, I think. I somehow thought it would go with these pants. Oh! I like this blazer. It's so warm in this blazer but I do I feel like a boss woman. A boss lady. It fits me It fits me really well. It has shoulder pads also. Wow! I love the silhouette. I love the tailoring. It looks very very flattering on a female body. But my only this thing is so warm. It's so thick. Like it's like a proper blazer, you know? It's not like those flimsy dressy blazers. It's like a legit blazer and it's too hot for that. Summer has begun. There is something in me telling me that I'm going to wear this one day in the future when I have my own business or something and I've been like a miss CEO and I just I really like this. I really really like this. Am I being delulu? I love this. If it makes me this happy, I'm going to keep it. My god, I just realized I messed up big time. 13,000 for just the blazer. I thought I was getting the whole outfit for 13,000 and I was like oh, okay. It's an investment cuz I'll wear it for future events and it's an important event so I need a good outfit. Oh, no. 13,000 for a blazer. Okay, this is though like the most I spent on any outfit, I think and so it's like that's why I'm freaking out a bit. Oh, it was on discount. Like it was for 8,000. BRB. >> [music] >> Few more packages that have come in. So, let's start with Okay, let's start with something I'm excited about. This mesh top which I think will go well with a lot of black dresses that I have. Let's go. Okay, a little backstory to this. I was looking for something like this for quite some time. Mainly because I want to wear a lace top like this underneath a lot of black dresses that I have that are a bit more cleavage-y or deep that I don't feel too comfortable. Like when you go in public, like everyone is like either staring or whatever. Like everyone has their own reasons for feeling uncomfortable. So, for me I wanted something that could make those dresses work and I really liked these kind of floral lace tops. Now, I thought this would be pretty easy to find but I searched a lot. I searched on Amazon, all of these websites and the only kind of lace that you get is was this very busy lace patterns, floral lace patterns that I feel like is maybe five or six years old in terms of fashion. This delicate kind of floral I found it only on Cider, on Nykaa Fashion and it was quite expensive. Again, I waited for the sale. It was on my wish list for the longest time. I really really really like this. I love the material. I love the quality and it is so delicate and so pretty and I can't wait to wear it with uh more outfits and see how better I can style it, but otherwise like quality wise really really good. I've heard that Cider is pretty good though it's expensive, but quality is good and yeah, as per this top, I can attest that I'm really happy with this. Next top is this t-shirt. I'm still on the hunt for some more t-shirts that I can wear at home but also wear outside. So let's see how this pink t-shirt looks. Okay, I immediately love this top. I love the color. I love how minimal this print is. It is very soft. I love the fit like it fits perfectly here. The sleeves are just so just right for me and I think this may be a very content creator problem, but I like that the logo here is just very minimal and then all the artwork is at the back which is this fun like strawberry sorbet kind of design which I think is perfect for summers. Um content creator problem because a lot of times I make videos and brands are like this shirt should be solid or should I have no design or no pattern and then they're like oh I need to find a shirt with no design or pattern. So solved the problem. Oh my goodness, I love this color. I'm so happy with this. This baby pink color, the way it fits, um the way it falls on the body, how soft it is, everything 10 on 10. Next outfit is this funky shirt from The Souled Store. I have seen so much of The Souled Store but I've never picked up a single item from them yet. So this is going to be my first Souled Store item and I like the design. I'm very excited to try it. Okay, so this top I have a bit conflicted. Okay, so first off let me start with what I like. I love the stitching here which has pomodoro. I absolutely love the little detailing of this tomato and it's got like bead work. I don't know if you can see that very very pretty. The color is also nice. The fabric is like a um thicker kind of material. It's not a very thin cottony material. But I think what is conflicting me is kind of the fit of it. I don't know how to explain it, but this feels like a house shirt in terms of the silhouette. I'll have to return this cuz I I know myself and I know I won't be wearing this as much. Next t-shirt is this orange one from Tokyo Talkies. Love the color. Curious to see what the fit is like. Let's go. Um okay, this is like sticking to my body. Like it's that last plank on Titanic and like just holding on for life. Like that's what I feel like it's doing to my body. Flattering feminine kind of t-shirt. Uh I'm just concerned that it's a bit [clears throat] see-through and a bit tight. And also I'm scared that it will um shrink when I wash it. I've never used any from Tokyo Talkies so I don't know what the quality is like. Love the color though. Um love this kind of orange, but man, I don't know. Something about the fit is just not vibing with me and I don't like it as much. And my new philosophy with clothes is if I'm not like wow when I wear it or I don't feel great, I'm not going to keep it because there's no point of just like holding stuff. Uh I'm going to keep it only if I really like it. This does not make the cut so it's going back. Final piece in this delivery is one I'm really excited for. It's this purple halter neck dress that oh I just love it and I just hope it lives up to what my expectations are. Okay. Um First of all, this dress took me forever to put on because I could not figure out how to put it. It has like a knotted thing here. Okay, and that gets like tied up at the back. You see here? With these buttons I could only manage to put the first and the last. And my advice to you if you're getting this is unbutton it first and then put it on and then twist it somehow and put it. Um look, I love the color. I love the silhouette. I just love like halter neck stuff is something I am really enjoying these days and I was really looking for a halter neck top. Uh however, this is like a bit too tight. It's like choking me. Um and let me see I don't know if I have buttoned it wrong or what and if I can adjust it, but otherwise otherwise let's get to the good parts. Comes with these pants and it's like a long tunic. It has pockets. And just overall I am kind of torn between it is it looking like a towel that I have wrapped or is it giving a little bit of flare and a little drama which I usually like from my clothes. Let me add some earrings and show you. Kind of liking it but also not fully sure. Confusion, confusion. It has everything that I like in a outfit. I love that it has a dramatic neckline. It has a breezy silhouette. It has a bit dramatic silhouette also and it's solid. And for some reason these three things uh in totality are quite hard to find in outfits. Like trust me, I spent a lot of time scrolling on Myntra looking for something similar to this. So I'm going to I think I'm going to keep this. I'm going to find a way to make it work and look better, but yeah, in any case you know of other brands that do kind of outfits like this, please let me know. I'm going mad trying to find interesting off-beat outfits. Um but yeah, let me do a final twirl. I'm really feeling myself. I'm going to keep this. Uh I have one last thing to show you. These pants from Kazo, flared pants. I got it supposed to be purple, but anyway I love this color. If you're someone like me who has your heavier on your waist and you have thicker thighs, this kind of flare is extremely extremely flattering for the body type. It makes you look like more curvy. The material it's so thin and soft and comfortable on the skin. I really really like that part of it. Um it has two pockets which I love, but these are mesh pockets. I'm not a fan of the mesh pocket cuz I have an orange phone and it just sticks out when I put in my mesh pocket. But otherwise, you know, whatever, it's fine. Yeah, and it has like a cute little pocket here also. Um but my only only only issue with it is that it is just way too long. Like this excess part always drags on the floor behind me and it's a kind of material where I don't think I can shorten it also because it's kind of a very like a workout material, but uh not a sweaty workout material in the sense that I feel comfortable enough to wear it at home. Uh but I don't want to put stitches in it. I don't know. Does that make sense? Um but yeah. And I'm 5'2, okay. I am the I think average height of Indian women and so I know that they have a tall version also on the website which I'm wondering like how tall are the women there, but this is just it just this this being so long irritates me and yeah, I wish it's just shorter. Even if I pull it up high as high as I can, it's just it's just too long. Like do you see it goes below my chappal and drags all the dirt and dust everywhere I go. So it's hard to wear it on walks. So that was my mini Myntra haul. I hope you enjoyed the video. Um what were your favorite pieces? Let me know in the comments. Was there anything that I returned that you think I should have kept or anything that I kept that you think I should have returned? Like seriously don't tell. It'll be full regret then. Uh but anyway, no, honestly like genuinely love the comment section. Um excited to see you there. All the outfits are linked within the video itself if you want to check it out and I will see you in my next video. Bye. >> [music]",2026-08-20T21:05:56.465077
YouTube,Myntra & Nykaa Fashion Festive Finds: Haul & Styling  Tips,https://www.youtube.com/watch?v=7JFCmIOdjxM,@gayatrijoshi2370,You have such a great taste and sense of styling. Also you are so fit and always smiling which is why everything looks even better on you.!! I would request you to also make fitness tips videos for us..,UgxCJThmXjPE8Gf-7U94AaABAg,0,1776699358.583441,"[Music] Hi guys, welcome back to my YouTube channel. In today's video, I am going to be sharing six to seven really creative and unique Indian and Indowestern outfit ideas that I am sure you are going to love. Whether you are invited for a wedding or you have to attend an event where you have to be dressed in Indian wear and you want to look the part but you still do not want to feel like you went over the board or you tried a lot then hopefully this video is going to help because I have got some new pieces that are really elegant of high quality and uh are really going to help you find that perfect balance between ethnic and modern. And uh yeah, I'm going to be mixing these pieces with some of the existing pieces from my closet to create some amazing, unique, and effortless outfits. All of these pieces are from Myntra and I think one or two pieces are from Nika Fashion as well. So yeah, I am really excited to share all of these outfits with you guys. I do hope that you are excited as well. So without any further ado, let's quickly jump right in and have some fun. Let's start with this soft romantic look. Easily one of my favorite from today's video. This gorgeous peach kerta set is from the brand Indo-Era. I love the combination of soft pastel tone with a subtle zuri work. It is made from a silk blend fabric, but it feels super lightweight and breathable. Plus, as usual, I went a size up for that extra comfort. Now, what really steals the show here is the big Oranza dupata with a beautiful border. It gives the whole outfit such a premium and expensive vibe. And believe it or not, I got this set for under 2,000 rupees. So definitely a great value for money. Now, since the korta already has a beautiful embroidery all over, I kept the styling very minimal. Transparent heels with a delicate bow, a brown leather bag to add a little bit of earthy contrast and my gold rim oval sunglasses for that chic finish. Now, if I wanted to accessorize it a bit more, I would add a pearl choker for two reasons. Number one, pearls look great with pastel tones. And number two, a choker here is going to add interest to my look without hiding the embroidery of the V-neck ka. This outfit is soft, simple, and so festive. Exactly how summer Indian wear should feel [Music] like. Next up is one of my favorite Indust looks for the season. got these turquoise blue brocade pants from Nika Fashion. Uh the brand is Gajra Gang, by the way. For the first look, I styled the trousers with a white cape blazer. I went with a brown belt to cinch the narrowest part of my waist, which takes the attention away from my midsection, which works great when you are conscious about your tummy area. Finish the look with a gorgeous pastel choker, my brown leather bag, and then my transparent heels. A look like this is perfect for formal events like a stylish meni or even a festive dinner when you want to look polished but still a bit playful. I would highly recommend introducing a hint of leather and earthy tones to create a more balanced look when you're styling your ethnic wear pieces for a more modern [Music] touch. For the next look, we have the same pants on, but the energy here is completely different. This time, I styled them with a dramatic off-shoulder top in turquoise blue and balloon sleeves for a flirty festive vibe. The top is from Mango and I got this last year. Now, this look here is bold, fun, and definitely more appropriate for say a daytime sange, a cocktail brunch or even a destination wedding event. Once again, kept the jewelry very minimal. the same pastel choker which by the way I got recently from Indra and it is such a stunning piece especially for the price. Definitely check this brand out. I am going to add links in the description box below. I would also recommend opting for soft ethnic jewelry like this pastel choker over your brighter and bolder options for summer because these are going to blend beautifully with all your summer outfits without clashing. I swapped the brown leather bag for a gold clutch. And yes, do not forget your sunglasses. Love these green oval options with gold rim because I think they bring just the right amount of attitude to my [Music] look. For the next look, I'm styling another Dreamy Korta set in soft blush pink with white thread work. And I got this one from House of Padi. Once again, it is made in silk blend fabric which adds just the right amount of shine for that elevated festive look, but still it is super delicate and lightweight, so it is perfect for summer. The white thread work all over stands out against the soft pink and it looks so elegant. Now, this set comes in five to six different color options, but I chose pink because of course it feels fresh, it feels feminine, and it is ideal for daytime festive events like intimate pujas or even a summer brunch for that matter. Now, for styling, I went with everything brown for a subtle contrast rather than going with pearl or silver, which would have been too matchy matchy. So, a pair of brown mojeries, a small structured brown bag, and of course, the same statement choker for a modern dy vibe. Love this [Music] look. I know I keep going on and on about soft pastels and earthy tones for your summer wardrobe, but sometimes you do need a splash of bright colors, especially if it is for festive events or weddings. So, if you're someone who loves bright colors, then this one is for you. Got the kerta and palazzos separately from Jaipur. They do not come as a set, by the way, but I've paired them together and honestly, they look like they were made for each other. The korta is made in premium cotton silk fabric. It has beautiful sheen. It has a delicate sequin work all over and also gold embroidery along the neckline and on the cuffs. It does come with a full cotton slip which makes it really comfortable to wear. The palazzos are pure cotton and they have this gorgeous goa border at the hem. They are super flared as well and I feel they are such a statement piece on their own. They are going to look amazing with short kis as well. Now since this did not come with a dupata, I paired it with a bright orange and pink one from one of my old langa sets. And the color combo is just so beautiful. Also, this is such a great way to reuse your old heavy dupatas to create new looks. I completed the look with my gold clutch, the soft pink earrings, which is part of the same choker set from previous looks, and my comfy wedges to balance the extra flare of my [Music] palazzos. This next look is summer freshness in an outfit. I'm wearing this gorgeous bright green three-piece set from Saki, and the color instantly feels so cooling and cheerful. This one is made in softest cotton balm fabric. It is super lightweight and breathable and even with all of this silver goapy detailing all over the korta and the bright color. I would say it is perfect for stepping out even on the hottest of the days. The airline korta comes with cropped pants and a beautiful big duparta with koda taping border. The only problem is that this brand runs small. So you have to go at least one size up if not two. Now, since the set is so bright and feminine, uh for styling, I kept everything very minimal. My transparent heels and a classic brown leather handbag. Also, I draped the dupata a little bit differently, almost like a scarf to give my outfit a little bit of modern twist. Finish the look with my watch and these fun green oval sunglasses. Light, bright, and festive. This one is perfect for daytime gatherings, branches, or a festive puja look. uh that will keep you looking cool and super [Music] chic. Most of us avoid black during summer, but this black and gold set totally changed my mind. Got this one from Imrose House, a slightly premium brand and of course on the pricier side, but they are totally worth it, especially if you're looking for something to stand out in or something for special occasions. Now, this set may look very heavy at first glance and something that you may want to avoid during summer, but it is actually quite the opposite. This one is made in a 100% pure organic cotton fabric, which is super breathable and it is designed in this flowy cuffon style silhouette that makes it perfect even on the hottest of the days. Also, the thread work may look like it's bright gold, but it is actually a muted golden beige, which keeps things very elegant. I love the flared long sleeves, the widele palazzos, and the soft tassel details. They add such a modern touch. Now, for styling, you do not need much because this outfit is a statement on its own. I went with my strappy wedges for a modern touch versus my regular heels, a golden clutch, some rings, and my sunglasses. And I absolutely love this [Music] one. And that was it for today's video, guys. I truly hope that you enjoyed watching it. And I do hope that you found it helpful in some shape or form. That's always my motto here on this channel. And uh even if you're not looking to shop anything new, I do hope that these videos actually help you raid your existing closet and come up with some uh fresh outfit ideas using some of the tips and tricks that I share in these videos. So yeah, with that, let's end today's video here. I'm going to see you guys soon again with another fun video. In the meantime, as always, be well, be safe, take care of yourself, and u yeah, I'll see you guys soon. Bye. [Music]",2026-08-20T21:05:58.583576
YouTube,Myntra & Nykaa Fashion Festive Finds: Haul & Styling  Tips,https://www.youtube.com/watch?v=7JFCmIOdjxM,@Jassiya14,Kapro kaah link kaha hei?,Ugxz1KmW60CGIP3AAL14AaABAg,0,1774020958.585218,"[Music] Hi guys, welcome back to my YouTube channel. In today's video, I am going to be sharing six to seven really creative and unique Indian and Indowestern outfit ideas that I am sure you are going to love. Whether you are invited for a wedding or you have to attend an event where you have to be dressed in Indian wear and you want to look the part but you still do not want to feel like you went over the board or you tried a lot then hopefully this video is going to help because I have got some new pieces that are really elegant of high quality and uh are really going to help you find that perfect balance between ethnic and modern. And uh yeah, I'm going to be mixing these pieces with some of the existing pieces from my closet to create some amazing, unique, and effortless outfits. All of these pieces are from Myntra and I think one or two pieces are from Nika Fashion as well. So yeah, I am really excited to share all of these outfits with you guys. I do hope that you are excited as well. So without any further ado, let's quickly jump right in and have some fun. Let's start with this soft romantic look. Easily one of my favorite from today's video. This gorgeous peach kerta set is from the brand Indo-Era. I love the combination of soft pastel tone with a subtle zuri work. It is made from a silk blend fabric, but it feels super lightweight and breathable. Plus, as usual, I went a size up for that extra comfort. Now, what really steals the show here is the big Oranza dupata with a beautiful border. It gives the whole outfit such a premium and expensive vibe. And believe it or not, I got this set for under 2,000 rupees. So definitely a great value for money. Now, since the korta already has a beautiful embroidery all over, I kept the styling very minimal. Transparent heels with a delicate bow, a brown leather bag to add a little bit of earthy contrast and my gold rim oval sunglasses for that chic finish. Now, if I wanted to accessorize it a bit more, I would add a pearl choker for two reasons. Number one, pearls look great with pastel tones. And number two, a choker here is going to add interest to my look without hiding the embroidery of the V-neck ka. This outfit is soft, simple, and so festive. Exactly how summer Indian wear should feel [Music] like. Next up is one of my favorite Indust looks for the season. got these turquoise blue brocade pants from Nika Fashion. Uh the brand is Gajra Gang, by the way. For the first look, I styled the trousers with a white cape blazer. I went with a brown belt to cinch the narrowest part of my waist, which takes the attention away from my midsection, which works great when you are conscious about your tummy area. Finish the look with a gorgeous pastel choker, my brown leather bag, and then my transparent heels. A look like this is perfect for formal events like a stylish meni or even a festive dinner when you want to look polished but still a bit playful. I would highly recommend introducing a hint of leather and earthy tones to create a more balanced look when you're styling your ethnic wear pieces for a more modern [Music] touch. For the next look, we have the same pants on, but the energy here is completely different. This time, I styled them with a dramatic off-shoulder top in turquoise blue and balloon sleeves for a flirty festive vibe. The top is from Mango and I got this last year. Now, this look here is bold, fun, and definitely more appropriate for say a daytime sange, a cocktail brunch or even a destination wedding event. Once again, kept the jewelry very minimal. the same pastel choker which by the way I got recently from Indra and it is such a stunning piece especially for the price. Definitely check this brand out. I am going to add links in the description box below. I would also recommend opting for soft ethnic jewelry like this pastel choker over your brighter and bolder options for summer because these are going to blend beautifully with all your summer outfits without clashing. I swapped the brown leather bag for a gold clutch. And yes, do not forget your sunglasses. Love these green oval options with gold rim because I think they bring just the right amount of attitude to my [Music] look. For the next look, I'm styling another Dreamy Korta set in soft blush pink with white thread work. And I got this one from House of Padi. Once again, it is made in silk blend fabric which adds just the right amount of shine for that elevated festive look, but still it is super delicate and lightweight, so it is perfect for summer. The white thread work all over stands out against the soft pink and it looks so elegant. Now, this set comes in five to six different color options, but I chose pink because of course it feels fresh, it feels feminine, and it is ideal for daytime festive events like intimate pujas or even a summer brunch for that matter. Now, for styling, I went with everything brown for a subtle contrast rather than going with pearl or silver, which would have been too matchy matchy. So, a pair of brown mojeries, a small structured brown bag, and of course, the same statement choker for a modern dy vibe. Love this [Music] look. I know I keep going on and on about soft pastels and earthy tones for your summer wardrobe, but sometimes you do need a splash of bright colors, especially if it is for festive events or weddings. So, if you're someone who loves bright colors, then this one is for you. Got the kerta and palazzos separately from Jaipur. They do not come as a set, by the way, but I've paired them together and honestly, they look like they were made for each other. The korta is made in premium cotton silk fabric. It has beautiful sheen. It has a delicate sequin work all over and also gold embroidery along the neckline and on the cuffs. It does come with a full cotton slip which makes it really comfortable to wear. The palazzos are pure cotton and they have this gorgeous goa border at the hem. They are super flared as well and I feel they are such a statement piece on their own. They are going to look amazing with short kis as well. Now since this did not come with a dupata, I paired it with a bright orange and pink one from one of my old langa sets. And the color combo is just so beautiful. Also, this is such a great way to reuse your old heavy dupatas to create new looks. I completed the look with my gold clutch, the soft pink earrings, which is part of the same choker set from previous looks, and my comfy wedges to balance the extra flare of my [Music] palazzos. This next look is summer freshness in an outfit. I'm wearing this gorgeous bright green three-piece set from Saki, and the color instantly feels so cooling and cheerful. This one is made in softest cotton balm fabric. It is super lightweight and breathable and even with all of this silver goapy detailing all over the korta and the bright color. I would say it is perfect for stepping out even on the hottest of the days. The airline korta comes with cropped pants and a beautiful big duparta with koda taping border. The only problem is that this brand runs small. So you have to go at least one size up if not two. Now, since the set is so bright and feminine, uh for styling, I kept everything very minimal. My transparent heels and a classic brown leather handbag. Also, I draped the dupata a little bit differently, almost like a scarf to give my outfit a little bit of modern twist. Finish the look with my watch and these fun green oval sunglasses. Light, bright, and festive. This one is perfect for daytime gatherings, branches, or a festive puja look. uh that will keep you looking cool and super [Music] chic. Most of us avoid black during summer, but this black and gold set totally changed my mind. Got this one from Imrose House, a slightly premium brand and of course on the pricier side, but they are totally worth it, especially if you're looking for something to stand out in or something for special occasions. Now, this set may look very heavy at first glance and something that you may want to avoid during summer, but it is actually quite the opposite. This one is made in a 100% pure organic cotton fabric, which is super breathable and it is designed in this flowy cuffon style silhouette that makes it perfect even on the hottest of the days. Also, the thread work may look like it's bright gold, but it is actually a muted golden beige, which keeps things very elegant. I love the flared long sleeves, the widele palazzos, and the soft tassel details. They add such a modern touch. Now, for styling, you do not need much because this outfit is a statement on its own. I went with my strappy wedges for a modern touch versus my regular heels, a golden clutch, some rings, and my sunglasses. And I absolutely love this [Music] one. And that was it for today's video, guys. I truly hope that you enjoyed watching it. And I do hope that you found it helpful in some shape or form. That's always my motto here on this channel. And uh even if you're not looking to shop anything new, I do hope that these videos actually help you raid your existing closet and come up with some uh fresh outfit ideas using some of the tips and tricks that I share in these videos. So yeah, with that, let's end today's video here. I'm going to see you guys soon again with another fun video. In the meantime, as always, be well, be safe, take care of yourself, and u yeah, I'll see you guys soon. Bye. [Music]",2026-08-20T21:05:58.585328
YouTube,Myntra & Nykaa Fashion Festive Finds: Haul & Styling  Tips,https://www.youtube.com/watch?v=7JFCmIOdjxM,@exploreyourselffirst01,"Hello 
Plz provide the link of white pearl choker u wore in the video?",Ugw77_eAbwJpgoxpT614AaABAg,0,1771601758.586867,"[Music] Hi guys, welcome back to my YouTube channel. In today's video, I am going to be sharing six to seven really creative and unique Indian and Indowestern outfit ideas that I am sure you are going to love. Whether you are invited for a wedding or you have to attend an event where you have to be dressed in Indian wear and you want to look the part but you still do not want to feel like you went over the board or you tried a lot then hopefully this video is going to help because I have got some new pieces that are really elegant of high quality and uh are really going to help you find that perfect balance between ethnic and modern. And uh yeah, I'm going to be mixing these pieces with some of the existing pieces from my closet to create some amazing, unique, and effortless outfits. All of these pieces are from Myntra and I think one or two pieces are from Nika Fashion as well. So yeah, I am really excited to share all of these outfits with you guys. I do hope that you are excited as well. So without any further ado, let's quickly jump right in and have some fun. Let's start with this soft romantic look. Easily one of my favorite from today's video. This gorgeous peach kerta set is from the brand Indo-Era. I love the combination of soft pastel tone with a subtle zuri work. It is made from a silk blend fabric, but it feels super lightweight and breathable. Plus, as usual, I went a size up for that extra comfort. Now, what really steals the show here is the big Oranza dupata with a beautiful border. It gives the whole outfit such a premium and expensive vibe. And believe it or not, I got this set for under 2,000 rupees. So definitely a great value for money. Now, since the korta already has a beautiful embroidery all over, I kept the styling very minimal. Transparent heels with a delicate bow, a brown leather bag to add a little bit of earthy contrast and my gold rim oval sunglasses for that chic finish. Now, if I wanted to accessorize it a bit more, I would add a pearl choker for two reasons. Number one, pearls look great with pastel tones. And number two, a choker here is going to add interest to my look without hiding the embroidery of the V-neck ka. This outfit is soft, simple, and so festive. Exactly how summer Indian wear should feel [Music] like. Next up is one of my favorite Indust looks for the season. got these turquoise blue brocade pants from Nika Fashion. Uh the brand is Gajra Gang, by the way. For the first look, I styled the trousers with a white cape blazer. I went with a brown belt to cinch the narrowest part of my waist, which takes the attention away from my midsection, which works great when you are conscious about your tummy area. Finish the look with a gorgeous pastel choker, my brown leather bag, and then my transparent heels. A look like this is perfect for formal events like a stylish meni or even a festive dinner when you want to look polished but still a bit playful. I would highly recommend introducing a hint of leather and earthy tones to create a more balanced look when you're styling your ethnic wear pieces for a more modern [Music] touch. For the next look, we have the same pants on, but the energy here is completely different. This time, I styled them with a dramatic off-shoulder top in turquoise blue and balloon sleeves for a flirty festive vibe. The top is from Mango and I got this last year. Now, this look here is bold, fun, and definitely more appropriate for say a daytime sange, a cocktail brunch or even a destination wedding event. Once again, kept the jewelry very minimal. the same pastel choker which by the way I got recently from Indra and it is such a stunning piece especially for the price. Definitely check this brand out. I am going to add links in the description box below. I would also recommend opting for soft ethnic jewelry like this pastel choker over your brighter and bolder options for summer because these are going to blend beautifully with all your summer outfits without clashing. I swapped the brown leather bag for a gold clutch. And yes, do not forget your sunglasses. Love these green oval options with gold rim because I think they bring just the right amount of attitude to my [Music] look. For the next look, I'm styling another Dreamy Korta set in soft blush pink with white thread work. And I got this one from House of Padi. Once again, it is made in silk blend fabric which adds just the right amount of shine for that elevated festive look, but still it is super delicate and lightweight, so it is perfect for summer. The white thread work all over stands out against the soft pink and it looks so elegant. Now, this set comes in five to six different color options, but I chose pink because of course it feels fresh, it feels feminine, and it is ideal for daytime festive events like intimate pujas or even a summer brunch for that matter. Now, for styling, I went with everything brown for a subtle contrast rather than going with pearl or silver, which would have been too matchy matchy. So, a pair of brown mojeries, a small structured brown bag, and of course, the same statement choker for a modern dy vibe. Love this [Music] look. I know I keep going on and on about soft pastels and earthy tones for your summer wardrobe, but sometimes you do need a splash of bright colors, especially if it is for festive events or weddings. So, if you're someone who loves bright colors, then this one is for you. Got the kerta and palazzos separately from Jaipur. They do not come as a set, by the way, but I've paired them together and honestly, they look like they were made for each other. The korta is made in premium cotton silk fabric. It has beautiful sheen. It has a delicate sequin work all over and also gold embroidery along the neckline and on the cuffs. It does come with a full cotton slip which makes it really comfortable to wear. The palazzos are pure cotton and they have this gorgeous goa border at the hem. They are super flared as well and I feel they are such a statement piece on their own. They are going to look amazing with short kis as well. Now since this did not come with a dupata, I paired it with a bright orange and pink one from one of my old langa sets. And the color combo is just so beautiful. Also, this is such a great way to reuse your old heavy dupatas to create new looks. I completed the look with my gold clutch, the soft pink earrings, which is part of the same choker set from previous looks, and my comfy wedges to balance the extra flare of my [Music] palazzos. This next look is summer freshness in an outfit. I'm wearing this gorgeous bright green three-piece set from Saki, and the color instantly feels so cooling and cheerful. This one is made in softest cotton balm fabric. It is super lightweight and breathable and even with all of this silver goapy detailing all over the korta and the bright color. I would say it is perfect for stepping out even on the hottest of the days. The airline korta comes with cropped pants and a beautiful big duparta with koda taping border. The only problem is that this brand runs small. So you have to go at least one size up if not two. Now, since the set is so bright and feminine, uh for styling, I kept everything very minimal. My transparent heels and a classic brown leather handbag. Also, I draped the dupata a little bit differently, almost like a scarf to give my outfit a little bit of modern twist. Finish the look with my watch and these fun green oval sunglasses. Light, bright, and festive. This one is perfect for daytime gatherings, branches, or a festive puja look. uh that will keep you looking cool and super [Music] chic. Most of us avoid black during summer, but this black and gold set totally changed my mind. Got this one from Imrose House, a slightly premium brand and of course on the pricier side, but they are totally worth it, especially if you're looking for something to stand out in or something for special occasions. Now, this set may look very heavy at first glance and something that you may want to avoid during summer, but it is actually quite the opposite. This one is made in a 100% pure organic cotton fabric, which is super breathable and it is designed in this flowy cuffon style silhouette that makes it perfect even on the hottest of the days. Also, the thread work may look like it's bright gold, but it is actually a muted golden beige, which keeps things very elegant. I love the flared long sleeves, the widele palazzos, and the soft tassel details. They add such a modern touch. Now, for styling, you do not need much because this outfit is a statement on its own. I went with my strappy wedges for a modern touch versus my regular heels, a golden clutch, some rings, and my sunglasses. And I absolutely love this [Music] one. And that was it for today's video, guys. I truly hope that you enjoyed watching it. And I do hope that you found it helpful in some shape or form. That's always my motto here on this channel. And uh even if you're not looking to shop anything new, I do hope that these videos actually help you raid your existing closet and come up with some uh fresh outfit ideas using some of the tips and tricks that I share in these videos. So yeah, with that, let's end today's video here. I'm going to see you guys soon again with another fun video. In the meantime, as always, be well, be safe, take care of yourself, and u yeah, I'll see you guys soon. Bye. [Music]",2026-08-20T21:05:58.586975
YouTube,Myntra & Nykaa Fashion Festive Finds: Haul & Styling  Tips,https://www.youtube.com/watch?v=7JFCmIOdjxM,@exploreyourselffirst01,Link for the white blazer plz ?,UgxCcTrBSEnSKGsGWV54AaABAg,0,1763652958.588583,"[Music] Hi guys, welcome back to my YouTube channel. In today's video, I am going to be sharing six to seven really creative and unique Indian and Indowestern outfit ideas that I am sure you are going to love. Whether you are invited for a wedding or you have to attend an event where you have to be dressed in Indian wear and you want to look the part but you still do not want to feel like you went over the board or you tried a lot then hopefully this video is going to help because I have got some new pieces that are really elegant of high quality and uh are really going to help you find that perfect balance between ethnic and modern. And uh yeah, I'm going to be mixing these pieces with some of the existing pieces from my closet to create some amazing, unique, and effortless outfits. All of these pieces are from Myntra and I think one or two pieces are from Nika Fashion as well. So yeah, I am really excited to share all of these outfits with you guys. I do hope that you are excited as well. So without any further ado, let's quickly jump right in and have some fun. Let's start with this soft romantic look. Easily one of my favorite from today's video. This gorgeous peach kerta set is from the brand Indo-Era. I love the combination of soft pastel tone with a subtle zuri work. It is made from a silk blend fabric, but it feels super lightweight and breathable. Plus, as usual, I went a size up for that extra comfort. Now, what really steals the show here is the big Oranza dupata with a beautiful border. It gives the whole outfit such a premium and expensive vibe. And believe it or not, I got this set for under 2,000 rupees. So definitely a great value for money. Now, since the korta already has a beautiful embroidery all over, I kept the styling very minimal. Transparent heels with a delicate bow, a brown leather bag to add a little bit of earthy contrast and my gold rim oval sunglasses for that chic finish. Now, if I wanted to accessorize it a bit more, I would add a pearl choker for two reasons. Number one, pearls look great with pastel tones. And number two, a choker here is going to add interest to my look without hiding the embroidery of the V-neck ka. This outfit is soft, simple, and so festive. Exactly how summer Indian wear should feel [Music] like. Next up is one of my favorite Indust looks for the season. got these turquoise blue brocade pants from Nika Fashion. Uh the brand is Gajra Gang, by the way. For the first look, I styled the trousers with a white cape blazer. I went with a brown belt to cinch the narrowest part of my waist, which takes the attention away from my midsection, which works great when you are conscious about your tummy area. Finish the look with a gorgeous pastel choker, my brown leather bag, and then my transparent heels. A look like this is perfect for formal events like a stylish meni or even a festive dinner when you want to look polished but still a bit playful. I would highly recommend introducing a hint of leather and earthy tones to create a more balanced look when you're styling your ethnic wear pieces for a more modern [Music] touch. For the next look, we have the same pants on, but the energy here is completely different. This time, I styled them with a dramatic off-shoulder top in turquoise blue and balloon sleeves for a flirty festive vibe. The top is from Mango and I got this last year. Now, this look here is bold, fun, and definitely more appropriate for say a daytime sange, a cocktail brunch or even a destination wedding event. Once again, kept the jewelry very minimal. the same pastel choker which by the way I got recently from Indra and it is such a stunning piece especially for the price. Definitely check this brand out. I am going to add links in the description box below. I would also recommend opting for soft ethnic jewelry like this pastel choker over your brighter and bolder options for summer because these are going to blend beautifully with all your summer outfits without clashing. I swapped the brown leather bag for a gold clutch. And yes, do not forget your sunglasses. Love these green oval options with gold rim because I think they bring just the right amount of attitude to my [Music] look. For the next look, I'm styling another Dreamy Korta set in soft blush pink with white thread work. And I got this one from House of Padi. Once again, it is made in silk blend fabric which adds just the right amount of shine for that elevated festive look, but still it is super delicate and lightweight, so it is perfect for summer. The white thread work all over stands out against the soft pink and it looks so elegant. Now, this set comes in five to six different color options, but I chose pink because of course it feels fresh, it feels feminine, and it is ideal for daytime festive events like intimate pujas or even a summer brunch for that matter. Now, for styling, I went with everything brown for a subtle contrast rather than going with pearl or silver, which would have been too matchy matchy. So, a pair of brown mojeries, a small structured brown bag, and of course, the same statement choker for a modern dy vibe. Love this [Music] look. I know I keep going on and on about soft pastels and earthy tones for your summer wardrobe, but sometimes you do need a splash of bright colors, especially if it is for festive events or weddings. So, if you're someone who loves bright colors, then this one is for you. Got the kerta and palazzos separately from Jaipur. They do not come as a set, by the way, but I've paired them together and honestly, they look like they were made for each other. The korta is made in premium cotton silk fabric. It has beautiful sheen. It has a delicate sequin work all over and also gold embroidery along the neckline and on the cuffs. It does come with a full cotton slip which makes it really comfortable to wear. The palazzos are pure cotton and they have this gorgeous goa border at the hem. They are super flared as well and I feel they are such a statement piece on their own. They are going to look amazing with short kis as well. Now since this did not come with a dupata, I paired it with a bright orange and pink one from one of my old langa sets. And the color combo is just so beautiful. Also, this is such a great way to reuse your old heavy dupatas to create new looks. I completed the look with my gold clutch, the soft pink earrings, which is part of the same choker set from previous looks, and my comfy wedges to balance the extra flare of my [Music] palazzos. This next look is summer freshness in an outfit. I'm wearing this gorgeous bright green three-piece set from Saki, and the color instantly feels so cooling and cheerful. This one is made in softest cotton balm fabric. It is super lightweight and breathable and even with all of this silver goapy detailing all over the korta and the bright color. I would say it is perfect for stepping out even on the hottest of the days. The airline korta comes with cropped pants and a beautiful big duparta with koda taping border. The only problem is that this brand runs small. So you have to go at least one size up if not two. Now, since the set is so bright and feminine, uh for styling, I kept everything very minimal. My transparent heels and a classic brown leather handbag. Also, I draped the dupata a little bit differently, almost like a scarf to give my outfit a little bit of modern twist. Finish the look with my watch and these fun green oval sunglasses. Light, bright, and festive. This one is perfect for daytime gatherings, branches, or a festive puja look. uh that will keep you looking cool and super [Music] chic. Most of us avoid black during summer, but this black and gold set totally changed my mind. Got this one from Imrose House, a slightly premium brand and of course on the pricier side, but they are totally worth it, especially if you're looking for something to stand out in or something for special occasions. Now, this set may look very heavy at first glance and something that you may want to avoid during summer, but it is actually quite the opposite. This one is made in a 100% pure organic cotton fabric, which is super breathable and it is designed in this flowy cuffon style silhouette that makes it perfect even on the hottest of the days. Also, the thread work may look like it's bright gold, but it is actually a muted golden beige, which keeps things very elegant. I love the flared long sleeves, the widele palazzos, and the soft tassel details. They add such a modern touch. Now, for styling, you do not need much because this outfit is a statement on its own. I went with my strappy wedges for a modern touch versus my regular heels, a golden clutch, some rings, and my sunglasses. And I absolutely love this [Music] one. And that was it for today's video, guys. I truly hope that you enjoyed watching it. And I do hope that you found it helpful in some shape or form. That's always my motto here on this channel. And uh even if you're not looking to shop anything new, I do hope that these videos actually help you raid your existing closet and come up with some uh fresh outfit ideas using some of the tips and tricks that I share in these videos. So yeah, with that, let's end today's video here. I'm going to see you guys soon again with another fun video. In the meantime, as always, be well, be safe, take care of yourself, and u yeah, I'll see you guys soon. Bye. [Music]",2026-08-20T21:05:58.588691
YouTube,Myntra & Nykaa Fashion Festive Finds: Haul & Styling  Tips,https://www.youtube.com/watch?v=7JFCmIOdjxM,@Tatomhero,Link of white cape blazer please,UgzBvt7OO6pulYfCibZ4AaABAg,0,1755704158.589881,"[Music] Hi guys, welcome back to my YouTube channel. In today's video, I am going to be sharing six to seven really creative and unique Indian and Indowestern outfit ideas that I am sure you are going to love. Whether you are invited for a wedding or you have to attend an event where you have to be dressed in Indian wear and you want to look the part but you still do not want to feel like you went over the board or you tried a lot then hopefully this video is going to help because I have got some new pieces that are really elegant of high quality and uh are really going to help you find that perfect balance between ethnic and modern. And uh yeah, I'm going to be mixing these pieces with some of the existing pieces from my closet to create some amazing, unique, and effortless outfits. All of these pieces are from Myntra and I think one or two pieces are from Nika Fashion as well. So yeah, I am really excited to share all of these outfits with you guys. I do hope that you are excited as well. So without any further ado, let's quickly jump right in and have some fun. Let's start with this soft romantic look. Easily one of my favorite from today's video. This gorgeous peach kerta set is from the brand Indo-Era. I love the combination of soft pastel tone with a subtle zuri work. It is made from a silk blend fabric, but it feels super lightweight and breathable. Plus, as usual, I went a size up for that extra comfort. Now, what really steals the show here is the big Oranza dupata with a beautiful border. It gives the whole outfit such a premium and expensive vibe. And believe it or not, I got this set for under 2,000 rupees. So definitely a great value for money. Now, since the korta already has a beautiful embroidery all over, I kept the styling very minimal. Transparent heels with a delicate bow, a brown leather bag to add a little bit of earthy contrast and my gold rim oval sunglasses for that chic finish. Now, if I wanted to accessorize it a bit more, I would add a pearl choker for two reasons. Number one, pearls look great with pastel tones. And number two, a choker here is going to add interest to my look without hiding the embroidery of the V-neck ka. This outfit is soft, simple, and so festive. Exactly how summer Indian wear should feel [Music] like. Next up is one of my favorite Indust looks for the season. got these turquoise blue brocade pants from Nika Fashion. Uh the brand is Gajra Gang, by the way. For the first look, I styled the trousers with a white cape blazer. I went with a brown belt to cinch the narrowest part of my waist, which takes the attention away from my midsection, which works great when you are conscious about your tummy area. Finish the look with a gorgeous pastel choker, my brown leather bag, and then my transparent heels. A look like this is perfect for formal events like a stylish meni or even a festive dinner when you want to look polished but still a bit playful. I would highly recommend introducing a hint of leather and earthy tones to create a more balanced look when you're styling your ethnic wear pieces for a more modern [Music] touch. For the next look, we have the same pants on, but the energy here is completely different. This time, I styled them with a dramatic off-shoulder top in turquoise blue and balloon sleeves for a flirty festive vibe. The top is from Mango and I got this last year. Now, this look here is bold, fun, and definitely more appropriate for say a daytime sange, a cocktail brunch or even a destination wedding event. Once again, kept the jewelry very minimal. the same pastel choker which by the way I got recently from Indra and it is such a stunning piece especially for the price. Definitely check this brand out. I am going to add links in the description box below. I would also recommend opting for soft ethnic jewelry like this pastel choker over your brighter and bolder options for summer because these are going to blend beautifully with all your summer outfits without clashing. I swapped the brown leather bag for a gold clutch. And yes, do not forget your sunglasses. Love these green oval options with gold rim because I think they bring just the right amount of attitude to my [Music] look. For the next look, I'm styling another Dreamy Korta set in soft blush pink with white thread work. And I got this one from House of Padi. Once again, it is made in silk blend fabric which adds just the right amount of shine for that elevated festive look, but still it is super delicate and lightweight, so it is perfect for summer. The white thread work all over stands out against the soft pink and it looks so elegant. Now, this set comes in five to six different color options, but I chose pink because of course it feels fresh, it feels feminine, and it is ideal for daytime festive events like intimate pujas or even a summer brunch for that matter. Now, for styling, I went with everything brown for a subtle contrast rather than going with pearl or silver, which would have been too matchy matchy. So, a pair of brown mojeries, a small structured brown bag, and of course, the same statement choker for a modern dy vibe. Love this [Music] look. I know I keep going on and on about soft pastels and earthy tones for your summer wardrobe, but sometimes you do need a splash of bright colors, especially if it is for festive events or weddings. So, if you're someone who loves bright colors, then this one is for you. Got the kerta and palazzos separately from Jaipur. They do not come as a set, by the way, but I've paired them together and honestly, they look like they were made for each other. The korta is made in premium cotton silk fabric. It has beautiful sheen. It has a delicate sequin work all over and also gold embroidery along the neckline and on the cuffs. It does come with a full cotton slip which makes it really comfortable to wear. The palazzos are pure cotton and they have this gorgeous goa border at the hem. They are super flared as well and I feel they are such a statement piece on their own. They are going to look amazing with short kis as well. Now since this did not come with a dupata, I paired it with a bright orange and pink one from one of my old langa sets. And the color combo is just so beautiful. Also, this is such a great way to reuse your old heavy dupatas to create new looks. I completed the look with my gold clutch, the soft pink earrings, which is part of the same choker set from previous looks, and my comfy wedges to balance the extra flare of my [Music] palazzos. This next look is summer freshness in an outfit. I'm wearing this gorgeous bright green three-piece set from Saki, and the color instantly feels so cooling and cheerful. This one is made in softest cotton balm fabric. It is super lightweight and breathable and even with all of this silver goapy detailing all over the korta and the bright color. I would say it is perfect for stepping out even on the hottest of the days. The airline korta comes with cropped pants and a beautiful big duparta with koda taping border. The only problem is that this brand runs small. So you have to go at least one size up if not two. Now, since the set is so bright and feminine, uh for styling, I kept everything very minimal. My transparent heels and a classic brown leather handbag. Also, I draped the dupata a little bit differently, almost like a scarf to give my outfit a little bit of modern twist. Finish the look with my watch and these fun green oval sunglasses. Light, bright, and festive. This one is perfect for daytime gatherings, branches, or a festive puja look. uh that will keep you looking cool and super [Music] chic. Most of us avoid black during summer, but this black and gold set totally changed my mind. Got this one from Imrose House, a slightly premium brand and of course on the pricier side, but they are totally worth it, especially if you're looking for something to stand out in or something for special occasions. Now, this set may look very heavy at first glance and something that you may want to avoid during summer, but it is actually quite the opposite. This one is made in a 100% pure organic cotton fabric, which is super breathable and it is designed in this flowy cuffon style silhouette that makes it perfect even on the hottest of the days. Also, the thread work may look like it's bright gold, but it is actually a muted golden beige, which keeps things very elegant. I love the flared long sleeves, the widele palazzos, and the soft tassel details. They add such a modern touch. Now, for styling, you do not need much because this outfit is a statement on its own. I went with my strappy wedges for a modern touch versus my regular heels, a golden clutch, some rings, and my sunglasses. And I absolutely love this [Music] one. And that was it for today's video, guys. I truly hope that you enjoyed watching it. And I do hope that you found it helpful in some shape or form. That's always my motto here on this channel. And uh even if you're not looking to shop anything new, I do hope that these videos actually help you raid your existing closet and come up with some uh fresh outfit ideas using some of the tips and tricks that I share in these videos. So yeah, with that, let's end today's video here. I'm going to see you guys soon again with another fun video. In the meantime, as always, be well, be safe, take care of yourself, and u yeah, I'll see you guys soon. Bye. [Music]",2026-08-20T21:05:58.589976
YouTube,Myntra & Nykaa Fashion Festive Finds: Haul & Styling  Tips,https://www.youtube.com/watch?v=7JFCmIOdjxM,@akankshaswarup1882,Orange organza duptta link please,UgxjLupeCa4nmwJez1d4AaABAg,0,1755704158.591098,"[Music] Hi guys, welcome back to my YouTube channel. In today's video, I am going to be sharing six to seven really creative and unique Indian and Indowestern outfit ideas that I am sure you are going to love. Whether you are invited for a wedding or you have to attend an event where you have to be dressed in Indian wear and you want to look the part but you still do not want to feel like you went over the board or you tried a lot then hopefully this video is going to help because I have got some new pieces that are really elegant of high quality and uh are really going to help you find that perfect balance between ethnic and modern. And uh yeah, I'm going to be mixing these pieces with some of the existing pieces from my closet to create some amazing, unique, and effortless outfits. All of these pieces are from Myntra and I think one or two pieces are from Nika Fashion as well. So yeah, I am really excited to share all of these outfits with you guys. I do hope that you are excited as well. So without any further ado, let's quickly jump right in and have some fun. Let's start with this soft romantic look. Easily one of my favorite from today's video. This gorgeous peach kerta set is from the brand Indo-Era. I love the combination of soft pastel tone with a subtle zuri work. It is made from a silk blend fabric, but it feels super lightweight and breathable. Plus, as usual, I went a size up for that extra comfort. Now, what really steals the show here is the big Oranza dupata with a beautiful border. It gives the whole outfit such a premium and expensive vibe. And believe it or not, I got this set for under 2,000 rupees. So definitely a great value for money. Now, since the korta already has a beautiful embroidery all over, I kept the styling very minimal. Transparent heels with a delicate bow, a brown leather bag to add a little bit of earthy contrast and my gold rim oval sunglasses for that chic finish. Now, if I wanted to accessorize it a bit more, I would add a pearl choker for two reasons. Number one, pearls look great with pastel tones. And number two, a choker here is going to add interest to my look without hiding the embroidery of the V-neck ka. This outfit is soft, simple, and so festive. Exactly how summer Indian wear should feel [Music] like. Next up is one of my favorite Indust looks for the season. got these turquoise blue brocade pants from Nika Fashion. Uh the brand is Gajra Gang, by the way. For the first look, I styled the trousers with a white cape blazer. I went with a brown belt to cinch the narrowest part of my waist, which takes the attention away from my midsection, which works great when you are conscious about your tummy area. Finish the look with a gorgeous pastel choker, my brown leather bag, and then my transparent heels. A look like this is perfect for formal events like a stylish meni or even a festive dinner when you want to look polished but still a bit playful. I would highly recommend introducing a hint of leather and earthy tones to create a more balanced look when you're styling your ethnic wear pieces for a more modern [Music] touch. For the next look, we have the same pants on, but the energy here is completely different. This time, I styled them with a dramatic off-shoulder top in turquoise blue and balloon sleeves for a flirty festive vibe. The top is from Mango and I got this last year. Now, this look here is bold, fun, and definitely more appropriate for say a daytime sange, a cocktail brunch or even a destination wedding event. Once again, kept the jewelry very minimal. the same pastel choker which by the way I got recently from Indra and it is such a stunning piece especially for the price. Definitely check this brand out. I am going to add links in the description box below. I would also recommend opting for soft ethnic jewelry like this pastel choker over your brighter and bolder options for summer because these are going to blend beautifully with all your summer outfits without clashing. I swapped the brown leather bag for a gold clutch. And yes, do not forget your sunglasses. Love these green oval options with gold rim because I think they bring just the right amount of attitude to my [Music] look. For the next look, I'm styling another Dreamy Korta set in soft blush pink with white thread work. And I got this one from House of Padi. Once again, it is made in silk blend fabric which adds just the right amount of shine for that elevated festive look, but still it is super delicate and lightweight, so it is perfect for summer. The white thread work all over stands out against the soft pink and it looks so elegant. Now, this set comes in five to six different color options, but I chose pink because of course it feels fresh, it feels feminine, and it is ideal for daytime festive events like intimate pujas or even a summer brunch for that matter. Now, for styling, I went with everything brown for a subtle contrast rather than going with pearl or silver, which would have been too matchy matchy. So, a pair of brown mojeries, a small structured brown bag, and of course, the same statement choker for a modern dy vibe. Love this [Music] look. I know I keep going on and on about soft pastels and earthy tones for your summer wardrobe, but sometimes you do need a splash of bright colors, especially if it is for festive events or weddings. So, if you're someone who loves bright colors, then this one is for you. Got the kerta and palazzos separately from Jaipur. They do not come as a set, by the way, but I've paired them together and honestly, they look like they were made for each other. The korta is made in premium cotton silk fabric. It has beautiful sheen. It has a delicate sequin work all over and also gold embroidery along the neckline and on the cuffs. It does come with a full cotton slip which makes it really comfortable to wear. The palazzos are pure cotton and they have this gorgeous goa border at the hem. They are super flared as well and I feel they are such a statement piece on their own. They are going to look amazing with short kis as well. Now since this did not come with a dupata, I paired it with a bright orange and pink one from one of my old langa sets. And the color combo is just so beautiful. Also, this is such a great way to reuse your old heavy dupatas to create new looks. I completed the look with my gold clutch, the soft pink earrings, which is part of the same choker set from previous looks, and my comfy wedges to balance the extra flare of my [Music] palazzos. This next look is summer freshness in an outfit. I'm wearing this gorgeous bright green three-piece set from Saki, and the color instantly feels so cooling and cheerful. This one is made in softest cotton balm fabric. It is super lightweight and breathable and even with all of this silver goapy detailing all over the korta and the bright color. I would say it is perfect for stepping out even on the hottest of the days. The airline korta comes with cropped pants and a beautiful big duparta with koda taping border. The only problem is that this brand runs small. So you have to go at least one size up if not two. Now, since the set is so bright and feminine, uh for styling, I kept everything very minimal. My transparent heels and a classic brown leather handbag. Also, I draped the dupata a little bit differently, almost like a scarf to give my outfit a little bit of modern twist. Finish the look with my watch and these fun green oval sunglasses. Light, bright, and festive. This one is perfect for daytime gatherings, branches, or a festive puja look. uh that will keep you looking cool and super [Music] chic. Most of us avoid black during summer, but this black and gold set totally changed my mind. Got this one from Imrose House, a slightly premium brand and of course on the pricier side, but they are totally worth it, especially if you're looking for something to stand out in or something for special occasions. Now, this set may look very heavy at first glance and something that you may want to avoid during summer, but it is actually quite the opposite. This one is made in a 100% pure organic cotton fabric, which is super breathable and it is designed in this flowy cuffon style silhouette that makes it perfect even on the hottest of the days. Also, the thread work may look like it's bright gold, but it is actually a muted golden beige, which keeps things very elegant. I love the flared long sleeves, the widele palazzos, and the soft tassel details. They add such a modern touch. Now, for styling, you do not need much because this outfit is a statement on its own. I went with my strappy wedges for a modern touch versus my regular heels, a golden clutch, some rings, and my sunglasses. And I absolutely love this [Music] one. And that was it for today's video, guys. I truly hope that you enjoyed watching it. And I do hope that you found it helpful in some shape or form. That's always my motto here on this channel. And uh even if you're not looking to shop anything new, I do hope that these videos actually help you raid your existing closet and come up with some uh fresh outfit ideas using some of the tips and tricks that I share in these videos. So yeah, with that, let's end today's video here. I'm going to see you guys soon again with another fun video. In the meantime, as always, be well, be safe, take care of yourself, and u yeah, I'll see you guys soon. Bye. [Music]",2026-08-20T21:05:58.591192
YouTube,Myntra & Nykaa Fashion Festive Finds: Haul & Styling  Tips,https://www.youtube.com/watch?v=7JFCmIOdjxM,@KanishkaBhati-c2m,Where the brown bag from?,UgyTLtiYLzLSOy548k14AaABAg,0,1755704158.592299,"[Music] Hi guys, welcome back to my YouTube channel. In today's video, I am going to be sharing six to seven really creative and unique Indian and Indowestern outfit ideas that I am sure you are going to love. Whether you are invited for a wedding or you have to attend an event where you have to be dressed in Indian wear and you want to look the part but you still do not want to feel like you went over the board or you tried a lot then hopefully this video is going to help because I have got some new pieces that are really elegant of high quality and uh are really going to help you find that perfect balance between ethnic and modern. And uh yeah, I'm going to be mixing these pieces with some of the existing pieces from my closet to create some amazing, unique, and effortless outfits. All of these pieces are from Myntra and I think one or two pieces are from Nika Fashion as well. So yeah, I am really excited to share all of these outfits with you guys. I do hope that you are excited as well. So without any further ado, let's quickly jump right in and have some fun. Let's start with this soft romantic look. Easily one of my favorite from today's video. This gorgeous peach kerta set is from the brand Indo-Era. I love the combination of soft pastel tone with a subtle zuri work. It is made from a silk blend fabric, but it feels super lightweight and breathable. Plus, as usual, I went a size up for that extra comfort. Now, what really steals the show here is the big Oranza dupata with a beautiful border. It gives the whole outfit such a premium and expensive vibe. And believe it or not, I got this set for under 2,000 rupees. So definitely a great value for money. Now, since the korta already has a beautiful embroidery all over, I kept the styling very minimal. Transparent heels with a delicate bow, a brown leather bag to add a little bit of earthy contrast and my gold rim oval sunglasses for that chic finish. Now, if I wanted to accessorize it a bit more, I would add a pearl choker for two reasons. Number one, pearls look great with pastel tones. And number two, a choker here is going to add interest to my look without hiding the embroidery of the V-neck ka. This outfit is soft, simple, and so festive. Exactly how summer Indian wear should feel [Music] like. Next up is one of my favorite Indust looks for the season. got these turquoise blue brocade pants from Nika Fashion. Uh the brand is Gajra Gang, by the way. For the first look, I styled the trousers with a white cape blazer. I went with a brown belt to cinch the narrowest part of my waist, which takes the attention away from my midsection, which works great when you are conscious about your tummy area. Finish the look with a gorgeous pastel choker, my brown leather bag, and then my transparent heels. A look like this is perfect for formal events like a stylish meni or even a festive dinner when you want to look polished but still a bit playful. I would highly recommend introducing a hint of leather and earthy tones to create a more balanced look when you're styling your ethnic wear pieces for a more modern [Music] touch. For the next look, we have the same pants on, but the energy here is completely different. This time, I styled them with a dramatic off-shoulder top in turquoise blue and balloon sleeves for a flirty festive vibe. The top is from Mango and I got this last year. Now, this look here is bold, fun, and definitely more appropriate for say a daytime sange, a cocktail brunch or even a destination wedding event. Once again, kept the jewelry very minimal. the same pastel choker which by the way I got recently from Indra and it is such a stunning piece especially for the price. Definitely check this brand out. I am going to add links in the description box below. I would also recommend opting for soft ethnic jewelry like this pastel choker over your brighter and bolder options for summer because these are going to blend beautifully with all your summer outfits without clashing. I swapped the brown leather bag for a gold clutch. And yes, do not forget your sunglasses. Love these green oval options with gold rim because I think they bring just the right amount of attitude to my [Music] look. For the next look, I'm styling another Dreamy Korta set in soft blush pink with white thread work. And I got this one from House of Padi. Once again, it is made in silk blend fabric which adds just the right amount of shine for that elevated festive look, but still it is super delicate and lightweight, so it is perfect for summer. The white thread work all over stands out against the soft pink and it looks so elegant. Now, this set comes in five to six different color options, but I chose pink because of course it feels fresh, it feels feminine, and it is ideal for daytime festive events like intimate pujas or even a summer brunch for that matter. Now, for styling, I went with everything brown for a subtle contrast rather than going with pearl or silver, which would have been too matchy matchy. So, a pair of brown mojeries, a small structured brown bag, and of course, the same statement choker for a modern dy vibe. Love this [Music] look. I know I keep going on and on about soft pastels and earthy tones for your summer wardrobe, but sometimes you do need a splash of bright colors, especially if it is for festive events or weddings. So, if you're someone who loves bright colors, then this one is for you. Got the kerta and palazzos separately from Jaipur. They do not come as a set, by the way, but I've paired them together and honestly, they look like they were made for each other. The korta is made in premium cotton silk fabric. It has beautiful sheen. It has a delicate sequin work all over and also gold embroidery along the neckline and on the cuffs. It does come with a full cotton slip which makes it really comfortable to wear. The palazzos are pure cotton and they have this gorgeous goa border at the hem. They are super flared as well and I feel they are such a statement piece on their own. They are going to look amazing with short kis as well. Now since this did not come with a dupata, I paired it with a bright orange and pink one from one of my old langa sets. And the color combo is just so beautiful. Also, this is such a great way to reuse your old heavy dupatas to create new looks. I completed the look with my gold clutch, the soft pink earrings, which is part of the same choker set from previous looks, and my comfy wedges to balance the extra flare of my [Music] palazzos. This next look is summer freshness in an outfit. I'm wearing this gorgeous bright green three-piece set from Saki, and the color instantly feels so cooling and cheerful. This one is made in softest cotton balm fabric. It is super lightweight and breathable and even with all of this silver goapy detailing all over the korta and the bright color. I would say it is perfect for stepping out even on the hottest of the days. The airline korta comes with cropped pants and a beautiful big duparta with koda taping border. The only problem is that this brand runs small. So you have to go at least one size up if not two. Now, since the set is so bright and feminine, uh for styling, I kept everything very minimal. My transparent heels and a classic brown leather handbag. Also, I draped the dupata a little bit differently, almost like a scarf to give my outfit a little bit of modern twist. Finish the look with my watch and these fun green oval sunglasses. Light, bright, and festive. This one is perfect for daytime gatherings, branches, or a festive puja look. uh that will keep you looking cool and super [Music] chic. Most of us avoid black during summer, but this black and gold set totally changed my mind. Got this one from Imrose House, a slightly premium brand and of course on the pricier side, but they are totally worth it, especially if you're looking for something to stand out in or something for special occasions. Now, this set may look very heavy at first glance and something that you may want to avoid during summer, but it is actually quite the opposite. This one is made in a 100% pure organic cotton fabric, which is super breathable and it is designed in this flowy cuffon style silhouette that makes it perfect even on the hottest of the days. Also, the thread work may look like it's bright gold, but it is actually a muted golden beige, which keeps things very elegant. I love the flared long sleeves, the widele palazzos, and the soft tassel details. They add such a modern touch. Now, for styling, you do not need much because this outfit is a statement on its own. I went with my strappy wedges for a modern touch versus my regular heels, a golden clutch, some rings, and my sunglasses. And I absolutely love this [Music] one. And that was it for today's video, guys. I truly hope that you enjoyed watching it. And I do hope that you found it helpful in some shape or form. That's always my motto here on this channel. And uh even if you're not looking to shop anything new, I do hope that these videos actually help you raid your existing closet and come up with some uh fresh outfit ideas using some of the tips and tricks that I share in these videos. So yeah, with that, let's end today's video here. I'm going to see you guys soon again with another fun video. In the meantime, as always, be well, be safe, take care of yourself, and u yeah, I'll see you guys soon. Bye. [Music]",2026-08-20T21:05:58.592397
YouTube,Myntra & Nykaa Fashion Festive Finds: Haul & Styling  Tips,https://www.youtube.com/watch?v=7JFCmIOdjxM,@sunetrabhatla,Pls share link of the white cape jacket and the brown belt,UgzXJvrtJusEtmNJqal4AaABAg,0,1755704158.593516,"[Music] Hi guys, welcome back to my YouTube channel. In today's video, I am going to be sharing six to seven really creative and unique Indian and Indowestern outfit ideas that I am sure you are going to love. Whether you are invited for a wedding or you have to attend an event where you have to be dressed in Indian wear and you want to look the part but you still do not want to feel like you went over the board or you tried a lot then hopefully this video is going to help because I have got some new pieces that are really elegant of high quality and uh are really going to help you find that perfect balance between ethnic and modern. And uh yeah, I'm going to be mixing these pieces with some of the existing pieces from my closet to create some amazing, unique, and effortless outfits. All of these pieces are from Myntra and I think one or two pieces are from Nika Fashion as well. So yeah, I am really excited to share all of these outfits with you guys. I do hope that you are excited as well. So without any further ado, let's quickly jump right in and have some fun. Let's start with this soft romantic look. Easily one of my favorite from today's video. This gorgeous peach kerta set is from the brand Indo-Era. I love the combination of soft pastel tone with a subtle zuri work. It is made from a silk blend fabric, but it feels super lightweight and breathable. Plus, as usual, I went a size up for that extra comfort. Now, what really steals the show here is the big Oranza dupata with a beautiful border. It gives the whole outfit such a premium and expensive vibe. And believe it or not, I got this set for under 2,000 rupees. So definitely a great value for money. Now, since the korta already has a beautiful embroidery all over, I kept the styling very minimal. Transparent heels with a delicate bow, a brown leather bag to add a little bit of earthy contrast and my gold rim oval sunglasses for that chic finish. Now, if I wanted to accessorize it a bit more, I would add a pearl choker for two reasons. Number one, pearls look great with pastel tones. And number two, a choker here is going to add interest to my look without hiding the embroidery of the V-neck ka. This outfit is soft, simple, and so festive. Exactly how summer Indian wear should feel [Music] like. Next up is one of my favorite Indust looks for the season. got these turquoise blue brocade pants from Nika Fashion. Uh the brand is Gajra Gang, by the way. For the first look, I styled the trousers with a white cape blazer. I went with a brown belt to cinch the narrowest part of my waist, which takes the attention away from my midsection, which works great when you are conscious about your tummy area. Finish the look with a gorgeous pastel choker, my brown leather bag, and then my transparent heels. A look like this is perfect for formal events like a stylish meni or even a festive dinner when you want to look polished but still a bit playful. I would highly recommend introducing a hint of leather and earthy tones to create a more balanced look when you're styling your ethnic wear pieces for a more modern [Music] touch. For the next look, we have the same pants on, but the energy here is completely different. This time, I styled them with a dramatic off-shoulder top in turquoise blue and balloon sleeves for a flirty festive vibe. The top is from Mango and I got this last year. Now, this look here is bold, fun, and definitely more appropriate for say a daytime sange, a cocktail brunch or even a destination wedding event. Once again, kept the jewelry very minimal. the same pastel choker which by the way I got recently from Indra and it is such a stunning piece especially for the price. Definitely check this brand out. I am going to add links in the description box below. I would also recommend opting for soft ethnic jewelry like this pastel choker over your brighter and bolder options for summer because these are going to blend beautifully with all your summer outfits without clashing. I swapped the brown leather bag for a gold clutch. And yes, do not forget your sunglasses. Love these green oval options with gold rim because I think they bring just the right amount of attitude to my [Music] look. For the next look, I'm styling another Dreamy Korta set in soft blush pink with white thread work. And I got this one from House of Padi. Once again, it is made in silk blend fabric which adds just the right amount of shine for that elevated festive look, but still it is super delicate and lightweight, so it is perfect for summer. The white thread work all over stands out against the soft pink and it looks so elegant. Now, this set comes in five to six different color options, but I chose pink because of course it feels fresh, it feels feminine, and it is ideal for daytime festive events like intimate pujas or even a summer brunch for that matter. Now, for styling, I went with everything brown for a subtle contrast rather than going with pearl or silver, which would have been too matchy matchy. So, a pair of brown mojeries, a small structured brown bag, and of course, the same statement choker for a modern dy vibe. Love this [Music] look. I know I keep going on and on about soft pastels and earthy tones for your summer wardrobe, but sometimes you do need a splash of bright colors, especially if it is for festive events or weddings. So, if you're someone who loves bright colors, then this one is for you. Got the kerta and palazzos separately from Jaipur. They do not come as a set, by the way, but I've paired them together and honestly, they look like they were made for each other. The korta is made in premium cotton silk fabric. It has beautiful sheen. It has a delicate sequin work all over and also gold embroidery along the neckline and on the cuffs. It does come with a full cotton slip which makes it really comfortable to wear. The palazzos are pure cotton and they have this gorgeous goa border at the hem. They are super flared as well and I feel they are such a statement piece on their own. They are going to look amazing with short kis as well. Now since this did not come with a dupata, I paired it with a bright orange and pink one from one of my old langa sets. And the color combo is just so beautiful. Also, this is such a great way to reuse your old heavy dupatas to create new looks. I completed the look with my gold clutch, the soft pink earrings, which is part of the same choker set from previous looks, and my comfy wedges to balance the extra flare of my [Music] palazzos. This next look is summer freshness in an outfit. I'm wearing this gorgeous bright green three-piece set from Saki, and the color instantly feels so cooling and cheerful. This one is made in softest cotton balm fabric. It is super lightweight and breathable and even with all of this silver goapy detailing all over the korta and the bright color. I would say it is perfect for stepping out even on the hottest of the days. The airline korta comes with cropped pants and a beautiful big duparta with koda taping border. The only problem is that this brand runs small. So you have to go at least one size up if not two. Now, since the set is so bright and feminine, uh for styling, I kept everything very minimal. My transparent heels and a classic brown leather handbag. Also, I draped the dupata a little bit differently, almost like a scarf to give my outfit a little bit of modern twist. Finish the look with my watch and these fun green oval sunglasses. Light, bright, and festive. This one is perfect for daytime gatherings, branches, or a festive puja look. uh that will keep you looking cool and super [Music] chic. Most of us avoid black during summer, but this black and gold set totally changed my mind. Got this one from Imrose House, a slightly premium brand and of course on the pricier side, but they are totally worth it, especially if you're looking for something to stand out in or something for special occasions. Now, this set may look very heavy at first glance and something that you may want to avoid during summer, but it is actually quite the opposite. This one is made in a 100% pure organic cotton fabric, which is super breathable and it is designed in this flowy cuffon style silhouette that makes it perfect even on the hottest of the days. Also, the thread work may look like it's bright gold, but it is actually a muted golden beige, which keeps things very elegant. I love the flared long sleeves, the widele palazzos, and the soft tassel details. They add such a modern touch. Now, for styling, you do not need much because this outfit is a statement on its own. I went with my strappy wedges for a modern touch versus my regular heels, a golden clutch, some rings, and my sunglasses. And I absolutely love this [Music] one. And that was it for today's video, guys. I truly hope that you enjoyed watching it. And I do hope that you found it helpful in some shape or form. That's always my motto here on this channel. And uh even if you're not looking to shop anything new, I do hope that these videos actually help you raid your existing closet and come up with some uh fresh outfit ideas using some of the tips and tricks that I share in these videos. So yeah, with that, let's end today's video here. I'm going to see you guys soon again with another fun video. In the meantime, as always, be well, be safe, take care of yourself, and u yeah, I'll see you guys soon. Bye. [Music]",2026-08-20T21:05:58.593612
YouTube,Myntra & Nykaa Fashion Festive Finds: Haul & Styling  Tips,https://www.youtube.com/watch?v=7JFCmIOdjxM,@pallavigoyal9543,Please provide the link for the cape and the belt,UgwnfVneGQZiX1uYzg14AaABAg,0,1755704158.594758,"[Music] Hi guys, welcome back to my YouTube channel. In today's video, I am going to be sharing six to seven really creative and unique Indian and Indowestern outfit ideas that I am sure you are going to love. Whether you are invited for a wedding or you have to attend an event where you have to be dressed in Indian wear and you want to look the part but you still do not want to feel like you went over the board or you tried a lot then hopefully this video is going to help because I have got some new pieces that are really elegant of high quality and uh are really going to help you find that perfect balance between ethnic and modern. And uh yeah, I'm going to be mixing these pieces with some of the existing pieces from my closet to create some amazing, unique, and effortless outfits. All of these pieces are from Myntra and I think one or two pieces are from Nika Fashion as well. So yeah, I am really excited to share all of these outfits with you guys. I do hope that you are excited as well. So without any further ado, let's quickly jump right in and have some fun. Let's start with this soft romantic look. Easily one of my favorite from today's video. This gorgeous peach kerta set is from the brand Indo-Era. I love the combination of soft pastel tone with a subtle zuri work. It is made from a silk blend fabric, but it feels super lightweight and breathable. Plus, as usual, I went a size up for that extra comfort. Now, what really steals the show here is the big Oranza dupata with a beautiful border. It gives the whole outfit such a premium and expensive vibe. And believe it or not, I got this set for under 2,000 rupees. So definitely a great value for money. Now, since the korta already has a beautiful embroidery all over, I kept the styling very minimal. Transparent heels with a delicate bow, a brown leather bag to add a little bit of earthy contrast and my gold rim oval sunglasses for that chic finish. Now, if I wanted to accessorize it a bit more, I would add a pearl choker for two reasons. Number one, pearls look great with pastel tones. And number two, a choker here is going to add interest to my look without hiding the embroidery of the V-neck ka. This outfit is soft, simple, and so festive. Exactly how summer Indian wear should feel [Music] like. Next up is one of my favorite Indust looks for the season. got these turquoise blue brocade pants from Nika Fashion. Uh the brand is Gajra Gang, by the way. For the first look, I styled the trousers with a white cape blazer. I went with a brown belt to cinch the narrowest part of my waist, which takes the attention away from my midsection, which works great when you are conscious about your tummy area. Finish the look with a gorgeous pastel choker, my brown leather bag, and then my transparent heels. A look like this is perfect for formal events like a stylish meni or even a festive dinner when you want to look polished but still a bit playful. I would highly recommend introducing a hint of leather and earthy tones to create a more balanced look when you're styling your ethnic wear pieces for a more modern [Music] touch. For the next look, we have the same pants on, but the energy here is completely different. This time, I styled them with a dramatic off-shoulder top in turquoise blue and balloon sleeves for a flirty festive vibe. The top is from Mango and I got this last year. Now, this look here is bold, fun, and definitely more appropriate for say a daytime sange, a cocktail brunch or even a destination wedding event. Once again, kept the jewelry very minimal. the same pastel choker which by the way I got recently from Indra and it is such a stunning piece especially for the price. Definitely check this brand out. I am going to add links in the description box below. I would also recommend opting for soft ethnic jewelry like this pastel choker over your brighter and bolder options for summer because these are going to blend beautifully with all your summer outfits without clashing. I swapped the brown leather bag for a gold clutch. And yes, do not forget your sunglasses. Love these green oval options with gold rim because I think they bring just the right amount of attitude to my [Music] look. For the next look, I'm styling another Dreamy Korta set in soft blush pink with white thread work. And I got this one from House of Padi. Once again, it is made in silk blend fabric which adds just the right amount of shine for that elevated festive look, but still it is super delicate and lightweight, so it is perfect for summer. The white thread work all over stands out against the soft pink and it looks so elegant. Now, this set comes in five to six different color options, but I chose pink because of course it feels fresh, it feels feminine, and it is ideal for daytime festive events like intimate pujas or even a summer brunch for that matter. Now, for styling, I went with everything brown for a subtle contrast rather than going with pearl or silver, which would have been too matchy matchy. So, a pair of brown mojeries, a small structured brown bag, and of course, the same statement choker for a modern dy vibe. Love this [Music] look. I know I keep going on and on about soft pastels and earthy tones for your summer wardrobe, but sometimes you do need a splash of bright colors, especially if it is for festive events or weddings. So, if you're someone who loves bright colors, then this one is for you. Got the kerta and palazzos separately from Jaipur. They do not come as a set, by the way, but I've paired them together and honestly, they look like they were made for each other. The korta is made in premium cotton silk fabric. It has beautiful sheen. It has a delicate sequin work all over and also gold embroidery along the neckline and on the cuffs. It does come with a full cotton slip which makes it really comfortable to wear. The palazzos are pure cotton and they have this gorgeous goa border at the hem. They are super flared as well and I feel they are such a statement piece on their own. They are going to look amazing with short kis as well. Now since this did not come with a dupata, I paired it with a bright orange and pink one from one of my old langa sets. And the color combo is just so beautiful. Also, this is such a great way to reuse your old heavy dupatas to create new looks. I completed the look with my gold clutch, the soft pink earrings, which is part of the same choker set from previous looks, and my comfy wedges to balance the extra flare of my [Music] palazzos. This next look is summer freshness in an outfit. I'm wearing this gorgeous bright green three-piece set from Saki, and the color instantly feels so cooling and cheerful. This one is made in softest cotton balm fabric. It is super lightweight and breathable and even with all of this silver goapy detailing all over the korta and the bright color. I would say it is perfect for stepping out even on the hottest of the days. The airline korta comes with cropped pants and a beautiful big duparta with koda taping border. The only problem is that this brand runs small. So you have to go at least one size up if not two. Now, since the set is so bright and feminine, uh for styling, I kept everything very minimal. My transparent heels and a classic brown leather handbag. Also, I draped the dupata a little bit differently, almost like a scarf to give my outfit a little bit of modern twist. Finish the look with my watch and these fun green oval sunglasses. Light, bright, and festive. This one is perfect for daytime gatherings, branches, or a festive puja look. uh that will keep you looking cool and super [Music] chic. Most of us avoid black during summer, but this black and gold set totally changed my mind. Got this one from Imrose House, a slightly premium brand and of course on the pricier side, but they are totally worth it, especially if you're looking for something to stand out in or something for special occasions. Now, this set may look very heavy at first glance and something that you may want to avoid during summer, but it is actually quite the opposite. This one is made in a 100% pure organic cotton fabric, which is super breathable and it is designed in this flowy cuffon style silhouette that makes it perfect even on the hottest of the days. Also, the thread work may look like it's bright gold, but it is actually a muted golden beige, which keeps things very elegant. I love the flared long sleeves, the widele palazzos, and the soft tassel details. They add such a modern touch. Now, for styling, you do not need much because this outfit is a statement on its own. I went with my strappy wedges for a modern touch versus my regular heels, a golden clutch, some rings, and my sunglasses. And I absolutely love this [Music] one. And that was it for today's video, guys. I truly hope that you enjoyed watching it. And I do hope that you found it helpful in some shape or form. That's always my motto here on this channel. And uh even if you're not looking to shop anything new, I do hope that these videos actually help you raid your existing closet and come up with some uh fresh outfit ideas using some of the tips and tricks that I share in these videos. So yeah, with that, let's end today's video here. I'm going to see you guys soon again with another fun video. In the meantime, as always, be well, be safe, take care of yourself, and u yeah, I'll see you guys soon. Bye. [Music]",2026-08-20T21:05:58.594886
YouTube,Myntra & Nykaa Fashion Festive Finds: Haul & Styling  Tips,https://www.youtube.com/watch?v=7JFCmIOdjxM,@ritupandey8690,"Hey , love the haul ❤
Some of pieces already in my wish list .
Can u plz show your  footwear n bags collection ,or you can suggest Good brands to invest in.❤❤",UgzUMOojAeaGdSYogBt4AaABAg,0,1755704158.596171,"[Music] Hi guys, welcome back to my YouTube channel. In today's video, I am going to be sharing six to seven really creative and unique Indian and Indowestern outfit ideas that I am sure you are going to love. Whether you are invited for a wedding or you have to attend an event where you have to be dressed in Indian wear and you want to look the part but you still do not want to feel like you went over the board or you tried a lot then hopefully this video is going to help because I have got some new pieces that are really elegant of high quality and uh are really going to help you find that perfect balance between ethnic and modern. And uh yeah, I'm going to be mixing these pieces with some of the existing pieces from my closet to create some amazing, unique, and effortless outfits. All of these pieces are from Myntra and I think one or two pieces are from Nika Fashion as well. So yeah, I am really excited to share all of these outfits with you guys. I do hope that you are excited as well. So without any further ado, let's quickly jump right in and have some fun. Let's start with this soft romantic look. Easily one of my favorite from today's video. This gorgeous peach kerta set is from the brand Indo-Era. I love the combination of soft pastel tone with a subtle zuri work. It is made from a silk blend fabric, but it feels super lightweight and breathable. Plus, as usual, I went a size up for that extra comfort. Now, what really steals the show here is the big Oranza dupata with a beautiful border. It gives the whole outfit such a premium and expensive vibe. And believe it or not, I got this set for under 2,000 rupees. So definitely a great value for money. Now, since the korta already has a beautiful embroidery all over, I kept the styling very minimal. Transparent heels with a delicate bow, a brown leather bag to add a little bit of earthy contrast and my gold rim oval sunglasses for that chic finish. Now, if I wanted to accessorize it a bit more, I would add a pearl choker for two reasons. Number one, pearls look great with pastel tones. And number two, a choker here is going to add interest to my look without hiding the embroidery of the V-neck ka. This outfit is soft, simple, and so festive. Exactly how summer Indian wear should feel [Music] like. Next up is one of my favorite Indust looks for the season. got these turquoise blue brocade pants from Nika Fashion. Uh the brand is Gajra Gang, by the way. For the first look, I styled the trousers with a white cape blazer. I went with a brown belt to cinch the narrowest part of my waist, which takes the attention away from my midsection, which works great when you are conscious about your tummy area. Finish the look with a gorgeous pastel choker, my brown leather bag, and then my transparent heels. A look like this is perfect for formal events like a stylish meni or even a festive dinner when you want to look polished but still a bit playful. I would highly recommend introducing a hint of leather and earthy tones to create a more balanced look when you're styling your ethnic wear pieces for a more modern [Music] touch. For the next look, we have the same pants on, but the energy here is completely different. This time, I styled them with a dramatic off-shoulder top in turquoise blue and balloon sleeves for a flirty festive vibe. The top is from Mango and I got this last year. Now, this look here is bold, fun, and definitely more appropriate for say a daytime sange, a cocktail brunch or even a destination wedding event. Once again, kept the jewelry very minimal. the same pastel choker which by the way I got recently from Indra and it is such a stunning piece especially for the price. Definitely check this brand out. I am going to add links in the description box below. I would also recommend opting for soft ethnic jewelry like this pastel choker over your brighter and bolder options for summer because these are going to blend beautifully with all your summer outfits without clashing. I swapped the brown leather bag for a gold clutch. And yes, do not forget your sunglasses. Love these green oval options with gold rim because I think they bring just the right amount of attitude to my [Music] look. For the next look, I'm styling another Dreamy Korta set in soft blush pink with white thread work. And I got this one from House of Padi. Once again, it is made in silk blend fabric which adds just the right amount of shine for that elevated festive look, but still it is super delicate and lightweight, so it is perfect for summer. The white thread work all over stands out against the soft pink and it looks so elegant. Now, this set comes in five to six different color options, but I chose pink because of course it feels fresh, it feels feminine, and it is ideal for daytime festive events like intimate pujas or even a summer brunch for that matter. Now, for styling, I went with everything brown for a subtle contrast rather than going with pearl or silver, which would have been too matchy matchy. So, a pair of brown mojeries, a small structured brown bag, and of course, the same statement choker for a modern dy vibe. Love this [Music] look. I know I keep going on and on about soft pastels and earthy tones for your summer wardrobe, but sometimes you do need a splash of bright colors, especially if it is for festive events or weddings. So, if you're someone who loves bright colors, then this one is for you. Got the kerta and palazzos separately from Jaipur. They do not come as a set, by the way, but I've paired them together and honestly, they look like they were made for each other. The korta is made in premium cotton silk fabric. It has beautiful sheen. It has a delicate sequin work all over and also gold embroidery along the neckline and on the cuffs. It does come with a full cotton slip which makes it really comfortable to wear. The palazzos are pure cotton and they have this gorgeous goa border at the hem. They are super flared as well and I feel they are such a statement piece on their own. They are going to look amazing with short kis as well. Now since this did not come with a dupata, I paired it with a bright orange and pink one from one of my old langa sets. And the color combo is just so beautiful. Also, this is such a great way to reuse your old heavy dupatas to create new looks. I completed the look with my gold clutch, the soft pink earrings, which is part of the same choker set from previous looks, and my comfy wedges to balance the extra flare of my [Music] palazzos. This next look is summer freshness in an outfit. I'm wearing this gorgeous bright green three-piece set from Saki, and the color instantly feels so cooling and cheerful. This one is made in softest cotton balm fabric. It is super lightweight and breathable and even with all of this silver goapy detailing all over the korta and the bright color. I would say it is perfect for stepping out even on the hottest of the days. The airline korta comes with cropped pants and a beautiful big duparta with koda taping border. The only problem is that this brand runs small. So you have to go at least one size up if not two. Now, since the set is so bright and feminine, uh for styling, I kept everything very minimal. My transparent heels and a classic brown leather handbag. Also, I draped the dupata a little bit differently, almost like a scarf to give my outfit a little bit of modern twist. Finish the look with my watch and these fun green oval sunglasses. Light, bright, and festive. This one is perfect for daytime gatherings, branches, or a festive puja look. uh that will keep you looking cool and super [Music] chic. Most of us avoid black during summer, but this black and gold set totally changed my mind. Got this one from Imrose House, a slightly premium brand and of course on the pricier side, but they are totally worth it, especially if you're looking for something to stand out in or something for special occasions. Now, this set may look very heavy at first glance and something that you may want to avoid during summer, but it is actually quite the opposite. This one is made in a 100% pure organic cotton fabric, which is super breathable and it is designed in this flowy cuffon style silhouette that makes it perfect even on the hottest of the days. Also, the thread work may look like it's bright gold, but it is actually a muted golden beige, which keeps things very elegant. I love the flared long sleeves, the widele palazzos, and the soft tassel details. They add such a modern touch. Now, for styling, you do not need much because this outfit is a statement on its own. I went with my strappy wedges for a modern touch versus my regular heels, a golden clutch, some rings, and my sunglasses. And I absolutely love this [Music] one. And that was it for today's video, guys. I truly hope that you enjoyed watching it. And I do hope that you found it helpful in some shape or form. That's always my motto here on this channel. And uh even if you're not looking to shop anything new, I do hope that these videos actually help you raid your existing closet and come up with some uh fresh outfit ideas using some of the tips and tricks that I share in these videos. So yeah, with that, let's end today's video here. I'm going to see you guys soon again with another fun video. In the meantime, as always, be well, be safe, take care of yourself, and u yeah, I'll see you guys soon. Bye. [Music]",2026-08-20T21:05:58.596284
YouTube,Myntra & Nykaa Fashion Festive Finds: Haul & Styling  Tips,https://www.youtube.com/watch?v=7JFCmIOdjxM,@komalsharma3375,❤ your recommendations,Ugx6bkWOPBifSZ6zSON4AaABAg,0,1755704158.597475,"[Music] Hi guys, welcome back to my YouTube channel. In today's video, I am going to be sharing six to seven really creative and unique Indian and Indowestern outfit ideas that I am sure you are going to love. Whether you are invited for a wedding or you have to attend an event where you have to be dressed in Indian wear and you want to look the part but you still do not want to feel like you went over the board or you tried a lot then hopefully this video is going to help because I have got some new pieces that are really elegant of high quality and uh are really going to help you find that perfect balance between ethnic and modern. And uh yeah, I'm going to be mixing these pieces with some of the existing pieces from my closet to create some amazing, unique, and effortless outfits. All of these pieces are from Myntra and I think one or two pieces are from Nika Fashion as well. So yeah, I am really excited to share all of these outfits with you guys. I do hope that you are excited as well. So without any further ado, let's quickly jump right in and have some fun. Let's start with this soft romantic look. Easily one of my favorite from today's video. This gorgeous peach kerta set is from the brand Indo-Era. I love the combination of soft pastel tone with a subtle zuri work. It is made from a silk blend fabric, but it feels super lightweight and breathable. Plus, as usual, I went a size up for that extra comfort. Now, what really steals the show here is the big Oranza dupata with a beautiful border. It gives the whole outfit such a premium and expensive vibe. And believe it or not, I got this set for under 2,000 rupees. So definitely a great value for money. Now, since the korta already has a beautiful embroidery all over, I kept the styling very minimal. Transparent heels with a delicate bow, a brown leather bag to add a little bit of earthy contrast and my gold rim oval sunglasses for that chic finish. Now, if I wanted to accessorize it a bit more, I would add a pearl choker for two reasons. Number one, pearls look great with pastel tones. And number two, a choker here is going to add interest to my look without hiding the embroidery of the V-neck ka. This outfit is soft, simple, and so festive. Exactly how summer Indian wear should feel [Music] like. Next up is one of my favorite Indust looks for the season. got these turquoise blue brocade pants from Nika Fashion. Uh the brand is Gajra Gang, by the way. For the first look, I styled the trousers with a white cape blazer. I went with a brown belt to cinch the narrowest part of my waist, which takes the attention away from my midsection, which works great when you are conscious about your tummy area. Finish the look with a gorgeous pastel choker, my brown leather bag, and then my transparent heels. A look like this is perfect for formal events like a stylish meni or even a festive dinner when you want to look polished but still a bit playful. I would highly recommend introducing a hint of leather and earthy tones to create a more balanced look when you're styling your ethnic wear pieces for a more modern [Music] touch. For the next look, we have the same pants on, but the energy here is completely different. This time, I styled them with a dramatic off-shoulder top in turquoise blue and balloon sleeves for a flirty festive vibe. The top is from Mango and I got this last year. Now, this look here is bold, fun, and definitely more appropriate for say a daytime sange, a cocktail brunch or even a destination wedding event. Once again, kept the jewelry very minimal. the same pastel choker which by the way I got recently from Indra and it is such a stunning piece especially for the price. Definitely check this brand out. I am going to add links in the description box below. I would also recommend opting for soft ethnic jewelry like this pastel choker over your brighter and bolder options for summer because these are going to blend beautifully with all your summer outfits without clashing. I swapped the brown leather bag for a gold clutch. And yes, do not forget your sunglasses. Love these green oval options with gold rim because I think they bring just the right amount of attitude to my [Music] look. For the next look, I'm styling another Dreamy Korta set in soft blush pink with white thread work. And I got this one from House of Padi. Once again, it is made in silk blend fabric which adds just the right amount of shine for that elevated festive look, but still it is super delicate and lightweight, so it is perfect for summer. The white thread work all over stands out against the soft pink and it looks so elegant. Now, this set comes in five to six different color options, but I chose pink because of course it feels fresh, it feels feminine, and it is ideal for daytime festive events like intimate pujas or even a summer brunch for that matter. Now, for styling, I went with everything brown for a subtle contrast rather than going with pearl or silver, which would have been too matchy matchy. So, a pair of brown mojeries, a small structured brown bag, and of course, the same statement choker for a modern dy vibe. Love this [Music] look. I know I keep going on and on about soft pastels and earthy tones for your summer wardrobe, but sometimes you do need a splash of bright colors, especially if it is for festive events or weddings. So, if you're someone who loves bright colors, then this one is for you. Got the kerta and palazzos separately from Jaipur. They do not come as a set, by the way, but I've paired them together and honestly, they look like they were made for each other. The korta is made in premium cotton silk fabric. It has beautiful sheen. It has a delicate sequin work all over and also gold embroidery along the neckline and on the cuffs. It does come with a full cotton slip which makes it really comfortable to wear. The palazzos are pure cotton and they have this gorgeous goa border at the hem. They are super flared as well and I feel they are such a statement piece on their own. They are going to look amazing with short kis as well. Now since this did not come with a dupata, I paired it with a bright orange and pink one from one of my old langa sets. And the color combo is just so beautiful. Also, this is such a great way to reuse your old heavy dupatas to create new looks. I completed the look with my gold clutch, the soft pink earrings, which is part of the same choker set from previous looks, and my comfy wedges to balance the extra flare of my [Music] palazzos. This next look is summer freshness in an outfit. I'm wearing this gorgeous bright green three-piece set from Saki, and the color instantly feels so cooling and cheerful. This one is made in softest cotton balm fabric. It is super lightweight and breathable and even with all of this silver goapy detailing all over the korta and the bright color. I would say it is perfect for stepping out even on the hottest of the days. The airline korta comes with cropped pants and a beautiful big duparta with koda taping border. The only problem is that this brand runs small. So you have to go at least one size up if not two. Now, since the set is so bright and feminine, uh for styling, I kept everything very minimal. My transparent heels and a classic brown leather handbag. Also, I draped the dupata a little bit differently, almost like a scarf to give my outfit a little bit of modern twist. Finish the look with my watch and these fun green oval sunglasses. Light, bright, and festive. This one is perfect for daytime gatherings, branches, or a festive puja look. uh that will keep you looking cool and super [Music] chic. Most of us avoid black during summer, but this black and gold set totally changed my mind. Got this one from Imrose House, a slightly premium brand and of course on the pricier side, but they are totally worth it, especially if you're looking for something to stand out in or something for special occasions. Now, this set may look very heavy at first glance and something that you may want to avoid during summer, but it is actually quite the opposite. This one is made in a 100% pure organic cotton fabric, which is super breathable and it is designed in this flowy cuffon style silhouette that makes it perfect even on the hottest of the days. Also, the thread work may look like it's bright gold, but it is actually a muted golden beige, which keeps things very elegant. I love the flared long sleeves, the widele palazzos, and the soft tassel details. They add such a modern touch. Now, for styling, you do not need much because this outfit is a statement on its own. I went with my strappy wedges for a modern touch versus my regular heels, a golden clutch, some rings, and my sunglasses. And I absolutely love this [Music] one. And that was it for today's video, guys. I truly hope that you enjoyed watching it. And I do hope that you found it helpful in some shape or form. That's always my motto here on this channel. And uh even if you're not looking to shop anything new, I do hope that these videos actually help you raid your existing closet and come up with some uh fresh outfit ideas using some of the tips and tricks that I share in these videos. So yeah, with that, let's end today's video here. I'm going to see you guys soon again with another fun video. In the meantime, as always, be well, be safe, take care of yourself, and u yeah, I'll see you guys soon. Bye. [Music]",2026-08-20T21:05:58.597618
YouTube,Myntra & Nykaa Fashion Festive Finds: Haul & Styling  Tips,https://www.youtube.com/watch?v=7JFCmIOdjxM,@deepshikha7769,Beautiful collection ❤... sunglasses link please,UgzmLb8HxKzjykhOxmx4AaABAg,0,1755704158.598818,"[Music] Hi guys, welcome back to my YouTube channel. In today's video, I am going to be sharing six to seven really creative and unique Indian and Indowestern outfit ideas that I am sure you are going to love. Whether you are invited for a wedding or you have to attend an event where you have to be dressed in Indian wear and you want to look the part but you still do not want to feel like you went over the board or you tried a lot then hopefully this video is going to help because I have got some new pieces that are really elegant of high quality and uh are really going to help you find that perfect balance between ethnic and modern. And uh yeah, I'm going to be mixing these pieces with some of the existing pieces from my closet to create some amazing, unique, and effortless outfits. All of these pieces are from Myntra and I think one or two pieces are from Nika Fashion as well. So yeah, I am really excited to share all of these outfits with you guys. I do hope that you are excited as well. So without any further ado, let's quickly jump right in and have some fun. Let's start with this soft romantic look. Easily one of my favorite from today's video. This gorgeous peach kerta set is from the brand Indo-Era. I love the combination of soft pastel tone with a subtle zuri work. It is made from a silk blend fabric, but it feels super lightweight and breathable. Plus, as usual, I went a size up for that extra comfort. Now, what really steals the show here is the big Oranza dupata with a beautiful border. It gives the whole outfit such a premium and expensive vibe. And believe it or not, I got this set for under 2,000 rupees. So definitely a great value for money. Now, since the korta already has a beautiful embroidery all over, I kept the styling very minimal. Transparent heels with a delicate bow, a brown leather bag to add a little bit of earthy contrast and my gold rim oval sunglasses for that chic finish. Now, if I wanted to accessorize it a bit more, I would add a pearl choker for two reasons. Number one, pearls look great with pastel tones. And number two, a choker here is going to add interest to my look without hiding the embroidery of the V-neck ka. This outfit is soft, simple, and so festive. Exactly how summer Indian wear should feel [Music] like. Next up is one of my favorite Indust looks for the season. got these turquoise blue brocade pants from Nika Fashion. Uh the brand is Gajra Gang, by the way. For the first look, I styled the trousers with a white cape blazer. I went with a brown belt to cinch the narrowest part of my waist, which takes the attention away from my midsection, which works great when you are conscious about your tummy area. Finish the look with a gorgeous pastel choker, my brown leather bag, and then my transparent heels. A look like this is perfect for formal events like a stylish meni or even a festive dinner when you want to look polished but still a bit playful. I would highly recommend introducing a hint of leather and earthy tones to create a more balanced look when you're styling your ethnic wear pieces for a more modern [Music] touch. For the next look, we have the same pants on, but the energy here is completely different. This time, I styled them with a dramatic off-shoulder top in turquoise blue and balloon sleeves for a flirty festive vibe. The top is from Mango and I got this last year. Now, this look here is bold, fun, and definitely more appropriate for say a daytime sange, a cocktail brunch or even a destination wedding event. Once again, kept the jewelry very minimal. the same pastel choker which by the way I got recently from Indra and it is such a stunning piece especially for the price. Definitely check this brand out. I am going to add links in the description box below. I would also recommend opting for soft ethnic jewelry like this pastel choker over your brighter and bolder options for summer because these are going to blend beautifully with all your summer outfits without clashing. I swapped the brown leather bag for a gold clutch. And yes, do not forget your sunglasses. Love these green oval options with gold rim because I think they bring just the right amount of attitude to my [Music] look. For the next look, I'm styling another Dreamy Korta set in soft blush pink with white thread work. And I got this one from House of Padi. Once again, it is made in silk blend fabric which adds just the right amount of shine for that elevated festive look, but still it is super delicate and lightweight, so it is perfect for summer. The white thread work all over stands out against the soft pink and it looks so elegant. Now, this set comes in five to six different color options, but I chose pink because of course it feels fresh, it feels feminine, and it is ideal for daytime festive events like intimate pujas or even a summer brunch for that matter. Now, for styling, I went with everything brown for a subtle contrast rather than going with pearl or silver, which would have been too matchy matchy. So, a pair of brown mojeries, a small structured brown bag, and of course, the same statement choker for a modern dy vibe. Love this [Music] look. I know I keep going on and on about soft pastels and earthy tones for your summer wardrobe, but sometimes you do need a splash of bright colors, especially if it is for festive events or weddings. So, if you're someone who loves bright colors, then this one is for you. Got the kerta and palazzos separately from Jaipur. They do not come as a set, by the way, but I've paired them together and honestly, they look like they were made for each other. The korta is made in premium cotton silk fabric. It has beautiful sheen. It has a delicate sequin work all over and also gold embroidery along the neckline and on the cuffs. It does come with a full cotton slip which makes it really comfortable to wear. The palazzos are pure cotton and they have this gorgeous goa border at the hem. They are super flared as well and I feel they are such a statement piece on their own. They are going to look amazing with short kis as well. Now since this did not come with a dupata, I paired it with a bright orange and pink one from one of my old langa sets. And the color combo is just so beautiful. Also, this is such a great way to reuse your old heavy dupatas to create new looks. I completed the look with my gold clutch, the soft pink earrings, which is part of the same choker set from previous looks, and my comfy wedges to balance the extra flare of my [Music] palazzos. This next look is summer freshness in an outfit. I'm wearing this gorgeous bright green three-piece set from Saki, and the color instantly feels so cooling and cheerful. This one is made in softest cotton balm fabric. It is super lightweight and breathable and even with all of this silver goapy detailing all over the korta and the bright color. I would say it is perfect for stepping out even on the hottest of the days. The airline korta comes with cropped pants and a beautiful big duparta with koda taping border. The only problem is that this brand runs small. So you have to go at least one size up if not two. Now, since the set is so bright and feminine, uh for styling, I kept everything very minimal. My transparent heels and a classic brown leather handbag. Also, I draped the dupata a little bit differently, almost like a scarf to give my outfit a little bit of modern twist. Finish the look with my watch and these fun green oval sunglasses. Light, bright, and festive. This one is perfect for daytime gatherings, branches, or a festive puja look. uh that will keep you looking cool and super [Music] chic. Most of us avoid black during summer, but this black and gold set totally changed my mind. Got this one from Imrose House, a slightly premium brand and of course on the pricier side, but they are totally worth it, especially if you're looking for something to stand out in or something for special occasions. Now, this set may look very heavy at first glance and something that you may want to avoid during summer, but it is actually quite the opposite. This one is made in a 100% pure organic cotton fabric, which is super breathable and it is designed in this flowy cuffon style silhouette that makes it perfect even on the hottest of the days. Also, the thread work may look like it's bright gold, but it is actually a muted golden beige, which keeps things very elegant. I love the flared long sleeves, the widele palazzos, and the soft tassel details. They add such a modern touch. Now, for styling, you do not need much because this outfit is a statement on its own. I went with my strappy wedges for a modern touch versus my regular heels, a golden clutch, some rings, and my sunglasses. And I absolutely love this [Music] one. And that was it for today's video, guys. I truly hope that you enjoyed watching it. And I do hope that you found it helpful in some shape or form. That's always my motto here on this channel. And uh even if you're not looking to shop anything new, I do hope that these videos actually help you raid your existing closet and come up with some uh fresh outfit ideas using some of the tips and tricks that I share in these videos. So yeah, with that, let's end today's video here. I'm going to see you guys soon again with another fun video. In the meantime, as always, be well, be safe, take care of yourself, and u yeah, I'll see you guys soon. Bye. [Music]",2026-08-20T21:05:58.598934
YouTube,Myntra & Nykaa Fashion Festive Finds: Haul & Styling  Tips,https://www.youtube.com/watch?v=7JFCmIOdjxM,@shaguftaquraishi7861,Love you.......Just what i needed..................,UgzNzMRgqPBDPHsfHHt4AaABAg,1,1755704158.600204,"[Music] Hi guys, welcome back to my YouTube channel. In today's video, I am going to be sharing six to seven really creative and unique Indian and Indowestern outfit ideas that I am sure you are going to love. Whether you are invited for a wedding or you have to attend an event where you have to be dressed in Indian wear and you want to look the part but you still do not want to feel like you went over the board or you tried a lot then hopefully this video is going to help because I have got some new pieces that are really elegant of high quality and uh are really going to help you find that perfect balance between ethnic and modern. And uh yeah, I'm going to be mixing these pieces with some of the existing pieces from my closet to create some amazing, unique, and effortless outfits. All of these pieces are from Myntra and I think one or two pieces are from Nika Fashion as well. So yeah, I am really excited to share all of these outfits with you guys. I do hope that you are excited as well. So without any further ado, let's quickly jump right in and have some fun. Let's start with this soft romantic look. Easily one of my favorite from today's video. This gorgeous peach kerta set is from the brand Indo-Era. I love the combination of soft pastel tone with a subtle zuri work. It is made from a silk blend fabric, but it feels super lightweight and breathable. Plus, as usual, I went a size up for that extra comfort. Now, what really steals the show here is the big Oranza dupata with a beautiful border. It gives the whole outfit such a premium and expensive vibe. And believe it or not, I got this set for under 2,000 rupees. So definitely a great value for money. Now, since the korta already has a beautiful embroidery all over, I kept the styling very minimal. Transparent heels with a delicate bow, a brown leather bag to add a little bit of earthy contrast and my gold rim oval sunglasses for that chic finish. Now, if I wanted to accessorize it a bit more, I would add a pearl choker for two reasons. Number one, pearls look great with pastel tones. And number two, a choker here is going to add interest to my look without hiding the embroidery of the V-neck ka. This outfit is soft, simple, and so festive. Exactly how summer Indian wear should feel [Music] like. Next up is one of my favorite Indust looks for the season. got these turquoise blue brocade pants from Nika Fashion. Uh the brand is Gajra Gang, by the way. For the first look, I styled the trousers with a white cape blazer. I went with a brown belt to cinch the narrowest part of my waist, which takes the attention away from my midsection, which works great when you are conscious about your tummy area. Finish the look with a gorgeous pastel choker, my brown leather bag, and then my transparent heels. A look like this is perfect for formal events like a stylish meni or even a festive dinner when you want to look polished but still a bit playful. I would highly recommend introducing a hint of leather and earthy tones to create a more balanced look when you're styling your ethnic wear pieces for a more modern [Music] touch. For the next look, we have the same pants on, but the energy here is completely different. This time, I styled them with a dramatic off-shoulder top in turquoise blue and balloon sleeves for a flirty festive vibe. The top is from Mango and I got this last year. Now, this look here is bold, fun, and definitely more appropriate for say a daytime sange, a cocktail brunch or even a destination wedding event. Once again, kept the jewelry very minimal. the same pastel choker which by the way I got recently from Indra and it is such a stunning piece especially for the price. Definitely check this brand out. I am going to add links in the description box below. I would also recommend opting for soft ethnic jewelry like this pastel choker over your brighter and bolder options for summer because these are going to blend beautifully with all your summer outfits without clashing. I swapped the brown leather bag for a gold clutch. And yes, do not forget your sunglasses. Love these green oval options with gold rim because I think they bring just the right amount of attitude to my [Music] look. For the next look, I'm styling another Dreamy Korta set in soft blush pink with white thread work. And I got this one from House of Padi. Once again, it is made in silk blend fabric which adds just the right amount of shine for that elevated festive look, but still it is super delicate and lightweight, so it is perfect for summer. The white thread work all over stands out against the soft pink and it looks so elegant. Now, this set comes in five to six different color options, but I chose pink because of course it feels fresh, it feels feminine, and it is ideal for daytime festive events like intimate pujas or even a summer brunch for that matter. Now, for styling, I went with everything brown for a subtle contrast rather than going with pearl or silver, which would have been too matchy matchy. So, a pair of brown mojeries, a small structured brown bag, and of course, the same statement choker for a modern dy vibe. Love this [Music] look. I know I keep going on and on about soft pastels and earthy tones for your summer wardrobe, but sometimes you do need a splash of bright colors, especially if it is for festive events or weddings. So, if you're someone who loves bright colors, then this one is for you. Got the kerta and palazzos separately from Jaipur. They do not come as a set, by the way, but I've paired them together and honestly, they look like they were made for each other. The korta is made in premium cotton silk fabric. It has beautiful sheen. It has a delicate sequin work all over and also gold embroidery along the neckline and on the cuffs. It does come with a full cotton slip which makes it really comfortable to wear. The palazzos are pure cotton and they have this gorgeous goa border at the hem. They are super flared as well and I feel they are such a statement piece on their own. They are going to look amazing with short kis as well. Now since this did not come with a dupata, I paired it with a bright orange and pink one from one of my old langa sets. And the color combo is just so beautiful. Also, this is such a great way to reuse your old heavy dupatas to create new looks. I completed the look with my gold clutch, the soft pink earrings, which is part of the same choker set from previous looks, and my comfy wedges to balance the extra flare of my [Music] palazzos. This next look is summer freshness in an outfit. I'm wearing this gorgeous bright green three-piece set from Saki, and the color instantly feels so cooling and cheerful. This one is made in softest cotton balm fabric. It is super lightweight and breathable and even with all of this silver goapy detailing all over the korta and the bright color. I would say it is perfect for stepping out even on the hottest of the days. The airline korta comes with cropped pants and a beautiful big duparta with koda taping border. The only problem is that this brand runs small. So you have to go at least one size up if not two. Now, since the set is so bright and feminine, uh for styling, I kept everything very minimal. My transparent heels and a classic brown leather handbag. Also, I draped the dupata a little bit differently, almost like a scarf to give my outfit a little bit of modern twist. Finish the look with my watch and these fun green oval sunglasses. Light, bright, and festive. This one is perfect for daytime gatherings, branches, or a festive puja look. uh that will keep you looking cool and super [Music] chic. Most of us avoid black during summer, but this black and gold set totally changed my mind. Got this one from Imrose House, a slightly premium brand and of course on the pricier side, but they are totally worth it, especially if you're looking for something to stand out in or something for special occasions. Now, this set may look very heavy at first glance and something that you may want to avoid during summer, but it is actually quite the opposite. This one is made in a 100% pure organic cotton fabric, which is super breathable and it is designed in this flowy cuffon style silhouette that makes it perfect even on the hottest of the days. Also, the thread work may look like it's bright gold, but it is actually a muted golden beige, which keeps things very elegant. I love the flared long sleeves, the widele palazzos, and the soft tassel details. They add such a modern touch. Now, for styling, you do not need much because this outfit is a statement on its own. I went with my strappy wedges for a modern touch versus my regular heels, a golden clutch, some rings, and my sunglasses. And I absolutely love this [Music] one. And that was it for today's video, guys. I truly hope that you enjoyed watching it. And I do hope that you found it helpful in some shape or form. That's always my motto here on this channel. And uh even if you're not looking to shop anything new, I do hope that these videos actually help you raid your existing closet and come up with some uh fresh outfit ideas using some of the tips and tricks that I share in these videos. So yeah, with that, let's end today's video here. I'm going to see you guys soon again with another fun video. In the meantime, as always, be well, be safe, take care of yourself, and u yeah, I'll see you guys soon. Bye. [Music]",2026-08-20T21:05:58.600330
YouTube,Myntra & Nykaa Fashion Festive Finds: Haul & Styling  Tips,https://www.youtube.com/watch?v=7JFCmIOdjxM,@nitikatripathi5646,"Where is this white blazer from, which you have paired with blue brocade pants?",Ugwkuy6RHoh2QT79WxR4AaABAg,0,1755704158.601678,"[Music] Hi guys, welcome back to my YouTube channel. In today's video, I am going to be sharing six to seven really creative and unique Indian and Indowestern outfit ideas that I am sure you are going to love. Whether you are invited for a wedding or you have to attend an event where you have to be dressed in Indian wear and you want to look the part but you still do not want to feel like you went over the board or you tried a lot then hopefully this video is going to help because I have got some new pieces that are really elegant of high quality and uh are really going to help you find that perfect balance between ethnic and modern. And uh yeah, I'm going to be mixing these pieces with some of the existing pieces from my closet to create some amazing, unique, and effortless outfits. All of these pieces are from Myntra and I think one or two pieces are from Nika Fashion as well. So yeah, I am really excited to share all of these outfits with you guys. I do hope that you are excited as well. So without any further ado, let's quickly jump right in and have some fun. Let's start with this soft romantic look. Easily one of my favorite from today's video. This gorgeous peach kerta set is from the brand Indo-Era. I love the combination of soft pastel tone with a subtle zuri work. It is made from a silk blend fabric, but it feels super lightweight and breathable. Plus, as usual, I went a size up for that extra comfort. Now, what really steals the show here is the big Oranza dupata with a beautiful border. It gives the whole outfit such a premium and expensive vibe. And believe it or not, I got this set for under 2,000 rupees. So definitely a great value for money. Now, since the korta already has a beautiful embroidery all over, I kept the styling very minimal. Transparent heels with a delicate bow, a brown leather bag to add a little bit of earthy contrast and my gold rim oval sunglasses for that chic finish. Now, if I wanted to accessorize it a bit more, I would add a pearl choker for two reasons. Number one, pearls look great with pastel tones. And number two, a choker here is going to add interest to my look without hiding the embroidery of the V-neck ka. This outfit is soft, simple, and so festive. Exactly how summer Indian wear should feel [Music] like. Next up is one of my favorite Indust looks for the season. got these turquoise blue brocade pants from Nika Fashion. Uh the brand is Gajra Gang, by the way. For the first look, I styled the trousers with a white cape blazer. I went with a brown belt to cinch the narrowest part of my waist, which takes the attention away from my midsection, which works great when you are conscious about your tummy area. Finish the look with a gorgeous pastel choker, my brown leather bag, and then my transparent heels. A look like this is perfect for formal events like a stylish meni or even a festive dinner when you want to look polished but still a bit playful. I would highly recommend introducing a hint of leather and earthy tones to create a more balanced look when you're styling your ethnic wear pieces for a more modern [Music] touch. For the next look, we have the same pants on, but the energy here is completely different. This time, I styled them with a dramatic off-shoulder top in turquoise blue and balloon sleeves for a flirty festive vibe. The top is from Mango and I got this last year. Now, this look here is bold, fun, and definitely more appropriate for say a daytime sange, a cocktail brunch or even a destination wedding event. Once again, kept the jewelry very minimal. the same pastel choker which by the way I got recently from Indra and it is such a stunning piece especially for the price. Definitely check this brand out. I am going to add links in the description box below. I would also recommend opting for soft ethnic jewelry like this pastel choker over your brighter and bolder options for summer because these are going to blend beautifully with all your summer outfits without clashing. I swapped the brown leather bag for a gold clutch. And yes, do not forget your sunglasses. Love these green oval options with gold rim because I think they bring just the right amount of attitude to my [Music] look. For the next look, I'm styling another Dreamy Korta set in soft blush pink with white thread work. And I got this one from House of Padi. Once again, it is made in silk blend fabric which adds just the right amount of shine for that elevated festive look, but still it is super delicate and lightweight, so it is perfect for summer. The white thread work all over stands out against the soft pink and it looks so elegant. Now, this set comes in five to six different color options, but I chose pink because of course it feels fresh, it feels feminine, and it is ideal for daytime festive events like intimate pujas or even a summer brunch for that matter. Now, for styling, I went with everything brown for a subtle contrast rather than going with pearl or silver, which would have been too matchy matchy. So, a pair of brown mojeries, a small structured brown bag, and of course, the same statement choker for a modern dy vibe. Love this [Music] look. I know I keep going on and on about soft pastels and earthy tones for your summer wardrobe, but sometimes you do need a splash of bright colors, especially if it is for festive events or weddings. So, if you're someone who loves bright colors, then this one is for you. Got the kerta and palazzos separately from Jaipur. They do not come as a set, by the way, but I've paired them together and honestly, they look like they were made for each other. The korta is made in premium cotton silk fabric. It has beautiful sheen. It has a delicate sequin work all over and also gold embroidery along the neckline and on the cuffs. It does come with a full cotton slip which makes it really comfortable to wear. The palazzos are pure cotton and they have this gorgeous goa border at the hem. They are super flared as well and I feel they are such a statement piece on their own. They are going to look amazing with short kis as well. Now since this did not come with a dupata, I paired it with a bright orange and pink one from one of my old langa sets. And the color combo is just so beautiful. Also, this is such a great way to reuse your old heavy dupatas to create new looks. I completed the look with my gold clutch, the soft pink earrings, which is part of the same choker set from previous looks, and my comfy wedges to balance the extra flare of my [Music] palazzos. This next look is summer freshness in an outfit. I'm wearing this gorgeous bright green three-piece set from Saki, and the color instantly feels so cooling and cheerful. This one is made in softest cotton balm fabric. It is super lightweight and breathable and even with all of this silver goapy detailing all over the korta and the bright color. I would say it is perfect for stepping out even on the hottest of the days. The airline korta comes with cropped pants and a beautiful big duparta with koda taping border. The only problem is that this brand runs small. So you have to go at least one size up if not two. Now, since the set is so bright and feminine, uh for styling, I kept everything very minimal. My transparent heels and a classic brown leather handbag. Also, I draped the dupata a little bit differently, almost like a scarf to give my outfit a little bit of modern twist. Finish the look with my watch and these fun green oval sunglasses. Light, bright, and festive. This one is perfect for daytime gatherings, branches, or a festive puja look. uh that will keep you looking cool and super [Music] chic. Most of us avoid black during summer, but this black and gold set totally changed my mind. Got this one from Imrose House, a slightly premium brand and of course on the pricier side, but they are totally worth it, especially if you're looking for something to stand out in or something for special occasions. Now, this set may look very heavy at first glance and something that you may want to avoid during summer, but it is actually quite the opposite. This one is made in a 100% pure organic cotton fabric, which is super breathable and it is designed in this flowy cuffon style silhouette that makes it perfect even on the hottest of the days. Also, the thread work may look like it's bright gold, but it is actually a muted golden beige, which keeps things very elegant. I love the flared long sleeves, the widele palazzos, and the soft tassel details. They add such a modern touch. Now, for styling, you do not need much because this outfit is a statement on its own. I went with my strappy wedges for a modern touch versus my regular heels, a golden clutch, some rings, and my sunglasses. And I absolutely love this [Music] one. And that was it for today's video, guys. I truly hope that you enjoyed watching it. And I do hope that you found it helpful in some shape or form. That's always my motto here on this channel. And uh even if you're not looking to shop anything new, I do hope that these videos actually help you raid your existing closet and come up with some uh fresh outfit ideas using some of the tips and tricks that I share in these videos. So yeah, with that, let's end today's video here. I'm going to see you guys soon again with another fun video. In the meantime, as always, be well, be safe, take care of yourself, and u yeah, I'll see you guys soon. Bye. [Music]",2026-08-20T21:05:58.601856
YouTube,Myntra & Nykaa Fashion Festive Finds: Haul & Styling  Tips,https://www.youtube.com/watch?v=7JFCmIOdjxM,@Diva_with_yes,Why did I discover you so late? Love your style . New sub 💃,UgxNMomYqfXVjTS8Xvd4AaABAg,0,1755704158.60341,"[Music] Hi guys, welcome back to my YouTube channel. In today's video, I am going to be sharing six to seven really creative and unique Indian and Indowestern outfit ideas that I am sure you are going to love. Whether you are invited for a wedding or you have to attend an event where you have to be dressed in Indian wear and you want to look the part but you still do not want to feel like you went over the board or you tried a lot then hopefully this video is going to help because I have got some new pieces that are really elegant of high quality and uh are really going to help you find that perfect balance between ethnic and modern. And uh yeah, I'm going to be mixing these pieces with some of the existing pieces from my closet to create some amazing, unique, and effortless outfits. All of these pieces are from Myntra and I think one or two pieces are from Nika Fashion as well. So yeah, I am really excited to share all of these outfits with you guys. I do hope that you are excited as well. So without any further ado, let's quickly jump right in and have some fun. Let's start with this soft romantic look. Easily one of my favorite from today's video. This gorgeous peach kerta set is from the brand Indo-Era. I love the combination of soft pastel tone with a subtle zuri work. It is made from a silk blend fabric, but it feels super lightweight and breathable. Plus, as usual, I went a size up for that extra comfort. Now, what really steals the show here is the big Oranza dupata with a beautiful border. It gives the whole outfit such a premium and expensive vibe. And believe it or not, I got this set for under 2,000 rupees. So definitely a great value for money. Now, since the korta already has a beautiful embroidery all over, I kept the styling very minimal. Transparent heels with a delicate bow, a brown leather bag to add a little bit of earthy contrast and my gold rim oval sunglasses for that chic finish. Now, if I wanted to accessorize it a bit more, I would add a pearl choker for two reasons. Number one, pearls look great with pastel tones. And number two, a choker here is going to add interest to my look without hiding the embroidery of the V-neck ka. This outfit is soft, simple, and so festive. Exactly how summer Indian wear should feel [Music] like. Next up is one of my favorite Indust looks for the season. got these turquoise blue brocade pants from Nika Fashion. Uh the brand is Gajra Gang, by the way. For the first look, I styled the trousers with a white cape blazer. I went with a brown belt to cinch the narrowest part of my waist, which takes the attention away from my midsection, which works great when you are conscious about your tummy area. Finish the look with a gorgeous pastel choker, my brown leather bag, and then my transparent heels. A look like this is perfect for formal events like a stylish meni or even a festive dinner when you want to look polished but still a bit playful. I would highly recommend introducing a hint of leather and earthy tones to create a more balanced look when you're styling your ethnic wear pieces for a more modern [Music] touch. For the next look, we have the same pants on, but the energy here is completely different. This time, I styled them with a dramatic off-shoulder top in turquoise blue and balloon sleeves for a flirty festive vibe. The top is from Mango and I got this last year. Now, this look here is bold, fun, and definitely more appropriate for say a daytime sange, a cocktail brunch or even a destination wedding event. Once again, kept the jewelry very minimal. the same pastel choker which by the way I got recently from Indra and it is such a stunning piece especially for the price. Definitely check this brand out. I am going to add links in the description box below. I would also recommend opting for soft ethnic jewelry like this pastel choker over your brighter and bolder options for summer because these are going to blend beautifully with all your summer outfits without clashing. I swapped the brown leather bag for a gold clutch. And yes, do not forget your sunglasses. Love these green oval options with gold rim because I think they bring just the right amount of attitude to my [Music] look. For the next look, I'm styling another Dreamy Korta set in soft blush pink with white thread work. And I got this one from House of Padi. Once again, it is made in silk blend fabric which adds just the right amount of shine for that elevated festive look, but still it is super delicate and lightweight, so it is perfect for summer. The white thread work all over stands out against the soft pink and it looks so elegant. Now, this set comes in five to six different color options, but I chose pink because of course it feels fresh, it feels feminine, and it is ideal for daytime festive events like intimate pujas or even a summer brunch for that matter. Now, for styling, I went with everything brown for a subtle contrast rather than going with pearl or silver, which would have been too matchy matchy. So, a pair of brown mojeries, a small structured brown bag, and of course, the same statement choker for a modern dy vibe. Love this [Music] look. I know I keep going on and on about soft pastels and earthy tones for your summer wardrobe, but sometimes you do need a splash of bright colors, especially if it is for festive events or weddings. So, if you're someone who loves bright colors, then this one is for you. Got the kerta and palazzos separately from Jaipur. They do not come as a set, by the way, but I've paired them together and honestly, they look like they were made for each other. The korta is made in premium cotton silk fabric. It has beautiful sheen. It has a delicate sequin work all over and also gold embroidery along the neckline and on the cuffs. It does come with a full cotton slip which makes it really comfortable to wear. The palazzos are pure cotton and they have this gorgeous goa border at the hem. They are super flared as well and I feel they are such a statement piece on their own. They are going to look amazing with short kis as well. Now since this did not come with a dupata, I paired it with a bright orange and pink one from one of my old langa sets. And the color combo is just so beautiful. Also, this is such a great way to reuse your old heavy dupatas to create new looks. I completed the look with my gold clutch, the soft pink earrings, which is part of the same choker set from previous looks, and my comfy wedges to balance the extra flare of my [Music] palazzos. This next look is summer freshness in an outfit. I'm wearing this gorgeous bright green three-piece set from Saki, and the color instantly feels so cooling and cheerful. This one is made in softest cotton balm fabric. It is super lightweight and breathable and even with all of this silver goapy detailing all over the korta and the bright color. I would say it is perfect for stepping out even on the hottest of the days. The airline korta comes with cropped pants and a beautiful big duparta with koda taping border. The only problem is that this brand runs small. So you have to go at least one size up if not two. Now, since the set is so bright and feminine, uh for styling, I kept everything very minimal. My transparent heels and a classic brown leather handbag. Also, I draped the dupata a little bit differently, almost like a scarf to give my outfit a little bit of modern twist. Finish the look with my watch and these fun green oval sunglasses. Light, bright, and festive. This one is perfect for daytime gatherings, branches, or a festive puja look. uh that will keep you looking cool and super [Music] chic. Most of us avoid black during summer, but this black and gold set totally changed my mind. Got this one from Imrose House, a slightly premium brand and of course on the pricier side, but they are totally worth it, especially if you're looking for something to stand out in or something for special occasions. Now, this set may look very heavy at first glance and something that you may want to avoid during summer, but it is actually quite the opposite. This one is made in a 100% pure organic cotton fabric, which is super breathable and it is designed in this flowy cuffon style silhouette that makes it perfect even on the hottest of the days. Also, the thread work may look like it's bright gold, but it is actually a muted golden beige, which keeps things very elegant. I love the flared long sleeves, the widele palazzos, and the soft tassel details. They add such a modern touch. Now, for styling, you do not need much because this outfit is a statement on its own. I went with my strappy wedges for a modern touch versus my regular heels, a golden clutch, some rings, and my sunglasses. And I absolutely love this [Music] one. And that was it for today's video, guys. I truly hope that you enjoyed watching it. And I do hope that you found it helpful in some shape or form. That's always my motto here on this channel. And uh even if you're not looking to shop anything new, I do hope that these videos actually help you raid your existing closet and come up with some uh fresh outfit ideas using some of the tips and tricks that I share in these videos. So yeah, with that, let's end today's video here. I'm going to see you guys soon again with another fun video. In the meantime, as always, be well, be safe, take care of yourself, and u yeah, I'll see you guys soon. Bye. [Music]",2026-08-20T21:05:58.603573
YouTube,Myntra & Nykaa Fashion Festive Finds: Haul & Styling  Tips,https://www.youtube.com/watch?v=7JFCmIOdjxM,@sonika1933,Orange dupatta link plz.,Ugx0ip9Pns0Rds4xGYZ4AaABAg,0,1755704158.605412,"[Music] Hi guys, welcome back to my YouTube channel. In today's video, I am going to be sharing six to seven really creative and unique Indian and Indowestern outfit ideas that I am sure you are going to love. Whether you are invited for a wedding or you have to attend an event where you have to be dressed in Indian wear and you want to look the part but you still do not want to feel like you went over the board or you tried a lot then hopefully this video is going to help because I have got some new pieces that are really elegant of high quality and uh are really going to help you find that perfect balance between ethnic and modern. And uh yeah, I'm going to be mixing these pieces with some of the existing pieces from my closet to create some amazing, unique, and effortless outfits. All of these pieces are from Myntra and I think one or two pieces are from Nika Fashion as well. So yeah, I am really excited to share all of these outfits with you guys. I do hope that you are excited as well. So without any further ado, let's quickly jump right in and have some fun. Let's start with this soft romantic look. Easily one of my favorite from today's video. This gorgeous peach kerta set is from the brand Indo-Era. I love the combination of soft pastel tone with a subtle zuri work. It is made from a silk blend fabric, but it feels super lightweight and breathable. Plus, as usual, I went a size up for that extra comfort. Now, what really steals the show here is the big Oranza dupata with a beautiful border. It gives the whole outfit such a premium and expensive vibe. And believe it or not, I got this set for under 2,000 rupees. So definitely a great value for money. Now, since the korta already has a beautiful embroidery all over, I kept the styling very minimal. Transparent heels with a delicate bow, a brown leather bag to add a little bit of earthy contrast and my gold rim oval sunglasses for that chic finish. Now, if I wanted to accessorize it a bit more, I would add a pearl choker for two reasons. Number one, pearls look great with pastel tones. And number two, a choker here is going to add interest to my look without hiding the embroidery of the V-neck ka. This outfit is soft, simple, and so festive. Exactly how summer Indian wear should feel [Music] like. Next up is one of my favorite Indust looks for the season. got these turquoise blue brocade pants from Nika Fashion. Uh the brand is Gajra Gang, by the way. For the first look, I styled the trousers with a white cape blazer. I went with a brown belt to cinch the narrowest part of my waist, which takes the attention away from my midsection, which works great when you are conscious about your tummy area. Finish the look with a gorgeous pastel choker, my brown leather bag, and then my transparent heels. A look like this is perfect for formal events like a stylish meni or even a festive dinner when you want to look polished but still a bit playful. I would highly recommend introducing a hint of leather and earthy tones to create a more balanced look when you're styling your ethnic wear pieces for a more modern [Music] touch. For the next look, we have the same pants on, but the energy here is completely different. This time, I styled them with a dramatic off-shoulder top in turquoise blue and balloon sleeves for a flirty festive vibe. The top is from Mango and I got this last year. Now, this look here is bold, fun, and definitely more appropriate for say a daytime sange, a cocktail brunch or even a destination wedding event. Once again, kept the jewelry very minimal. the same pastel choker which by the way I got recently from Indra and it is such a stunning piece especially for the price. Definitely check this brand out. I am going to add links in the description box below. I would also recommend opting for soft ethnic jewelry like this pastel choker over your brighter and bolder options for summer because these are going to blend beautifully with all your summer outfits without clashing. I swapped the brown leather bag for a gold clutch. And yes, do not forget your sunglasses. Love these green oval options with gold rim because I think they bring just the right amount of attitude to my [Music] look. For the next look, I'm styling another Dreamy Korta set in soft blush pink with white thread work. And I got this one from House of Padi. Once again, it is made in silk blend fabric which adds just the right amount of shine for that elevated festive look, but still it is super delicate and lightweight, so it is perfect for summer. The white thread work all over stands out against the soft pink and it looks so elegant. Now, this set comes in five to six different color options, but I chose pink because of course it feels fresh, it feels feminine, and it is ideal for daytime festive events like intimate pujas or even a summer brunch for that matter. Now, for styling, I went with everything brown for a subtle contrast rather than going with pearl or silver, which would have been too matchy matchy. So, a pair of brown mojeries, a small structured brown bag, and of course, the same statement choker for a modern dy vibe. Love this [Music] look. I know I keep going on and on about soft pastels and earthy tones for your summer wardrobe, but sometimes you do need a splash of bright colors, especially if it is for festive events or weddings. So, if you're someone who loves bright colors, then this one is for you. Got the kerta and palazzos separately from Jaipur. They do not come as a set, by the way, but I've paired them together and honestly, they look like they were made for each other. The korta is made in premium cotton silk fabric. It has beautiful sheen. It has a delicate sequin work all over and also gold embroidery along the neckline and on the cuffs. It does come with a full cotton slip which makes it really comfortable to wear. The palazzos are pure cotton and they have this gorgeous goa border at the hem. They are super flared as well and I feel they are such a statement piece on their own. They are going to look amazing with short kis as well. Now since this did not come with a dupata, I paired it with a bright orange and pink one from one of my old langa sets. And the color combo is just so beautiful. Also, this is such a great way to reuse your old heavy dupatas to create new looks. I completed the look with my gold clutch, the soft pink earrings, which is part of the same choker set from previous looks, and my comfy wedges to balance the extra flare of my [Music] palazzos. This next look is summer freshness in an outfit. I'm wearing this gorgeous bright green three-piece set from Saki, and the color instantly feels so cooling and cheerful. This one is made in softest cotton balm fabric. It is super lightweight and breathable and even with all of this silver goapy detailing all over the korta and the bright color. I would say it is perfect for stepping out even on the hottest of the days. The airline korta comes with cropped pants and a beautiful big duparta with koda taping border. The only problem is that this brand runs small. So you have to go at least one size up if not two. Now, since the set is so bright and feminine, uh for styling, I kept everything very minimal. My transparent heels and a classic brown leather handbag. Also, I draped the dupata a little bit differently, almost like a scarf to give my outfit a little bit of modern twist. Finish the look with my watch and these fun green oval sunglasses. Light, bright, and festive. This one is perfect for daytime gatherings, branches, or a festive puja look. uh that will keep you looking cool and super [Music] chic. Most of us avoid black during summer, but this black and gold set totally changed my mind. Got this one from Imrose House, a slightly premium brand and of course on the pricier side, but they are totally worth it, especially if you're looking for something to stand out in or something for special occasions. Now, this set may look very heavy at first glance and something that you may want to avoid during summer, but it is actually quite the opposite. This one is made in a 100% pure organic cotton fabric, which is super breathable and it is designed in this flowy cuffon style silhouette that makes it perfect even on the hottest of the days. Also, the thread work may look like it's bright gold, but it is actually a muted golden beige, which keeps things very elegant. I love the flared long sleeves, the widele palazzos, and the soft tassel details. They add such a modern touch. Now, for styling, you do not need much because this outfit is a statement on its own. I went with my strappy wedges for a modern touch versus my regular heels, a golden clutch, some rings, and my sunglasses. And I absolutely love this [Music] one. And that was it for today's video, guys. I truly hope that you enjoyed watching it. And I do hope that you found it helpful in some shape or form. That's always my motto here on this channel. And uh even if you're not looking to shop anything new, I do hope that these videos actually help you raid your existing closet and come up with some uh fresh outfit ideas using some of the tips and tricks that I share in these videos. So yeah, with that, let's end today's video here. I'm going to see you guys soon again with another fun video. In the meantime, as always, be well, be safe, take care of yourself, and u yeah, I'll see you guys soon. Bye. [Music]",2026-08-20T21:05:58.605618
YouTube,Myntra & Nykaa Fashion Festive Finds: Haul & Styling  Tips,https://www.youtube.com/watch?v=7JFCmIOdjxM,@Chhayadesaisolanki,Lovely ❤❤❤❤,UgzxbnWt0-aykaVc5iR4AaABAg,0,1755704158.607086,"[Music] Hi guys, welcome back to my YouTube channel. In today's video, I am going to be sharing six to seven really creative and unique Indian and Indowestern outfit ideas that I am sure you are going to love. Whether you are invited for a wedding or you have to attend an event where you have to be dressed in Indian wear and you want to look the part but you still do not want to feel like you went over the board or you tried a lot then hopefully this video is going to help because I have got some new pieces that are really elegant of high quality and uh are really going to help you find that perfect balance between ethnic and modern. And uh yeah, I'm going to be mixing these pieces with some of the existing pieces from my closet to create some amazing, unique, and effortless outfits. All of these pieces are from Myntra and I think one or two pieces are from Nika Fashion as well. So yeah, I am really excited to share all of these outfits with you guys. I do hope that you are excited as well. So without any further ado, let's quickly jump right in and have some fun. Let's start with this soft romantic look. Easily one of my favorite from today's video. This gorgeous peach kerta set is from the brand Indo-Era. I love the combination of soft pastel tone with a subtle zuri work. It is made from a silk blend fabric, but it feels super lightweight and breathable. Plus, as usual, I went a size up for that extra comfort. Now, what really steals the show here is the big Oranza dupata with a beautiful border. It gives the whole outfit such a premium and expensive vibe. And believe it or not, I got this set for under 2,000 rupees. So definitely a great value for money. Now, since the korta already has a beautiful embroidery all over, I kept the styling very minimal. Transparent heels with a delicate bow, a brown leather bag to add a little bit of earthy contrast and my gold rim oval sunglasses for that chic finish. Now, if I wanted to accessorize it a bit more, I would add a pearl choker for two reasons. Number one, pearls look great with pastel tones. And number two, a choker here is going to add interest to my look without hiding the embroidery of the V-neck ka. This outfit is soft, simple, and so festive. Exactly how summer Indian wear should feel [Music] like. Next up is one of my favorite Indust looks for the season. got these turquoise blue brocade pants from Nika Fashion. Uh the brand is Gajra Gang, by the way. For the first look, I styled the trousers with a white cape blazer. I went with a brown belt to cinch the narrowest part of my waist, which takes the attention away from my midsection, which works great when you are conscious about your tummy area. Finish the look with a gorgeous pastel choker, my brown leather bag, and then my transparent heels. A look like this is perfect for formal events like a stylish meni or even a festive dinner when you want to look polished but still a bit playful. I would highly recommend introducing a hint of leather and earthy tones to create a more balanced look when you're styling your ethnic wear pieces for a more modern [Music] touch. For the next look, we have the same pants on, but the energy here is completely different. This time, I styled them with a dramatic off-shoulder top in turquoise blue and balloon sleeves for a flirty festive vibe. The top is from Mango and I got this last year. Now, this look here is bold, fun, and definitely more appropriate for say a daytime sange, a cocktail brunch or even a destination wedding event. Once again, kept the jewelry very minimal. the same pastel choker which by the way I got recently from Indra and it is such a stunning piece especially for the price. Definitely check this brand out. I am going to add links in the description box below. I would also recommend opting for soft ethnic jewelry like this pastel choker over your brighter and bolder options for summer because these are going to blend beautifully with all your summer outfits without clashing. I swapped the brown leather bag for a gold clutch. And yes, do not forget your sunglasses. Love these green oval options with gold rim because I think they bring just the right amount of attitude to my [Music] look. For the next look, I'm styling another Dreamy Korta set in soft blush pink with white thread work. And I got this one from House of Padi. Once again, it is made in silk blend fabric which adds just the right amount of shine for that elevated festive look, but still it is super delicate and lightweight, so it is perfect for summer. The white thread work all over stands out against the soft pink and it looks so elegant. Now, this set comes in five to six different color options, but I chose pink because of course it feels fresh, it feels feminine, and it is ideal for daytime festive events like intimate pujas or even a summer brunch for that matter. Now, for styling, I went with everything brown for a subtle contrast rather than going with pearl or silver, which would have been too matchy matchy. So, a pair of brown mojeries, a small structured brown bag, and of course, the same statement choker for a modern dy vibe. Love this [Music] look. I know I keep going on and on about soft pastels and earthy tones for your summer wardrobe, but sometimes you do need a splash of bright colors, especially if it is for festive events or weddings. So, if you're someone who loves bright colors, then this one is for you. Got the kerta and palazzos separately from Jaipur. They do not come as a set, by the way, but I've paired them together and honestly, they look like they were made for each other. The korta is made in premium cotton silk fabric. It has beautiful sheen. It has a delicate sequin work all over and also gold embroidery along the neckline and on the cuffs. It does come with a full cotton slip which makes it really comfortable to wear. The palazzos are pure cotton and they have this gorgeous goa border at the hem. They are super flared as well and I feel they are such a statement piece on their own. They are going to look amazing with short kis as well. Now since this did not come with a dupata, I paired it with a bright orange and pink one from one of my old langa sets. And the color combo is just so beautiful. Also, this is such a great way to reuse your old heavy dupatas to create new looks. I completed the look with my gold clutch, the soft pink earrings, which is part of the same choker set from previous looks, and my comfy wedges to balance the extra flare of my [Music] palazzos. This next look is summer freshness in an outfit. I'm wearing this gorgeous bright green three-piece set from Saki, and the color instantly feels so cooling and cheerful. This one is made in softest cotton balm fabric. It is super lightweight and breathable and even with all of this silver goapy detailing all over the korta and the bright color. I would say it is perfect for stepping out even on the hottest of the days. The airline korta comes with cropped pants and a beautiful big duparta with koda taping border. The only problem is that this brand runs small. So you have to go at least one size up if not two. Now, since the set is so bright and feminine, uh for styling, I kept everything very minimal. My transparent heels and a classic brown leather handbag. Also, I draped the dupata a little bit differently, almost like a scarf to give my outfit a little bit of modern twist. Finish the look with my watch and these fun green oval sunglasses. Light, bright, and festive. This one is perfect for daytime gatherings, branches, or a festive puja look. uh that will keep you looking cool and super [Music] chic. Most of us avoid black during summer, but this black and gold set totally changed my mind. Got this one from Imrose House, a slightly premium brand and of course on the pricier side, but they are totally worth it, especially if you're looking for something to stand out in or something for special occasions. Now, this set may look very heavy at first glance and something that you may want to avoid during summer, but it is actually quite the opposite. This one is made in a 100% pure organic cotton fabric, which is super breathable and it is designed in this flowy cuffon style silhouette that makes it perfect even on the hottest of the days. Also, the thread work may look like it's bright gold, but it is actually a muted golden beige, which keeps things very elegant. I love the flared long sleeves, the widele palazzos, and the soft tassel details. They add such a modern touch. Now, for styling, you do not need much because this outfit is a statement on its own. I went with my strappy wedges for a modern touch versus my regular heels, a golden clutch, some rings, and my sunglasses. And I absolutely love this [Music] one. And that was it for today's video, guys. I truly hope that you enjoyed watching it. And I do hope that you found it helpful in some shape or form. That's always my motto here on this channel. And uh even if you're not looking to shop anything new, I do hope that these videos actually help you raid your existing closet and come up with some uh fresh outfit ideas using some of the tips and tricks that I share in these videos. So yeah, with that, let's end today's video here. I'm going to see you guys soon again with another fun video. In the meantime, as always, be well, be safe, take care of yourself, and u yeah, I'll see you guys soon. Bye. [Music]",2026-08-20T21:05:58.607221
YouTube,Myntra & Nykaa Fashion Festive Finds: Haul & Styling  Tips,https://www.youtube.com/watch?v=7JFCmIOdjxM,@meenathakur4771,Wow.... really enjoy the splash of color this time. Good to see you growing.,UgyMOqVVluKdd4i4jNh4AaABAg,2,1755704158.608522,"[Music] Hi guys, welcome back to my YouTube channel. In today's video, I am going to be sharing six to seven really creative and unique Indian and Indowestern outfit ideas that I am sure you are going to love. Whether you are invited for a wedding or you have to attend an event where you have to be dressed in Indian wear and you want to look the part but you still do not want to feel like you went over the board or you tried a lot then hopefully this video is going to help because I have got some new pieces that are really elegant of high quality and uh are really going to help you find that perfect balance between ethnic and modern. And uh yeah, I'm going to be mixing these pieces with some of the existing pieces from my closet to create some amazing, unique, and effortless outfits. All of these pieces are from Myntra and I think one or two pieces are from Nika Fashion as well. So yeah, I am really excited to share all of these outfits with you guys. I do hope that you are excited as well. So without any further ado, let's quickly jump right in and have some fun. Let's start with this soft romantic look. Easily one of my favorite from today's video. This gorgeous peach kerta set is from the brand Indo-Era. I love the combination of soft pastel tone with a subtle zuri work. It is made from a silk blend fabric, but it feels super lightweight and breathable. Plus, as usual, I went a size up for that extra comfort. Now, what really steals the show here is the big Oranza dupata with a beautiful border. It gives the whole outfit such a premium and expensive vibe. And believe it or not, I got this set for under 2,000 rupees. So definitely a great value for money. Now, since the korta already has a beautiful embroidery all over, I kept the styling very minimal. Transparent heels with a delicate bow, a brown leather bag to add a little bit of earthy contrast and my gold rim oval sunglasses for that chic finish. Now, if I wanted to accessorize it a bit more, I would add a pearl choker for two reasons. Number one, pearls look great with pastel tones. And number two, a choker here is going to add interest to my look without hiding the embroidery of the V-neck ka. This outfit is soft, simple, and so festive. Exactly how summer Indian wear should feel [Music] like. Next up is one of my favorite Indust looks for the season. got these turquoise blue brocade pants from Nika Fashion. Uh the brand is Gajra Gang, by the way. For the first look, I styled the trousers with a white cape blazer. I went with a brown belt to cinch the narrowest part of my waist, which takes the attention away from my midsection, which works great when you are conscious about your tummy area. Finish the look with a gorgeous pastel choker, my brown leather bag, and then my transparent heels. A look like this is perfect for formal events like a stylish meni or even a festive dinner when you want to look polished but still a bit playful. I would highly recommend introducing a hint of leather and earthy tones to create a more balanced look when you're styling your ethnic wear pieces for a more modern [Music] touch. For the next look, we have the same pants on, but the energy here is completely different. This time, I styled them with a dramatic off-shoulder top in turquoise blue and balloon sleeves for a flirty festive vibe. The top is from Mango and I got this last year. Now, this look here is bold, fun, and definitely more appropriate for say a daytime sange, a cocktail brunch or even a destination wedding event. Once again, kept the jewelry very minimal. the same pastel choker which by the way I got recently from Indra and it is such a stunning piece especially for the price. Definitely check this brand out. I am going to add links in the description box below. I would also recommend opting for soft ethnic jewelry like this pastel choker over your brighter and bolder options for summer because these are going to blend beautifully with all your summer outfits without clashing. I swapped the brown leather bag for a gold clutch. And yes, do not forget your sunglasses. Love these green oval options with gold rim because I think they bring just the right amount of attitude to my [Music] look. For the next look, I'm styling another Dreamy Korta set in soft blush pink with white thread work. And I got this one from House of Padi. Once again, it is made in silk blend fabric which adds just the right amount of shine for that elevated festive look, but still it is super delicate and lightweight, so it is perfect for summer. The white thread work all over stands out against the soft pink and it looks so elegant. Now, this set comes in five to six different color options, but I chose pink because of course it feels fresh, it feels feminine, and it is ideal for daytime festive events like intimate pujas or even a summer brunch for that matter. Now, for styling, I went with everything brown for a subtle contrast rather than going with pearl or silver, which would have been too matchy matchy. So, a pair of brown mojeries, a small structured brown bag, and of course, the same statement choker for a modern dy vibe. Love this [Music] look. I know I keep going on and on about soft pastels and earthy tones for your summer wardrobe, but sometimes you do need a splash of bright colors, especially if it is for festive events or weddings. So, if you're someone who loves bright colors, then this one is for you. Got the kerta and palazzos separately from Jaipur. They do not come as a set, by the way, but I've paired them together and honestly, they look like they were made for each other. The korta is made in premium cotton silk fabric. It has beautiful sheen. It has a delicate sequin work all over and also gold embroidery along the neckline and on the cuffs. It does come with a full cotton slip which makes it really comfortable to wear. The palazzos are pure cotton and they have this gorgeous goa border at the hem. They are super flared as well and I feel they are such a statement piece on their own. They are going to look amazing with short kis as well. Now since this did not come with a dupata, I paired it with a bright orange and pink one from one of my old langa sets. And the color combo is just so beautiful. Also, this is such a great way to reuse your old heavy dupatas to create new looks. I completed the look with my gold clutch, the soft pink earrings, which is part of the same choker set from previous looks, and my comfy wedges to balance the extra flare of my [Music] palazzos. This next look is summer freshness in an outfit. I'm wearing this gorgeous bright green three-piece set from Saki, and the color instantly feels so cooling and cheerful. This one is made in softest cotton balm fabric. It is super lightweight and breathable and even with all of this silver goapy detailing all over the korta and the bright color. I would say it is perfect for stepping out even on the hottest of the days. The airline korta comes with cropped pants and a beautiful big duparta with koda taping border. The only problem is that this brand runs small. So you have to go at least one size up if not two. Now, since the set is so bright and feminine, uh for styling, I kept everything very minimal. My transparent heels and a classic brown leather handbag. Also, I draped the dupata a little bit differently, almost like a scarf to give my outfit a little bit of modern twist. Finish the look with my watch and these fun green oval sunglasses. Light, bright, and festive. This one is perfect for daytime gatherings, branches, or a festive puja look. uh that will keep you looking cool and super [Music] chic. Most of us avoid black during summer, but this black and gold set totally changed my mind. Got this one from Imrose House, a slightly premium brand and of course on the pricier side, but they are totally worth it, especially if you're looking for something to stand out in or something for special occasions. Now, this set may look very heavy at first glance and something that you may want to avoid during summer, but it is actually quite the opposite. This one is made in a 100% pure organic cotton fabric, which is super breathable and it is designed in this flowy cuffon style silhouette that makes it perfect even on the hottest of the days. Also, the thread work may look like it's bright gold, but it is actually a muted golden beige, which keeps things very elegant. I love the flared long sleeves, the widele palazzos, and the soft tassel details. They add such a modern touch. Now, for styling, you do not need much because this outfit is a statement on its own. I went with my strappy wedges for a modern touch versus my regular heels, a golden clutch, some rings, and my sunglasses. And I absolutely love this [Music] one. And that was it for today's video, guys. I truly hope that you enjoyed watching it. And I do hope that you found it helpful in some shape or form. That's always my motto here on this channel. And uh even if you're not looking to shop anything new, I do hope that these videos actually help you raid your existing closet and come up with some uh fresh outfit ideas using some of the tips and tricks that I share in these videos. So yeah, with that, let's end today's video here. I'm going to see you guys soon again with another fun video. In the meantime, as always, be well, be safe, take care of yourself, and u yeah, I'll see you guys soon. Bye. [Music]",2026-08-20T21:05:58.608650
YouTube,Myntra & Nykaa Fashion Festive Finds: Haul & Styling  Tips,https://www.youtube.com/watch?v=7JFCmIOdjxM,@rachna_vv,"such beautiful fits! loved the array of colours in it, very pleasing to the eyes. 💖",UgyC30DC-IU_px4LExJ4AaABAg,0,1755704158.610025,"[Music] Hi guys, welcome back to my YouTube channel. In today's video, I am going to be sharing six to seven really creative and unique Indian and Indowestern outfit ideas that I am sure you are going to love. Whether you are invited for a wedding or you have to attend an event where you have to be dressed in Indian wear and you want to look the part but you still do not want to feel like you went over the board or you tried a lot then hopefully this video is going to help because I have got some new pieces that are really elegant of high quality and uh are really going to help you find that perfect balance between ethnic and modern. And uh yeah, I'm going to be mixing these pieces with some of the existing pieces from my closet to create some amazing, unique, and effortless outfits. All of these pieces are from Myntra and I think one or two pieces are from Nika Fashion as well. So yeah, I am really excited to share all of these outfits with you guys. I do hope that you are excited as well. So without any further ado, let's quickly jump right in and have some fun. Let's start with this soft romantic look. Easily one of my favorite from today's video. This gorgeous peach kerta set is from the brand Indo-Era. I love the combination of soft pastel tone with a subtle zuri work. It is made from a silk blend fabric, but it feels super lightweight and breathable. Plus, as usual, I went a size up for that extra comfort. Now, what really steals the show here is the big Oranza dupata with a beautiful border. It gives the whole outfit such a premium and expensive vibe. And believe it or not, I got this set for under 2,000 rupees. So definitely a great value for money. Now, since the korta already has a beautiful embroidery all over, I kept the styling very minimal. Transparent heels with a delicate bow, a brown leather bag to add a little bit of earthy contrast and my gold rim oval sunglasses for that chic finish. Now, if I wanted to accessorize it a bit more, I would add a pearl choker for two reasons. Number one, pearls look great with pastel tones. And number two, a choker here is going to add interest to my look without hiding the embroidery of the V-neck ka. This outfit is soft, simple, and so festive. Exactly how summer Indian wear should feel [Music] like. Next up is one of my favorite Indust looks for the season. got these turquoise blue brocade pants from Nika Fashion. Uh the brand is Gajra Gang, by the way. For the first look, I styled the trousers with a white cape blazer. I went with a brown belt to cinch the narrowest part of my waist, which takes the attention away from my midsection, which works great when you are conscious about your tummy area. Finish the look with a gorgeous pastel choker, my brown leather bag, and then my transparent heels. A look like this is perfect for formal events like a stylish meni or even a festive dinner when you want to look polished but still a bit playful. I would highly recommend introducing a hint of leather and earthy tones to create a more balanced look when you're styling your ethnic wear pieces for a more modern [Music] touch. For the next look, we have the same pants on, but the energy here is completely different. This time, I styled them with a dramatic off-shoulder top in turquoise blue and balloon sleeves for a flirty festive vibe. The top is from Mango and I got this last year. Now, this look here is bold, fun, and definitely more appropriate for say a daytime sange, a cocktail brunch or even a destination wedding event. Once again, kept the jewelry very minimal. the same pastel choker which by the way I got recently from Indra and it is such a stunning piece especially for the price. Definitely check this brand out. I am going to add links in the description box below. I would also recommend opting for soft ethnic jewelry like this pastel choker over your brighter and bolder options for summer because these are going to blend beautifully with all your summer outfits without clashing. I swapped the brown leather bag for a gold clutch. And yes, do not forget your sunglasses. Love these green oval options with gold rim because I think they bring just the right amount of attitude to my [Music] look. For the next look, I'm styling another Dreamy Korta set in soft blush pink with white thread work. And I got this one from House of Padi. Once again, it is made in silk blend fabric which adds just the right amount of shine for that elevated festive look, but still it is super delicate and lightweight, so it is perfect for summer. The white thread work all over stands out against the soft pink and it looks so elegant. Now, this set comes in five to six different color options, but I chose pink because of course it feels fresh, it feels feminine, and it is ideal for daytime festive events like intimate pujas or even a summer brunch for that matter. Now, for styling, I went with everything brown for a subtle contrast rather than going with pearl or silver, which would have been too matchy matchy. So, a pair of brown mojeries, a small structured brown bag, and of course, the same statement choker for a modern dy vibe. Love this [Music] look. I know I keep going on and on about soft pastels and earthy tones for your summer wardrobe, but sometimes you do need a splash of bright colors, especially if it is for festive events or weddings. So, if you're someone who loves bright colors, then this one is for you. Got the kerta and palazzos separately from Jaipur. They do not come as a set, by the way, but I've paired them together and honestly, they look like they were made for each other. The korta is made in premium cotton silk fabric. It has beautiful sheen. It has a delicate sequin work all over and also gold embroidery along the neckline and on the cuffs. It does come with a full cotton slip which makes it really comfortable to wear. The palazzos are pure cotton and they have this gorgeous goa border at the hem. They are super flared as well and I feel they are such a statement piece on their own. They are going to look amazing with short kis as well. Now since this did not come with a dupata, I paired it with a bright orange and pink one from one of my old langa sets. And the color combo is just so beautiful. Also, this is such a great way to reuse your old heavy dupatas to create new looks. I completed the look with my gold clutch, the soft pink earrings, which is part of the same choker set from previous looks, and my comfy wedges to balance the extra flare of my [Music] palazzos. This next look is summer freshness in an outfit. I'm wearing this gorgeous bright green three-piece set from Saki, and the color instantly feels so cooling and cheerful. This one is made in softest cotton balm fabric. It is super lightweight and breathable and even with all of this silver goapy detailing all over the korta and the bright color. I would say it is perfect for stepping out even on the hottest of the days. The airline korta comes with cropped pants and a beautiful big duparta with koda taping border. The only problem is that this brand runs small. So you have to go at least one size up if not two. Now, since the set is so bright and feminine, uh for styling, I kept everything very minimal. My transparent heels and a classic brown leather handbag. Also, I draped the dupata a little bit differently, almost like a scarf to give my outfit a little bit of modern twist. Finish the look with my watch and these fun green oval sunglasses. Light, bright, and festive. This one is perfect for daytime gatherings, branches, or a festive puja look. uh that will keep you looking cool and super [Music] chic. Most of us avoid black during summer, but this black and gold set totally changed my mind. Got this one from Imrose House, a slightly premium brand and of course on the pricier side, but they are totally worth it, especially if you're looking for something to stand out in or something for special occasions. Now, this set may look very heavy at first glance and something that you may want to avoid during summer, but it is actually quite the opposite. This one is made in a 100% pure organic cotton fabric, which is super breathable and it is designed in this flowy cuffon style silhouette that makes it perfect even on the hottest of the days. Also, the thread work may look like it's bright gold, but it is actually a muted golden beige, which keeps things very elegant. I love the flared long sleeves, the widele palazzos, and the soft tassel details. They add such a modern touch. Now, for styling, you do not need much because this outfit is a statement on its own. I went with my strappy wedges for a modern touch versus my regular heels, a golden clutch, some rings, and my sunglasses. And I absolutely love this [Music] one. And that was it for today's video, guys. I truly hope that you enjoyed watching it. And I do hope that you found it helpful in some shape or form. That's always my motto here on this channel. And uh even if you're not looking to shop anything new, I do hope that these videos actually help you raid your existing closet and come up with some uh fresh outfit ideas using some of the tips and tricks that I share in these videos. So yeah, with that, let's end today's video here. I'm going to see you guys soon again with another fun video. In the meantime, as always, be well, be safe, take care of yourself, and u yeah, I'll see you guys soon. Bye. [Music]",2026-08-20T21:05:58.610159
YouTube,Myntra & Nykaa Fashion Festive Finds: Haul & Styling  Tips,https://www.youtube.com/watch?v=7JFCmIOdjxM,@SumedhaPrasad-o5h,Very stylish 👏🎉❤️,Ugw8Sr13EzKKlUA1ASt4AaABAg,1,1755704158.611537,"[Music] Hi guys, welcome back to my YouTube channel. In today's video, I am going to be sharing six to seven really creative and unique Indian and Indowestern outfit ideas that I am sure you are going to love. Whether you are invited for a wedding or you have to attend an event where you have to be dressed in Indian wear and you want to look the part but you still do not want to feel like you went over the board or you tried a lot then hopefully this video is going to help because I have got some new pieces that are really elegant of high quality and uh are really going to help you find that perfect balance between ethnic and modern. And uh yeah, I'm going to be mixing these pieces with some of the existing pieces from my closet to create some amazing, unique, and effortless outfits. All of these pieces are from Myntra and I think one or two pieces are from Nika Fashion as well. So yeah, I am really excited to share all of these outfits with you guys. I do hope that you are excited as well. So without any further ado, let's quickly jump right in and have some fun. Let's start with this soft romantic look. Easily one of my favorite from today's video. This gorgeous peach kerta set is from the brand Indo-Era. I love the combination of soft pastel tone with a subtle zuri work. It is made from a silk blend fabric, but it feels super lightweight and breathable. Plus, as usual, I went a size up for that extra comfort. Now, what really steals the show here is the big Oranza dupata with a beautiful border. It gives the whole outfit such a premium and expensive vibe. And believe it or not, I got this set for under 2,000 rupees. So definitely a great value for money. Now, since the korta already has a beautiful embroidery all over, I kept the styling very minimal. Transparent heels with a delicate bow, a brown leather bag to add a little bit of earthy contrast and my gold rim oval sunglasses for that chic finish. Now, if I wanted to accessorize it a bit more, I would add a pearl choker for two reasons. Number one, pearls look great with pastel tones. And number two, a choker here is going to add interest to my look without hiding the embroidery of the V-neck ka. This outfit is soft, simple, and so festive. Exactly how summer Indian wear should feel [Music] like. Next up is one of my favorite Indust looks for the season. got these turquoise blue brocade pants from Nika Fashion. Uh the brand is Gajra Gang, by the way. For the first look, I styled the trousers with a white cape blazer. I went with a brown belt to cinch the narrowest part of my waist, which takes the attention away from my midsection, which works great when you are conscious about your tummy area. Finish the look with a gorgeous pastel choker, my brown leather bag, and then my transparent heels. A look like this is perfect for formal events like a stylish meni or even a festive dinner when you want to look polished but still a bit playful. I would highly recommend introducing a hint of leather and earthy tones to create a more balanced look when you're styling your ethnic wear pieces for a more modern [Music] touch. For the next look, we have the same pants on, but the energy here is completely different. This time, I styled them with a dramatic off-shoulder top in turquoise blue and balloon sleeves for a flirty festive vibe. The top is from Mango and I got this last year. Now, this look here is bold, fun, and definitely more appropriate for say a daytime sange, a cocktail brunch or even a destination wedding event. Once again, kept the jewelry very minimal. the same pastel choker which by the way I got recently from Indra and it is such a stunning piece especially for the price. Definitely check this brand out. I am going to add links in the description box below. I would also recommend opting for soft ethnic jewelry like this pastel choker over your brighter and bolder options for summer because these are going to blend beautifully with all your summer outfits without clashing. I swapped the brown leather bag for a gold clutch. And yes, do not forget your sunglasses. Love these green oval options with gold rim because I think they bring just the right amount of attitude to my [Music] look. For the next look, I'm styling another Dreamy Korta set in soft blush pink with white thread work. And I got this one from House of Padi. Once again, it is made in silk blend fabric which adds just the right amount of shine for that elevated festive look, but still it is super delicate and lightweight, so it is perfect for summer. The white thread work all over stands out against the soft pink and it looks so elegant. Now, this set comes in five to six different color options, but I chose pink because of course it feels fresh, it feels feminine, and it is ideal for daytime festive events like intimate pujas or even a summer brunch for that matter. Now, for styling, I went with everything brown for a subtle contrast rather than going with pearl or silver, which would have been too matchy matchy. So, a pair of brown mojeries, a small structured brown bag, and of course, the same statement choker for a modern dy vibe. Love this [Music] look. I know I keep going on and on about soft pastels and earthy tones for your summer wardrobe, but sometimes you do need a splash of bright colors, especially if it is for festive events or weddings. So, if you're someone who loves bright colors, then this one is for you. Got the kerta and palazzos separately from Jaipur. They do not come as a set, by the way, but I've paired them together and honestly, they look like they were made for each other. The korta is made in premium cotton silk fabric. It has beautiful sheen. It has a delicate sequin work all over and also gold embroidery along the neckline and on the cuffs. It does come with a full cotton slip which makes it really comfortable to wear. The palazzos are pure cotton and they have this gorgeous goa border at the hem. They are super flared as well and I feel they are such a statement piece on their own. They are going to look amazing with short kis as well. Now since this did not come with a dupata, I paired it with a bright orange and pink one from one of my old langa sets. And the color combo is just so beautiful. Also, this is such a great way to reuse your old heavy dupatas to create new looks. I completed the look with my gold clutch, the soft pink earrings, which is part of the same choker set from previous looks, and my comfy wedges to balance the extra flare of my [Music] palazzos. This next look is summer freshness in an outfit. I'm wearing this gorgeous bright green three-piece set from Saki, and the color instantly feels so cooling and cheerful. This one is made in softest cotton balm fabric. It is super lightweight and breathable and even with all of this silver goapy detailing all over the korta and the bright color. I would say it is perfect for stepping out even on the hottest of the days. The airline korta comes with cropped pants and a beautiful big duparta with koda taping border. The only problem is that this brand runs small. So you have to go at least one size up if not two. Now, since the set is so bright and feminine, uh for styling, I kept everything very minimal. My transparent heels and a classic brown leather handbag. Also, I draped the dupata a little bit differently, almost like a scarf to give my outfit a little bit of modern twist. Finish the look with my watch and these fun green oval sunglasses. Light, bright, and festive. This one is perfect for daytime gatherings, branches, or a festive puja look. uh that will keep you looking cool and super [Music] chic. Most of us avoid black during summer, but this black and gold set totally changed my mind. Got this one from Imrose House, a slightly premium brand and of course on the pricier side, but they are totally worth it, especially if you're looking for something to stand out in or something for special occasions. Now, this set may look very heavy at first glance and something that you may want to avoid during summer, but it is actually quite the opposite. This one is made in a 100% pure organic cotton fabric, which is super breathable and it is designed in this flowy cuffon style silhouette that makes it perfect even on the hottest of the days. Also, the thread work may look like it's bright gold, but it is actually a muted golden beige, which keeps things very elegant. I love the flared long sleeves, the widele palazzos, and the soft tassel details. They add such a modern touch. Now, for styling, you do not need much because this outfit is a statement on its own. I went with my strappy wedges for a modern touch versus my regular heels, a golden clutch, some rings, and my sunglasses. And I absolutely love this [Music] one. And that was it for today's video, guys. I truly hope that you enjoyed watching it. And I do hope that you found it helpful in some shape or form. That's always my motto here on this channel. And uh even if you're not looking to shop anything new, I do hope that these videos actually help you raid your existing closet and come up with some uh fresh outfit ideas using some of the tips and tricks that I share in these videos. So yeah, with that, let's end today's video here. I'm going to see you guys soon again with another fun video. In the meantime, as always, be well, be safe, take care of yourself, and u yeah, I'll see you guys soon. Bye. [Music]",2026-08-20T21:05:58.611680
YouTube,"Try on Haul + Styling Ideas - Suit Set, Sarees & Blouses from Nykaa Fashion",https://www.youtube.com/watch?v=umn6g8ylmDU,@namratakumari425,"Hi,Prerna great video . Your videos always speak through...it always has represented your honesty.    As a old time follower i can see your videos evolving and it makes me so happy. When you speak about styling it really conveys how passionate you are towards clothes and also you don't  promote hoarding just for the sake of it where in your profession one can easily justify hauls every once in a while. you have  always catered to the thought of styling things in multiple ways which is such a practical approach to have not all of us have access to multiple clothing and pairing options . I just hope you get your credit. Admire and love your work.❤",UgxP7IoMdWdl0DREU5J4AaABAg,25,1724168160.528037,Transcript not available,2026-08-20T21:06:00.528189
YouTube,"Try on Haul + Styling Ideas - Suit Set, Sarees & Blouses from Nykaa Fashion",https://www.youtube.com/watch?v=umn6g8ylmDU,@SufiyanKhan-k4z5o,Plz plz gown hual bhi le kr aye,Ugw0TRiOHEYi7Zos5Z54AaABAg,0,1771601760.530197,Transcript not available,2026-08-20T21:06:00.530334
YouTube,"Try on Haul + Styling Ideas - Suit Set, Sarees & Blouses from Nykaa Fashion",https://www.youtube.com/watch?v=umn6g8ylmDU,@Prosperity1116,Dont trust them!! NYKAA SOLD ME USED PRODUCT AND DID NOT REFUND AFTER RETURN,Ugx2CcdsU_T-5wcrkiV4AaABAg,0,1760974560.532108,Transcript not available,2026-08-20T21:06:00.532223
YouTube,"Try on Haul + Styling Ideas - Suit Set, Sarees & Blouses from Nykaa Fashion",https://www.youtube.com/watch?v=umn6g8ylmDU,@Saptisaha,Ye saree abhi nykaa pe 1500 ka mil rha hai ...😅 The last one,UgyGPtCjU8X5h0MebUh4AaABAg,0,1755704160.533391,Transcript not available,2026-08-20T21:06:00.533481
YouTube,"Try on Haul + Styling Ideas - Suit Set, Sarees & Blouses from Nykaa Fashion",https://www.youtube.com/watch?v=umn6g8ylmDU,@mswsocialscience5468,Blouse ka priz plz,Ugz3VN9UyJ1ijV5eVSt4AaABAg,0,1755704160.534586,Transcript not available,2026-08-20T21:06:00.534676
YouTube,"Try on Haul + Styling Ideas - Suit Set, Sarees & Blouses from Nykaa Fashion",https://www.youtube.com/watch?v=umn6g8ylmDU,@ruchisrivastava5033,"Hii  Di
Wow You are looking lovely in every look .
Please di aap  ak videos dupatta collection pr banaiye",Ugy71QQsl4FbQIBucy94AaABAg,1,1755704160.535773,Transcript not available,2026-08-20T21:06:00.535862
YouTube,"Try on Haul + Styling Ideas - Suit Set, Sarees & Blouses from Nykaa Fashion",https://www.youtube.com/watch?v=umn6g8ylmDU,@Loveandlight428,Is gajra gang apparel any good  in terms of the fabric?,UgzoqOn9lBWmgvHGsCB4AaABAg,0,1755704160.536981,Transcript not available,2026-08-20T21:06:00.537094
YouTube,"Try on Haul + Styling Ideas - Suit Set, Sarees & Blouses from Nykaa Fashion",https://www.youtube.com/watch?v=umn6g8ylmDU,@shreyarawatvlogs6920,please give link of the saree that you're wearing. It's looking very pretty❤❤,UgxqgkVKX0OYHlK6NPV4AaABAg,0,1755704160.538205,Transcript not available,2026-08-20T21:06:00.538295
YouTube,"Try on Haul + Styling Ideas - Suit Set, Sarees & Blouses from Nykaa Fashion",https://www.youtube.com/watch?v=umn6g8ylmDU,@bibliophile181,Isn't the golden sequined blouse itching or hurting? The sequins are rarely comfortable.,UgzDlBgvqKGig9M7BDh4AaABAg,0,1755704160.539411,Transcript not available,2026-08-20T21:06:00.539500
YouTube,"Try on Haul + Styling Ideas - Suit Set, Sarees & Blouses from Nykaa Fashion",https://www.youtube.com/watch?v=umn6g8ylmDU,@sandhyachaubey3314,Hey prerna. How are you? I love your videos. Please tell me do organza and net saree need fall? Please reply,UgxiH7NmEsb_Ezaesv14AaABAg,0,1755704160.540613,Transcript not available,2026-08-20T21:06:00.540701
YouTube,"Try on Haul + Styling Ideas - Suit Set, Sarees & Blouses from Nykaa Fashion",https://www.youtube.com/watch?v=umn6g8ylmDU,@MJ-hv7ve,❤,Ugw5YHoCiJKlALEhKt54AaABAg,0,1724168160.541831,Transcript not available,2026-08-20T21:06:00.541923
YouTube,"Try on Haul + Styling Ideas - Suit Set, Sarees & Blouses from Nykaa Fashion",https://www.youtube.com/watch?v=umn6g8ylmDU,@Fashion_Zone_11,Golden saree from ?,Ugzz1LXfSb0uMvOzuOp4AaABAg,0,1724168160.543132,Transcript not available,2026-08-20T21:06:00.543230
YouTube,"Try on Haul + Styling Ideas - Suit Set, Sarees & Blouses from Nykaa Fashion",https://www.youtube.com/watch?v=umn6g8ylmDU,@booksspeaking287,From where you got this golden saree that you are wearing.,UgwDNuCfTsoaK5xQUEB4AaABAg,0,1724168160.544353,Transcript not available,2026-08-20T21:06:00.544474
YouTube,"Try on Haul + Styling Ideas - Suit Set, Sarees & Blouses from Nykaa Fashion",https://www.youtube.com/watch?v=umn6g8ylmDU,@_ReenuMalik_,Prerna aapne ye golden Sadi Khan se buy kari h,UgwdUBVrYYoHIB8IN-N4AaABAg,0,1724168160.545902,Transcript not available,2026-08-20T21:06:00.546043
YouTube,"Try on Haul + Styling Ideas - Suit Set, Sarees & Blouses from Nykaa Fashion",https://www.youtube.com/watch?v=umn6g8ylmDU,@PushpaBangarwa-gn6sb,Wow...dii😊,UgzQpa18xJ5pZ49tvBl4AaABAg,1,1724168160.547249,Transcript not available,2026-08-20T21:06:00.547374
YouTube,"Try on Haul + Styling Ideas - Suit Set, Sarees & Blouses from Nykaa Fashion",https://www.youtube.com/watch?v=umn6g8ylmDU,@yourvibe7836,Earrings from?,Ugw34gMs7auXU_W-xU14AaABAg,0,1724168160.548558,Transcript not available,2026-08-20T21:06:00.548650
YouTube,"Try on Haul + Styling Ideas - Suit Set, Sarees & Blouses from Nykaa Fashion",https://www.youtube.com/watch?v=umn6g8ylmDU,@priyankasrivastava2012,Mam nayka me exchange and return available h,UgyJOBHrr6Sck80EfV94AaABAg,0,1724168160.549731,Transcript not available,2026-08-20T21:06:00.549819
YouTube,"Try on Haul + Styling Ideas - Suit Set, Sarees & Blouses from Nykaa Fashion",https://www.youtube.com/watch?v=umn6g8ylmDU,@archisingh7549,Your saree link plz,UgxWhFTXt3G3a5AV7dx4AaABAg,0,1724168160.550909,Transcript not available,2026-08-20T21:06:00.551010
YouTube,"Try on Haul + Styling Ideas - Suit Set, Sarees & Blouses from Nykaa Fashion",https://www.youtube.com/watch?v=umn6g8ylmDU,@MISS_YEAGER-1,Ye first wala bhouse bhut acha h kaha se purchase Kiya,Ugwgs6yZXJ7VbuUFqud4AaABAg,0,1724168160.552114,Transcript not available,2026-08-20T21:06:00.552205
YouTube,"Try on Haul + Styling Ideas - Suit Set, Sarees & Blouses from Nykaa Fashion",https://www.youtube.com/watch?v=umn6g8ylmDU,@MISS_YEAGER-1,Hloo ma'am,UgzIfUlj9vE0_xLueXN4AaABAg,0,1724168160.553317,Transcript not available,2026-08-20T21:06:00.553407
YouTube,*huge* NYKAA FASHION HAUL!😍 Kurta Sets Haul from Nykaa | is it worth it? || Rupal Yadav,https://www.youtube.com/watch?v=z79QZX2ys8w,@rupalyadav,"Individual Product Links: 

1. Safa Chikankari Muslin A-line Kurta - White: https://www.wishlink.com/share/5bb7s

2. Malak Chikankari Modal Straight Kurta and Palazzo (Set of 2): https://www.wishlink.com/share/rrezy

3. Linen Cotton Rose Pink Kurta & Pant Set (Set of 2): https://www.wishlink.com/share/ptz65

4. Womens Peach & Blue Yoke Mirror Work Kurta with Pant and Dupatta (Set of 3): https://www.wishlink.com/share/6dqnv

5. White Printed Cotton Kurti With Palazzo (Set of 2): https://www.wishlink.com/share/wnfb7

6. Women White Cotton Blend Printed Kurta Trousers with Dupatta (Set of 3): https://www.wishlink.com/share/2qp8b

7. Firozi Doria (Set of 3): https://www.wishlink.com/share/852xw

8. MYSHKA Women Blue Printed Kurta & Trouser (Set of 2): https://www.wishlink.com/share/mgzt4

9. Women Navy Blue Cotton Blend Ethnic Motifs Printed Kurta Trouser with Dupatta (Set of 3): https://www.wishlink.com/share/zeb9f

Thank you ❤️",UgyFrik_d_HCq0il63t4AaABAg,14,1724168162.419355,Transcript not available,2026-08-20T21:06:02.419495
YouTube,*huge* NYKAA FASHION HAUL!😍 Kurta Sets Haul from Nykaa | is it worth it? || Rupal Yadav,https://www.youtube.com/watch?v=z79QZX2ys8w,@RiyaKumari-cc8rp,Whats ur height,UgwKm-oCb-PoqhuZAch4AaABAg,0,1786808162.420658,Transcript not available,2026-08-20T21:06:02.420755
YouTube,*huge* NYKAA FASHION HAUL!😍 Kurta Sets Haul from Nykaa | is it worth it? || Rupal Yadav,https://www.youtube.com/watch?v=z79QZX2ys8w,@nishavasudevan,Beautiful sets,UgzvZz8SE3omke68ucx4AaABAg,0,1755704162.421899,Transcript not available,2026-08-20T21:06:02.422012
YouTube,*huge* NYKAA FASHION HAUL!😍 Kurta Sets Haul from Nykaa | is it worth it? || Rupal Yadav,https://www.youtube.com/watch?v=z79QZX2ys8w,@Parul-wz9xg,Thanks Jai hind nyka fasion 🎉,Ugxo7iAgcvjYl3aj6fl4AaABAg,0,1755704162.423127,Transcript not available,2026-08-20T21:06:02.423219
YouTube,*huge* NYKAA FASHION HAUL!😍 Kurta Sets Haul from Nykaa | is it worth it? || Rupal Yadav,https://www.youtube.com/watch?v=z79QZX2ys8w,@khushichoudhary4121,Turquoise blue is best,Ugw6B8vVa384zymomy14AaABAg,0,1755704162.424309,Transcript not available,2026-08-20T21:06:02.424398
YouTube,*huge* NYKAA FASHION HAUL!😍 Kurta Sets Haul from Nykaa | is it worth it? || Rupal Yadav,https://www.youtube.com/watch?v=z79QZX2ys8w,@NEHASINGH-zw8ch,Ur choice ❤❤❤,UgypywXdyLaOynQuhtt4AaABAg,0,1755704162.425489,Transcript not available,2026-08-20T21:06:02.425584
YouTube,*huge* NYKAA FASHION HAUL!😍 Kurta Sets Haul from Nykaa | is it worth it? || Rupal Yadav,https://www.youtube.com/watch?v=z79QZX2ys8w,@priyadogra7379,Watch link please,UgwzX0ZlAPEEmwveYBR4AaABAg,0,1755704162.426726,Transcript not available,2026-08-20T21:06:02.426821
YouTube,*huge* NYKAA FASHION HAUL!😍 Kurta Sets Haul from Nykaa | is it worth it? || Rupal Yadav,https://www.youtube.com/watch?v=z79QZX2ys8w,@SamikshyaSapkota-jb2nr,What’s your Kurtha size ?,Ugw3QmHMHge9SIfoCGR4AaABAg,0,1755704162.427975,Transcript not available,2026-08-20T21:06:02.428081
YouTube,*huge* NYKAA FASHION HAUL!😍 Kurta Sets Haul from Nykaa | is it worth it? || Rupal Yadav,https://www.youtube.com/watch?v=z79QZX2ys8w,@kavya7.s,So costly 😢 but worth ❤❤❤❤,UgwVycozRFjqj8O-GJt4AaABAg,0,1724168162.429194,Transcript not available,2026-08-20T21:06:02.429283
YouTube,*huge* NYKAA FASHION HAUL!😍 Kurta Sets Haul from Nykaa | is it worth it? || Rupal Yadav,https://www.youtube.com/watch?v=z79QZX2ys8w,@sajjubegam8599,Sooooo expensive 🫰,Ugylgp3-UD87OpdsmLJ4AaABAg,0,1724168162.430397,Transcript not available,2026-08-20T21:06:02.430491
YouTube,*huge* NYKAA FASHION HAUL!😍 Kurta Sets Haul from Nykaa | is it worth it? || Rupal Yadav,https://www.youtube.com/watch?v=z79QZX2ys8w,@GarimaHazarika-pq4ti,Di your watch link please,UgyW3If3zjXm2NfNui14AaABAg,0,1724168162.431614,Transcript not available,2026-08-20T21:06:02.431703
YouTube,*huge* NYKAA FASHION HAUL!😍 Kurta Sets Haul from Nykaa | is it worth it? || Rupal Yadav,https://www.youtube.com/watch?v=z79QZX2ys8w,@thesweet_chilli,Main Lucknow se hoon aur same fabric same design same colour ka chickankari kurta set yahan 2000 me aaraam se mil jata hai,UgzUz5w74VU43zaq7qh4AaABAg,0,1724168162.432824,Transcript not available,2026-08-20T21:06:02.432912
YouTube,*huge* NYKAA FASHION HAUL!😍 Kurta Sets Haul from Nykaa | is it worth it? || Rupal Yadav,https://www.youtube.com/watch?v=z79QZX2ys8w,@meghmalaadhikary1150,Dii non revealing long dresses for summer haul Karo please Myntra ya nykaa ka!❤❤❤❤ Please please,Ugzc_iz-p2FZ3Wkm0y94AaABAg,0,1724168162.434016,Transcript not available,2026-08-20T21:06:02.434108
YouTube,*huge* NYKAA FASHION HAUL!😍 Kurta Sets Haul from Nykaa | is it worth it? || Rupal Yadav,https://www.youtube.com/watch?v=z79QZX2ys8w,@Itsa39,pretty woman,Ugw8TSks3g1IeJVhJIx4AaABAg,0,1724168162.435215,Transcript not available,2026-08-20T21:06:02.435305
YouTube,*huge* NYKAA FASHION HAUL!😍 Kurta Sets Haul from Nykaa | is it worth it? || Rupal Yadav,https://www.youtube.com/watch?v=z79QZX2ys8w,@shilpasingha466,Bag link plz,Ugw9kS67V6XVX4X29zN4AaABAg,0,1724168162.436417,Transcript not available,2026-08-20T21:06:02.436508
YouTube,*huge* NYKAA FASHION HAUL!😍 Kurta Sets Haul from Nykaa | is it worth it? || Rupal Yadav,https://www.youtube.com/watch?v=z79QZX2ys8w,@shilpasingha466,Bag link plz,UgyjHAz1sVPJq3t5jMR4AaABAg,0,1724168162.437629,Transcript not available,2026-08-20T21:06:02.437722
YouTube,*huge* NYKAA FASHION HAUL!😍 Kurta Sets Haul from Nykaa | is it worth it? || Rupal Yadav,https://www.youtube.com/watch?v=z79QZX2ys8w,@shilpasingha466,Bag link plz,UgwcwlxrneiWJVQ_Bt94AaABAg,0,1724168162.438823,Transcript not available,2026-08-20T21:06:02.438911
YouTube,*huge* NYKAA FASHION HAUL!😍 Kurta Sets Haul from Nykaa | is it worth it? || Rupal Yadav,https://www.youtube.com/watch?v=z79QZX2ys8w,@IMSHYY_8089,Bahot expensive hai ..,UgwhlK6kUFF9KDOuRNF4AaABAg,0,1724168162.440017,Transcript not available,2026-08-20T21:06:02.440128
YouTube,*huge* NYKAA FASHION HAUL!😍 Kurta Sets Haul from Nykaa | is it worth it? || Rupal Yadav,https://www.youtube.com/watch?v=z79QZX2ys8w,@karan-wv5or9026,Casio watch link,UgxoZz6k4466w51ONdF4AaABAg,0,1724168162.441245,Transcript not available,2026-08-20T21:06:02.441339
YouTube,*huge* NYKAA FASHION HAUL!😍 Kurta Sets Haul from Nykaa | is it worth it? || Rupal Yadav,https://www.youtube.com/watch?v=z79QZX2ys8w,@Jyotisingh-dj3tz,Please share the white plazo link as well,UgyNp3n6IAIwWzcI7hV4AaABAg,0,1724168162.442473,Transcript not available,2026-08-20T21:06:02.442568
YouTube,"pinteresty & cute t-shirts, dress & more from H&M, savana & nykaa haul! huge giveaway🔥🛍️ ",https://www.youtube.com/watch?v=5JnKHLy7ED4,@SumbulJafri-y8n,Red is your color ❤❤❤❤ anddddd the background is gorgeous,UgxGkfP7DX08bcqMb5Z4AaABAg,0,1760974564.687992,Transcript not available,2026-08-20T21:06:04.688138
