platform,id,author,content,url,created_at,metrics,source_query,scraped_at
Google Play Store (Nykaa Main App),8a5bc468-14de-4fab-80fc-a6db5514b942,A Google user,"I would like to share a suggestion regarding the wishlist feature in Nykaa. Currently, all saved products appear in a single list, which makes it difficult to quickly find specific items, especially when users save products across different categories like makeup, skincare, or haircare. I suggest introducing a system that allows users to organize their wishlist into customizable folders or categories. This would enable users to group items based on their preferences. thanks🍀✨",https://play.google.com/store/apps/details?id=com.fsn.nykaa&reviewId=8a5bc468-14de-4fab-80fc-a6db5514b942,2026-06-20 13:10:42,"Rating: 5, Thumbs Up: 0",PlayStore: com.fsn.nykaa,2026-08-31T13:14:04.481686
Google Play Store (Nykaa Main App),b5773caf-a995-47c7-8c3a-5b9e3b80a745,A Google user,"This is the best app for skincare and other care products, but I would like to organize my wishlist a little better for my skincare and haircare products. Could you please add separate sections for each category, like a Skincare section and a Haircare section? Can you update the app? It would help me a lot :)",https://play.google.com/store/apps/details?id=com.fsn.nykaa&reviewId=b5773caf-a995-47c7-8c3a-5b9e3b80a745,2026-05-12 00:03:56,"Rating: 4, Thumbs Up: 0",PlayStore: com.fsn.nykaa,2026-08-31T13:14:04.585506
Google Play Store (Nykaa Main App),c098b27a-3d07-49a2-b742-57aa829d88a6,A Google user,"Great app however here's a suggestion! It would be so easy to shop through the gigantic wishlist if Nykaa had different categories for various types of products like skincare, haircare, Lips, Eyes, Face or even In stock or Out of stock. Thanks!",https://play.google.com/store/apps/details?id=com.fsn.nykaa&reviewId=c098b27a-3d07-49a2-b742-57aa829d88a6,2026-04-12 19:11:43,"Rating: 4, Thumbs Up: 0",PlayStore: com.fsn.nykaa,2026-08-31T13:14:04.648318
Google Play Store (Nykaa Main App),97f8af53-6f75-4531-b883-8419fda846e0,A Google user,"I really love how simple and organized the app is, from simple daily use products to luxurious ones. However I would like to give 2 recommendations: 1. Could you add a folder feature to the wishlist, so I could keep products for different occasions separately, for example one for daily use products and another for special occasions? 2. Could you add a rearrangement feature in the wishlist? Overall I really love this app. Never going to use any other one in this category.",https://play.google.com/store/apps/details?id=com.fsn.nykaa&reviewId=97f8af53-6f75-4531-b883-8419fda846e0,2025-10-14 01:29:52,"Rating: 5, Thumbs Up: 0",PlayStore: com.fsn.nykaa,2026-08-31T13:14:04.966301
Google Play Store (Nykaa Main App),0c973a68-1a9f-4f72-9861-430e23b73155,A Google user,"This app works nicely, but it will be really helpful if they can make sections in the wishlist.Different sections for body products(perfume,scrubs, etc),skin products,hair products, and health products.Like they have in youtube for latest,popular,oldest.It will be easy for us to go through our wishlist.",https://play.google.com/store/apps/details?id=com.fsn.nykaa&reviewId=0c973a68-1a9f-4f72-9861-430e23b73155,2025-08-17 14:25:21,"Rating: 4, Thumbs Up: 0",PlayStore: com.fsn.nykaa,2026-08-31T13:14:05.068675
Google Play Store (Nykaa Main App),a4591b1a-6fe3-4e06-968a-cf83361c5920,A Google user,"why does all of my past order suddenly disappear? without any update they just deleted my account's previous order, wishlist. what is this behaviour nykaa?????",https://play.google.com/store/apps/details?id=com.fsn.nykaa&reviewId=a4591b1a-6fe3-4e06-968a-cf83361c5920,2025-08-03 00:47:25,"Rating: 2, Thumbs Up: 0",PlayStore: com.fsn.nykaa,2026-08-31T13:14:05.097885
Google Play Store (Nykaa Main App),226def14-2359-43f0-ad90-9fe5e4b18cf4,A Google user,would really like it if just like the wishlist u could provide an option to add products to don't show list. as someone with allergies it becomes really tedious to filter suggestions by reading ingredients of every single product and then few months later have to go through the same again. it would make things way easier to find new products if I could get stuff I can't have out of the way. I don't need to see items I can't use simply because they are bestsellers.,https://play.google.com/store/apps/details?id=com.fsn.nykaa&reviewId=226def14-2359-43f0-ad90-9fe5e4b18cf4,2025-05-14 01:37:52,"Rating: 4, Thumbs Up: 0",PlayStore: com.fsn.nykaa,2026-08-31T13:14:05.251381
Google Play Store (Nykaa Main App),eaedcfad-c608-4aa0-87e5-b5934c21461a,A Google user,"it is very convenient to use, i use it atleast once or twice a month ilook ahead to fulfill my whole wishlist the app is so helpful,i just love it!!",https://play.google.com/store/apps/details?id=com.fsn.nykaa&reviewId=eaedcfad-c608-4aa0-87e5-b5934c21461a,2025-04-12 09:03:43,"Rating: 4, Thumbs Up: 0",PlayStore: com.fsn.nykaa,2026-08-31T13:14:05.300776
Google Play Store (Nykaa Main App),1364a58a-dbb1-4442-a259-da7783fd4475,A Google user,Every month the App is told to be updated but there is no change..... I had suggested that consumers should be able to categorise the items in the wishlist so that it is easy to access it and buy it. But they really don't care about the suggestions given,https://play.google.com/store/apps/details?id=com.fsn.nykaa&reviewId=1364a58a-dbb1-4442-a259-da7783fd4475,2025-04-05 15:28:22,"Rating: 2, Thumbs Up: 0",PlayStore: com.fsn.nykaa,2026-08-31T13:14:05.309499
Google Play Store (Nykaa Main App),4a44b59c-37e2-4766-adf5-6c4334306b54,A Google user,"Expecting much more better price...So that we can purchase maximum products from our wishlist & increase Nykaa Sale ... Nykaa is the best platform to buy all skincare, cosmetics, etc....there is much more Nykaa is offering we want to buy at good price..",https://play.google.com/store/apps/details?id=com.fsn.nykaa&reviewId=4a44b59c-37e2-4766-adf5-6c4334306b54,2025-04-05 08:42:40,"Rating: 5, Thumbs Up: 0",PlayStore: com.fsn.nykaa,2026-08-31T13:14:05.309948
Google Play Store (Nykaa Main App),e152efe0-ff0a-4dd5-9247-4fe59b6bfd51,A Google user,please give more discount on wishlist products,https://play.google.com/store/apps/details?id=com.fsn.nykaa&reviewId=e152efe0-ff0a-4dd5-9247-4fe59b6bfd51,2025-04-04 10:43:52,"Rating: 4, Thumbs Up: 0",PlayStore: com.fsn.nykaa,2026-08-31T13:14:05.311301
Google Play Store (Nykaa Main App),92e8ba15-872e-4753-b506-9b89d0c9b646,A Google user,"suggestions for app - to add options to filter wishlist based on category like moisturiser/sunscreen, it helps in finding products quickly otherwise the app is good incase anyone is looking for beauty related shopping experience",https://play.google.com/store/apps/details?id=com.fsn.nykaa&reviewId=92e8ba15-872e-4753-b506-9b89d0c9b646,2025-03-24 14:34:12,"Rating: 4, Thumbs Up: 0",PlayStore: com.fsn.nykaa,2026-08-31T13:14:05.321120
YouTube,UgxeFTYXrR5TVo_HGuh4AaABAg,@sowmya_just_simple,"[Video: HUGE NYKAA Beauty & Makeup Haul | Shalini Srivastava]
I will get them in diwali sale now. Writing a wishlist now",https://www.youtube.com/watch?v=WJ7zDBE_Xx8&lc=UgxeFTYXrR5TVo_HGuh4AaABAg,2024-08-31T13:16:31.884968,Likes: 0,YouTube: HUGE NYKAA Beauty & Makeup Haul | Shalin,2026-08-31T13:16:33.540969
YouTube,UgxjwCPy7uGiVXwgM4N4AaABAg,@seemapal855,"[Video: Try on Haul + Styling Ideas - Suit Set, Sarees & Blouses from Nykaa Fashion]
Hey Prerna mam you can search things and wishlist them to show which would look good on which kind of occasion. Also if your sister is in india if she has time she can model your clothes on your ideas. It is crazy idea but it might work.",https://www.youtube.com/watch?v=umn6g8ylmDU&lc=UgxjwCPy7uGiVXwgM4N4AaABAg,2024-08-31T13:24:45.283491,Likes: 0,"YouTube: Try on Haul + Styling Ideas - Suit Set, ",2026-08-31T13:24:45.967200
YouTube,UgzUMOojAeaGdSYogBt4AaABAg,@ritupandey8690,"[Video: Myntra & Nykaa Fashion Festive Finds: Haul & Styling  Tips]
Hey , love the haul ❤
Some of pieces already in my wish list .
Can u plz show your  footwear n bags collection ,or you can suggest Good brands to invest in.❤❤",https://www.youtube.com/watch?v=7JFCmIOdjxM&lc=UgzUMOojAeaGdSYogBt4AaABAg,2025-08-31T13:24:49.977834,Likes: 0,YouTube: Myntra & Nykaa Fashion Festive Finds: Ha,2026-08-31T13:25:00.915493
YouTube,UgyI-ccco0-q7fjpEkB4AaABAg,@Seems7729,"[Video: *huge* NYKAA FASHION HAUL!😍 Kurta Sets Haul from Nykaa | is it worth it? || Rupal Yadav]
Honestly white chilakati kurta par meri bhi bahut time se nazar hai ..it’s in my wishlist 😀",https://www.youtube.com/watch?v=z79QZX2ys8w&lc=UgyI-ccco0-q7fjpEkB4AaABAg,2024-08-31T13:30:40.569298,Likes: 0,YouTube: *huge* NYKAA FASHION HAUL!😍 Kurta Sets H,2026-08-31T13:30:40.591334
YouTube,Ugy9vwJnvwntqEUx5Zp4AaABAg,@kaamnalovey,"[Video: I Bought My Wishlist From Ajio 💗 !! Denims Skirt, Jeans, Sweatshirts, Pullover, Basic Ones Included😍]
Collection My Wishlist From Ajio 

Collection URL
https://app.lehlah.club/pc/20312

Product URLs
Women Regular Fit Sweatshirt with Embroidery
https://app.lehlah.club/pc/20312/369344

Women Knitted Relaxed Fit Pullover
https://app.lehlah.club/pc/20312/369345

Women Ombre-Dyed Relaxed Fit Jeans
https://app.lehlah.club/pc/20312/369346

Fitted V-Neck T-Shirt
https://app.lehlah.club/pc/20312/369347

Typographic Print Hoodie with Kangaroo Pocket
https://app.lehlah.club/pc/20312/369348

Women Straight Skirt
https://app.lehlah.club/pc/20312/369349

Cropped Corduroy Jacket
https://app.lehlah.club/pc/20312/369350",https://www.youtube.com/watch?v=dnjEijlaiAI&lc=Ugy9vwJnvwntqEUx5Zp4AaABAg,2025-08-31T13:33:12.211760,Likes: 0,YouTube: I Bought My Wishlist From Ajio 💗 !! Deni,2026-08-31T13:33:15.253658
YouTube,Ugz1sm_vefhfZBP3Uy54AaABAg,@danread89,"[Video: Nykaa Pink Summer Sale  2023 | Upto 50% Off!? | Wishlist | Not Sponsored | Glamnglaze #nykaasale]
Outstanding video",https://www.youtube.com/watch?v=jS3cnKgx72g&lc=Ugz1sm_vefhfZBP3Uy54AaABAg,1693467022.95198,Likes: 1,YouTube: Nykaa Pink Summer Sale  2023 | Upto 50% ,2026-08-31T13:00:22.954390
YouTube,Ugwjnt908sD0Fred5TZ4AaABAg,@poonamshukla5721,"[Video: NYKAA'S HOT PINK SALE OFFERS YOU MUST NOT MISS TOP WISHLIST PRODUCTS 2020]
Wow such a nice video.Keep on working hardon utube an u definietnaly will succeed.",https://www.youtube.com/watch?v=GEjaobFIOc0&lc=Ugwjnt908sD0Fred5TZ4AaABAg,1598859031.870024,Likes: 0,YouTube: NYKAA'S HOT PINK SALE OFFERS YOU MUST NO,2026-08-31T13:00:31.870329
YouTube,UgwC-h9j5pCLUgLddhV4AaABAg,@surekhasiriginidi1028,"[Video: NYKAA'S HOT PINK SALE OFFERS YOU MUST NOT MISS TOP WISHLIST PRODUCTS 2020]
Pls share best lipsticks and best formula recommendations",https://www.youtube.com/watch?v=GEjaobFIOc0&lc=UgwC-h9j5pCLUgLddhV4AaABAg,1598859031.872503,Likes: 0,YouTube: NYKAA'S HOT PINK SALE OFFERS YOU MUST NO,2026-08-31T13:00:31.872754
YouTube,Ugzqg4vUwtXwRTqWTKJ4AaABAg,@plabitarajkhowa7773,"[Video: NYKAA'S HOT PINK SALE OFFERS YOU MUST NOT MISS TOP WISHLIST PRODUCTS 2020]
Your lipstick shade?",https://www.youtube.com/watch?v=GEjaobFIOc0&lc=Ugzqg4vUwtXwRTqWTKJ4AaABAg,1598859031.874899,Likes: 0,YouTube: NYKAA'S HOT PINK SALE OFFERS YOU MUST NO,2026-08-31T13:00:31.875159
YouTube,UgwHfjQ7VrPHe-rrhHx4AaABAg,@ChopraRajni983,"[Video: NYKAA'S HOT PINK SALE OFFERS YOU MUST NOT MISS TOP WISHLIST PRODUCTS 2020]
♥️♥️",https://www.youtube.com/watch?v=GEjaobFIOc0&lc=UgwHfjQ7VrPHe-rrhHx4AaABAg,1598859031.877626,Likes: 0,YouTube: NYKAA'S HOT PINK SALE OFFERS YOU MUST NO,2026-08-31T13:00:31.878217
YouTube,Ugy65HUx2sUZHGn-MWN4AaABAg,@pamphadevigaire6825,"[Video: NYKAA'S HOT PINK SALE OFFERS YOU MUST NOT MISS TOP WISHLIST PRODUCTS 2020]
Love you my sweet heart ❤❤❤❤",https://www.youtube.com/watch?v=GEjaobFIOc0&lc=Ugy65HUx2sUZHGn-MWN4AaABAg,1598859031.880969,Likes: 0,YouTube: NYKAA'S HOT PINK SALE OFFERS YOU MUST NO,2026-08-31T13:00:31.881340
YouTube,UgwC-h9j5pCLUgLddhV4AaABAg.9BRlluh9QJl9BRmBK3PF8y,@Blendsandeats,"[Video: NYKAA'S HOT PINK SALE OFFERS YOU MUST NOT MISS TOP WISHLIST PRODUCTS 2020]
surekha siriginidi nyx , Kiko , colorbar , maybelline super stay ink , huda minis and Mac",https://www.youtube.com/watch?v=GEjaobFIOc0&lc=UgwC-h9j5pCLUgLddhV4AaABAg.9BRlluh9QJl9BRmBK3PF8y,1598859032.405074,Likes: 0,YouTube: NYKAA'S HOT PINK SALE OFFERS YOU MUST NO,2026-08-31T13:00:32.405545
YouTube,Ugzqg4vUwtXwRTqWTKJ4AaABAg.9BP_e8j3VP59BQPrjlyfFp,@Blendsandeats,"[Video: NYKAA'S HOT PINK SALE OFFERS YOU MUST NOT MISS TOP WISHLIST PRODUCTS 2020]
Plabita Rajkhowa it’s some gloss and sugar Preach peach lipstick 💄",https://www.youtube.com/watch?v=GEjaobFIOc0&lc=Ugzqg4vUwtXwRTqWTKJ4AaABAg.9BP_e8j3VP59BQPrjlyfFp,1598859032.857043,Likes: 0,YouTube: NYKAA'S HOT PINK SALE OFFERS YOU MUST NO,2026-08-31T13:00:32.857489
YouTube,Ugw2hzXwNX68TuBTkyB4AaABAg,@Juns70,"[Video: BOUGHT MY FALL/WINTER WISHLIST 🥥🍂Nykaa Pink Friday Sale Haul 🧸🤎]
Background music is disturbing.",https://www.youtube.com/watch?v=w3uUBy8u_xA&lc=Ugw2hzXwNX68TuBTkyB4AaABAg,1772263839.338,Likes: 1,YouTube: BOUGHT MY FALL/WINTER WISHLIST 🥥🍂Nykaa P,2026-08-31T13:00:39.338521
YouTube,UgxkJqxEx4yr4e1w3Nh4AaABAg,@teaspoon3439,"[Video: BOUGHT MY FALL/WINTER WISHLIST 🥥🍂Nykaa Pink Friday Sale Haul 🧸🤎]
I always love watching your videos ❤️❤️",https://www.youtube.com/watch?v=w3uUBy8u_xA&lc=UgxkJqxEx4yr4e1w3Nh4AaABAg,1767166239.344309,Likes: 0,YouTube: BOUGHT MY FALL/WINTER WISHLIST 🥥🍂Nykaa P,2026-08-31T13:00:39.344779
YouTube,Ugx44XAL2ozOmRi3HJp4AaABAg,@duttaria2758,"[Video: BOUGHT MY FALL/WINTER WISHLIST 🥥🍂Nykaa Pink Friday Sale Haul 🧸🤎]
Loved everything 💘",https://www.youtube.com/watch?v=w3uUBy8u_xA&lc=Ugx44XAL2ozOmRi3HJp4AaABAg,1767166239.35048,Likes: 0,YouTube: BOUGHT MY FALL/WINTER WISHLIST 🥥🍂Nykaa P,2026-08-31T13:00:39.350943
YouTube,UgxWzQJjAHeAbMKknKd4AaABAg,@Divu804,"[Video: BOUGHT MY FALL/WINTER WISHLIST 🥥🍂Nykaa Pink Friday Sale Haul 🧸🤎]
Bro why there is no link??",https://www.youtube.com/watch?v=w3uUBy8u_xA&lc=UgxWzQJjAHeAbMKknKd4AaABAg,1767166239.356346,Likes: 0,YouTube: BOUGHT MY FALL/WINTER WISHLIST 🥥🍂Nykaa P,2026-08-31T13:00:39.356796
YouTube,Ugzd9YEPIIje2Al4ZGZ4AaABAg,@manishashri1028,"[Video: BOUGHT MY FALL/WINTER WISHLIST 🥥🍂Nykaa Pink Friday Sale Haul 🧸🤎]
Hairs🔥🔥🔥🔥",https://www.youtube.com/watch?v=w3uUBy8u_xA&lc=Ugzd9YEPIIje2Al4ZGZ4AaABAg,1767166239.361477,Likes: 0,YouTube: BOUGHT MY FALL/WINTER WISHLIST 🥥🍂Nykaa P,2026-08-31T13:00:39.361938
YouTube,UgzNZQ7CLhXhL5OTfLp4AaABAg,@chowdhuryayesha72,"[Video: BOUGHT MY FALL/WINTER WISHLIST 🥥🍂Nykaa Pink Friday Sale Haul 🧸🤎]
❤❤ pls ur sweater link",https://www.youtube.com/watch?v=w3uUBy8u_xA&lc=UgzNZQ7CLhXhL5OTfLp4AaABAg,1767166239.367499,Likes: 1,YouTube: BOUGHT MY FALL/WINTER WISHLIST 🥥🍂Nykaa P,2026-08-31T13:00:39.367893
YouTube,UgyG0hIsCuwReT4aKsR4AaABAg,@Hritika183,"[Video: BOUGHT MY FALL/WINTER WISHLIST 🥥🍂Nykaa Pink Friday Sale Haul 🧸🤎]
youre cute",https://www.youtube.com/watch?v=w3uUBy8u_xA&lc=UgyG0hIsCuwReT4aKsR4AaABAg,1767166239.373332,Likes: 0,YouTube: BOUGHT MY FALL/WINTER WISHLIST 🥥🍂Nykaa P,2026-08-31T13:00:39.373702
YouTube,UgxkJqxEx4yr4e1w3Nh4AaABAg.AQpH3eZukpGAQq-aLcE9Au,@deekshasinghxx,"[Video: BOUGHT MY FALL/WINTER WISHLIST 🥥🍂Nykaa Pink Friday Sale Haul 🧸🤎]
so glad to hear that 🥰",https://www.youtube.com/watch?v=w3uUBy8u_xA&lc=UgxkJqxEx4yr4e1w3Nh4AaABAg.AQpH3eZukpGAQq-aLcE9Au,1767166239.754338,Likes: 1,YouTube: BOUGHT MY FALL/WINTER WISHLIST 🥥🍂Nykaa P,2026-08-31T13:00:39.754638
YouTube,Ugzd9YEPIIje2Al4ZGZ4AaABAg.AQcqY_ZEDs2AQdIdoQL_0p,@deekshasinghxx,"[Video: BOUGHT MY FALL/WINTER WISHLIST 🥥🍂Nykaa Pink Friday Sale Haul 🧸🤎]
hair 😝😝",https://www.youtube.com/watch?v=w3uUBy8u_xA&lc=Ugzd9YEPIIje2Al4ZGZ4AaABAg.AQcqY_ZEDs2AQdIdoQL_0p,1767166240.112037,Likes: 0,YouTube: BOUGHT MY FALL/WINTER WISHLIST 🥥🍂Nykaa P,2026-08-31T13:00:40.112369
YouTube,UgzNZQ7CLhXhL5OTfLp4AaABAg.AQaVew08T3IAQamiUf3mSJ,@deekshasinghxx,"[Video: BOUGHT MY FALL/WINTER WISHLIST 🥥🍂Nykaa Pink Friday Sale Haul 🧸🤎]
it’s from sarojini 🤓",https://www.youtube.com/watch?v=w3uUBy8u_xA&lc=UgzNZQ7CLhXhL5OTfLp4AaABAg.AQaVew08T3IAQamiUf3mSJ,1767166240.471936,Likes: 0,YouTube: BOUGHT MY FALL/WINTER WISHLIST 🥥🍂Nykaa P,2026-08-31T13:00:40.472268
YouTube,UgyG0hIsCuwReT4aKsR4AaABAg.AQaUU4-kO8pAQamf-KG7P-,@deekshasinghxx,"[Video: BOUGHT MY FALL/WINTER WISHLIST 🥥🍂Nykaa Pink Friday Sale Haul 🧸🤎]
thankyou 🥹",https://www.youtube.com/watch?v=w3uUBy8u_xA&lc=UgyG0hIsCuwReT4aKsR4AaABAg.AQaUU4-kO8pAQamf-KG7P-,1767166240.860762,Likes: 0,YouTube: BOUGHT MY FALL/WINTER WISHLIST 🥥🍂Nykaa P,2026-08-31T13:00:40.861012
YouTube,UgxrAFmJnj-2E-OaZ414AaABAg,@monicasambyal,"[Video: I Only Bought Things From My Wishlist During EOSS 👀 | EOSS 2026 Haul | Myntra, Nykaa and more...]
These are amazing recommendations, waiting for the new setting spray review.❤",https://www.youtube.com/watch?v=VeZRPL2IVmM&lc=UgxrAFmJnj-2E-OaZ414AaABAg,1786951843.743528,Likes: 0,YouTube: I Only Bought Things From My Wishlist Du,2026-08-31T13:00:43.744001
YouTube,UgyMn-voSM_XZLc0ngZ4AaABAg,@aashimasharma5661,"[Video: I Only Bought Things From My Wishlist During EOSS 👀 | EOSS 2026 Haul | Myntra, Nykaa and more...]
Btw- appreciate you sharing good grab deals of these items here with us",https://www.youtube.com/watch?v=VeZRPL2IVmM&lc=UgyMn-voSM_XZLc0ngZ4AaABAg,1786951843.747198,Likes: 0,YouTube: I Only Bought Things From My Wishlist Du,2026-08-31T13:00:43.747572
YouTube,UgzaR5l0jDB-6pLM8SF4AaABAg,@aashimasharma5661,"[Video: I Only Bought Things From My Wishlist During EOSS 👀 | EOSS 2026 Haul | Myntra, Nykaa and more...]
This video literally took me back to our memories in your Chandigarh studio - washing makeup brushes together 😂❤️",https://www.youtube.com/watch?v=VeZRPL2IVmM&lc=UgzaR5l0jDB-6pLM8SF4AaABAg,1786951843.750639,Likes: 0,YouTube: I Only Bought Things From My Wishlist Du,2026-08-31T13:00:43.751016
YouTube,UgxrAFmJnj-2E-OaZ414AaABAg.A_P9nSBJzrWA_PEY8XJn9-,@PriyankaJainOswal,"[Video: I Only Bought Things From My Wishlist During EOSS 👀 | EOSS 2026 Haul | Myntra, Nykaa and more...]
Glad you liked the recommendations, the review is coming up soon! ✨",https://www.youtube.com/watch?v=VeZRPL2IVmM&lc=UgxrAFmJnj-2E-OaZ414AaABAg.A_P9nSBJzrWA_PEY8XJn9-,1786951844.356382,Likes: 0,YouTube: I Only Bought Things From My Wishlist Du,2026-08-31T13:00:44.356744
YouTube,UgyMn-voSM_XZLc0ngZ4AaABAg.A_NueR-vyagA_Os5DxiZFv,@PriyankaJainOswal,"[Video: I Only Bought Things From My Wishlist During EOSS 👀 | EOSS 2026 Haul | Myntra, Nykaa and more...]
Happy to share the best finds with you! ✨",https://www.youtube.com/watch?v=VeZRPL2IVmM&lc=UgyMn-voSM_XZLc0ngZ4AaABAg.A_NueR-vyagA_Os5DxiZFv,1786951844.665372,Likes: 0,YouTube: I Only Bought Things From My Wishlist Du,2026-08-31T13:00:44.665699
YouTube,UgxUUPrmpH7INRVxicF4AaABAg,@ummulkhan5491,"[Video: BOUGHT MY WISHLIST FROM NYKAA | HUGE NYKAA MAKEUP SKINCARE HAUL HOT PINK SALE HAUL #haul #makeup]
Our love for lipsticks is same 😂
.
Loved the haul😬✨",https://www.youtube.com/watch?v=EDGLH7hu2Ys&lc=UgxUUPrmpH7INRVxicF4AaABAg,1693467051.71697,Likes: 0,YouTube: BOUGHT MY WISHLIST FROM NYKAA | HUGE NYK,2026-08-31T13:00:51.717306
YouTube,Ugyfmy_7dqi0ulp7cD14AaABAg,@rutujadicholkar,"[Video: BOUGHT MY WISHLIST FROM NYKAA | HUGE NYKAA MAKEUP SKINCARE HAUL HOT PINK SALE HAUL #haul #makeup]
The Too Faced concealer shade which you're talking about which falls between Sand and Warm sand, is it Warm Beige or Cookie?",https://www.youtube.com/watch?v=EDGLH7hu2Ys&lc=Ugyfmy_7dqi0ulp7cD14AaABAg,1693467051.72005,Likes: 0,YouTube: BOUGHT MY WISHLIST FROM NYKAA | HUGE NYK,2026-08-31T13:00:51.720419
YouTube,Ugxd8PorTGCcaTlYBgB4AaABAg,@preetikrish5742,"[Video: BOUGHT MY WISHLIST FROM NYKAA | HUGE NYKAA MAKEUP SKINCARE HAUL HOT PINK SALE HAUL #haul #makeup]
Which lipstick ur wearing mam",https://www.youtube.com/watch?v=EDGLH7hu2Ys&lc=Ugxd8PorTGCcaTlYBgB4AaABAg,1693467051.723036,Likes: 0,YouTube: BOUGHT MY WISHLIST FROM NYKAA | HUGE NYK,2026-08-31T13:00:51.723347
YouTube,Ugzswgq9FE7-8vqwjTx4AaABAg,@chandanak3785,"[Video: BOUGHT MY WISHLIST FROM NYKAA | HUGE NYKAA MAKEUP SKINCARE HAUL HOT PINK SALE HAUL #haul #makeup]
It's drying don't buy smashbox liquid lipstick",https://www.youtube.com/watch?v=EDGLH7hu2Ys&lc=Ugzswgq9FE7-8vqwjTx4AaABAg,1693467051.726078,Likes: 0,YouTube: BOUGHT MY WISHLIST FROM NYKAA | HUGE NYK,2026-08-31T13:00:51.726454
YouTube,UgxsR-KDBmnWram_g2R4AaABAg,@Aaaadusky,"[Video: BOUGHT MY WISHLIST FROM NYKAA | HUGE NYKAA MAKEUP SKINCARE HAUL HOT PINK SALE HAUL #haul #makeup]
Hey the shade you purchased warm sand 
I got the wrong shade as its bit darker
How else do you use it?",https://www.youtube.com/watch?v=EDGLH7hu2Ys&lc=UgxsR-KDBmnWram_g2R4AaABAg,1693467051.729499,Likes: 0,YouTube: BOUGHT MY WISHLIST FROM NYKAA | HUGE NYK,2026-08-31T13:00:51.729830
YouTube,UgzD8SKLRBz_qfMD0bB4AaABAg,@Pooja_PPP,"[Video: BOUGHT MY WISHLIST FROM NYKAA | HUGE NYKAA MAKEUP SKINCARE HAUL HOT PINK SALE HAUL #haul #makeup]
The shade cookie in the too faced concealer would be your right match.",https://www.youtube.com/watch?v=EDGLH7hu2Ys&lc=UgzD8SKLRBz_qfMD0bB4AaABAg,1693467051.73225,Likes: 1,YouTube: BOUGHT MY WISHLIST FROM NYKAA | HUGE NYK,2026-08-31T13:00:51.732497
YouTube,Ugw792RLwRJwn_TpmUF4AaABAg,@ruchisonker2083,"[Video: BOUGHT MY WISHLIST FROM NYKAA | HUGE NYKAA MAKEUP SKINCARE HAUL HOT PINK SALE HAUL #haul #makeup]
U can try their bullet lipstick they comes in same Color pallet of liquid matte…. I hv so many",https://www.youtube.com/watch?v=EDGLH7hu2Ys&lc=Ugw792RLwRJwn_TpmUF4AaABAg,1693467051.734657,Likes: 0,YouTube: BOUGHT MY WISHLIST FROM NYKAA | HUGE NYK,2026-08-31T13:00:51.734915
YouTube,UgyowFW86aIUMzArykF4AaABAg,@Meersal772,"[Video: BOUGHT MY WISHLIST FROM NYKAA | HUGE NYKAA MAKEUP SKINCARE HAUL HOT PINK SALE HAUL #haul #makeup]
Can you please suggest me a dupe of nybae mugs and cups liquid lipsticks in some good brands.",https://www.youtube.com/watch?v=EDGLH7hu2Ys&lc=UgyowFW86aIUMzArykF4AaABAg,1693467051.73721,Likes: 0,YouTube: BOUGHT MY WISHLIST FROM NYKAA | HUGE NYK,2026-08-31T13:00:51.737510
YouTube,UgwgHei7ihD9GvcHsGp4AaABAg,@shwetaghosh6193,"[Video: BOUGHT MY WISHLIST FROM NYKAA | HUGE NYKAA MAKEUP SKINCARE HAUL HOT PINK SALE HAUL #haul #makeup]
Ddue your bg was the first thing that caught my eye, and its so chic and sooo good, please do more videos against this set up ♥️♥️♥️",https://www.youtube.com/watch?v=EDGLH7hu2Ys&lc=UgwgHei7ihD9GvcHsGp4AaABAg,1693467051.739657,Likes: 1,YouTube: BOUGHT MY WISHLIST FROM NYKAA | HUGE NYK,2026-08-31T13:00:51.739988
YouTube,UgzgW8mKvpoRuTGsd_N4AaABAg,@Priyanka-yl9xf,"[Video: BOUGHT MY WISHLIST FROM NYKAA | HUGE NYKAA MAKEUP SKINCARE HAUL HOT PINK SALE HAUL #haul #makeup]
What is your shade in Lakme Absolute skin natural mouusse foundation?",https://www.youtube.com/watch?v=EDGLH7hu2Ys&lc=UgzgW8mKvpoRuTGsd_N4AaABAg,1693467051.742515,Likes: 0,YouTube: BOUGHT MY WISHLIST FROM NYKAA | HUGE NYK,2026-08-31T13:00:51.742810
YouTube,UgxZmAnS8HH_v1-wmdl4AaABAg,@MyHappyWindow,"[Video: BOUGHT MY WISHLIST FROM NYKAA | HUGE NYKAA MAKEUP SKINCARE HAUL HOT PINK SALE HAUL #haul #makeup]
Please share your makeup collection 😇",https://www.youtube.com/watch?v=EDGLH7hu2Ys&lc=UgxZmAnS8HH_v1-wmdl4AaABAg,1693467051.745592,Likes: 0,YouTube: BOUGHT MY WISHLIST FROM NYKAA | HUGE NYK,2026-08-31T13:00:51.745936
YouTube,Ugz0QEeJ9myw125mnjB4AaABAg,@Lexi-u5y5i,"[Video: BOUGHT MY WISHLIST FROM NYKAA | HUGE NYKAA MAKEUP SKINCARE HAUL HOT PINK SALE HAUL #haul #makeup]
Nidhi made insight lipstick in the shade bronzing sun go out of stock🤣🤣 i have been wanting to buy it but kya yaar 😂",https://www.youtube.com/watch?v=EDGLH7hu2Ys&lc=Ugz0QEeJ9myw125mnjB4AaABAg,1693467051.748934,Likes: 1,YouTube: BOUGHT MY WISHLIST FROM NYKAA | HUGE NYK,2026-08-31T13:00:51.749369
YouTube,UgwBpaMMhEzWoCa1Qi14AaABAg,@abhinetri997,"[Video: BOUGHT MY WISHLIST FROM NYKAA | HUGE NYKAA MAKEUP SKINCARE HAUL HOT PINK SALE HAUL #haul #makeup]
You should definitely try nykaa soul sister and prom date, I'm NC 42 and I loved those shades, I want to see it on you too ❤️",https://www.youtube.com/watch?v=EDGLH7hu2Ys&lc=UgwBpaMMhEzWoCa1Qi14AaABAg,1693467051.752121,Likes: 1,YouTube: BOUGHT MY WISHLIST FROM NYKAA | HUGE NYK,2026-08-31T13:00:51.752410
YouTube,UgwBbvCWf5Xl3imYx-14AaABAg,@monika.sstefan8143,"[Video: BOUGHT MY WISHLIST FROM NYKAA | HUGE NYKAA MAKEUP SKINCARE HAUL HOT PINK SALE HAUL #haul #makeup]
Hi Nidhi, 
Alwz i love ur lipstick swatches. Which ever shade yu pick, that suits me as well. Keep going!!",https://www.youtube.com/watch?v=EDGLH7hu2Ys&lc=UgwBbvCWf5Xl3imYx-14AaABAg,1693467051.754409,Likes: 0,YouTube: BOUGHT MY WISHLIST FROM NYKAA | HUGE NYK,2026-08-31T13:00:51.754653
YouTube,UgyxaeD4BlXVlC9MQFR4AaABAg,@reban9165,"[Video: BOUGHT MY WISHLIST FROM NYKAA | HUGE NYKAA MAKEUP SKINCARE HAUL HOT PINK SALE HAUL #haul #makeup]
Great video, as usual.",https://www.youtube.com/watch?v=EDGLH7hu2Ys&lc=UgyxaeD4BlXVlC9MQFR4AaABAg,1693467051.756708,Likes: 0,YouTube: BOUGHT MY WISHLIST FROM NYKAA | HUGE NYK,2026-08-31T13:00:51.756922
YouTube,Ugx0HxaTa10tXj7DaGJ4AaABAg,@Abhayy5468,"[Video: BOUGHT MY WISHLIST FROM NYKAA | HUGE NYKAA MAKEUP SKINCARE HAUL HOT PINK SALE HAUL #haul #makeup]
It hurts when you get the wrong shade 🙂",https://www.youtube.com/watch?v=EDGLH7hu2Ys&lc=Ugx0HxaTa10tXj7DaGJ4AaABAg,1693467051.758933,Likes: 0,YouTube: BOUGHT MY WISHLIST FROM NYKAA | HUGE NYK,2026-08-31T13:00:51.759185
YouTube,UgyDouDiDgo2xrbn4Np4AaABAg,@shwetasharma-sf5kv,"[Video: BOUGHT MY WISHLIST FROM NYKAA | HUGE NYKAA MAKEUP SKINCARE HAUL HOT PINK SALE HAUL #haul #makeup]
Too face or huda stick foundation kaisa h kaun sa best h",https://www.youtube.com/watch?v=EDGLH7hu2Ys&lc=UgyDouDiDgo2xrbn4Np4AaABAg,1693467051.761256,Likes: 0,YouTube: BOUGHT MY WISHLIST FROM NYKAA | HUGE NYK,2026-08-31T13:00:51.761490
YouTube,Ugxo06NAxqeE44Wm5Bx4AaABAg,@trishadasgupta1582,"[Video: BOUGHT MY WISHLIST FROM NYKAA | HUGE NYKAA MAKEUP SKINCARE HAUL HOT PINK SALE HAUL #haul #makeup]
Please don't buy a full size smashbox! It dries very very fast, in less than 3 months! Stick to the minis, if at all",https://www.youtube.com/watch?v=EDGLH7hu2Ys&lc=Ugxo06NAxqeE44Wm5Bx4AaABAg,1693467051.763606,Likes: 0,YouTube: BOUGHT MY WISHLIST FROM NYKAA | HUGE NYK,2026-08-31T13:00:51.763852
YouTube,Ugx-W2jVTe8lqy0nqst4AaABAg,@monika.sstefan8143,"[Video: BOUGHT MY WISHLIST FROM NYKAA | HUGE NYKAA MAKEUP SKINCARE HAUL HOT PINK SALE HAUL #haul #makeup]
Hi Nidhi
Plz do swatches on PAC timeless matte liquid lipstick. Waiting for your genuine review, only den i can get hands on dat variant.  Awaiting for that video soon.",https://www.youtube.com/watch?v=EDGLH7hu2Ys&lc=Ugx-W2jVTe8lqy0nqst4AaABAg,1693467051.765947,Likes: 0,YouTube: BOUGHT MY WISHLIST FROM NYKAA | HUGE NYK,2026-08-31T13:00:51.766258
YouTube,UgyEizcEeBZNgDnFDl94AaABAg,@shwetasudhir7653,"[Video: BOUGHT MY WISHLIST FROM NYKAA | HUGE NYKAA MAKEUP SKINCARE HAUL HOT PINK SALE HAUL #haul #makeup]
I love watching your detailed video on your makeup purchase 😍😍
All products are amazing 💖💗
I m also huge Lipstick lover 💗❤️
Thank you Nidhi 💕",https://www.youtube.com/watch?v=EDGLH7hu2Ys&lc=UgyEizcEeBZNgDnFDl94AaABAg,1693467051.768394,Likes: 2,YouTube: BOUGHT MY WISHLIST FROM NYKAA | HUGE NYK,2026-08-31T13:00:51.768644
YouTube,Ugyfmy_7dqi0ulp7cD14AaABAg.9j3JbOPPuJI9j3M8wvv7M7,@TheTrendDiaries,"[Video: BOUGHT MY WISHLIST FROM NYKAA | HUGE NYKAA MAKEUP SKINCARE HAUL HOT PINK SALE HAUL #haul #makeup]
Warm beige",https://www.youtube.com/watch?v=EDGLH7hu2Ys&lc=Ugyfmy_7dqi0ulp7cD14AaABAg.9j3JbOPPuJI9j3M8wvv7M7,1693467052.450487,Likes: 1,YouTube: BOUGHT MY WISHLIST FROM NYKAA | HUGE NYK,2026-08-31T13:00:52.450797
YouTube,UgxsR-KDBmnWram_g2R4AaABAg.9gqBaxQ6CcQ9gr9p9tMbQY,@TheTrendDiaries,"[Video: BOUGHT MY WISHLIST FROM NYKAA | HUGE NYKAA MAKEUP SKINCARE HAUL HOT PINK SALE HAUL #haul #makeup]
Beneath foundation 
It multi tasks as a corrector and concealer!!",https://www.youtube.com/watch?v=EDGLH7hu2Ys&lc=UgxsR-KDBmnWram_g2R4AaABAg.9gqBaxQ6CcQ9gr9p9tMbQY,1693467052.753689,Likes: 1,YouTube: BOUGHT MY WISHLIST FROM NYKAA | HUGE NYK,2026-08-31T13:00:52.754102
YouTube,UgxsR-KDBmnWram_g2R4AaABAg.9gqBaxQ6CcQ9grGm1EIqXF,@Aaaadusky,"[Video: BOUGHT MY WISHLIST FROM NYKAA | HUGE NYKAA MAKEUP SKINCARE HAUL HOT PINK SALE HAUL #haul #makeup]
 @TheTrendDiaries  hey
Whats the next shade to warm sand i am exactly your skin tone and i am having no idea of which one to get..would you plz suggest me one! I would really really appreciate that",https://www.youtube.com/watch?v=EDGLH7hu2Ys&lc=UgxsR-KDBmnWram_g2R4AaABAg.9gqBaxQ6CcQ9grGm1EIqXF,1693467052.757054,Likes: 0,YouTube: BOUGHT MY WISHLIST FROM NYKAA | HUGE NYK,2026-08-31T13:00:52.757446
YouTube,UgwgHei7ihD9GvcHsGp4AaABAg.9gKP9oJTm-Z9gKUOGl4fYQ,@TheTrendDiaries,"[Video: BOUGHT MY WISHLIST FROM NYKAA | HUGE NYKAA MAKEUP SKINCARE HAUL HOT PINK SALE HAUL #haul #makeup]
Yesss love ❤️ totally",https://www.youtube.com/watch?v=EDGLH7hu2Ys&lc=UgwgHei7ihD9GvcHsGp4AaABAg.9gKP9oJTm-Z9gKUOGl4fYQ,1693467053.125716,Likes: 1,YouTube: BOUGHT MY WISHLIST FROM NYKAA | HUGE NYK,2026-08-31T13:00:53.126059
YouTube,Ugz0QEeJ9myw125mnjB4AaABAg.9gHbSnJZldJ9gHcO33xogq,@TheTrendDiaries,"[Video: BOUGHT MY WISHLIST FROM NYKAA | HUGE NYKAA MAKEUP SKINCARE HAUL HOT PINK SALE HAUL #haul #makeup]
Hehehe … mi casa is good too 😅🫶🏽",https://www.youtube.com/watch?v=EDGLH7hu2Ys&lc=Ugz0QEeJ9myw125mnjB4AaABAg.9gHbSnJZldJ9gHcO33xogq,1693467054.16955,Likes: 1,YouTube: BOUGHT MY WISHLIST FROM NYKAA | HUGE NYK,2026-08-31T13:00:54.169921
YouTube,Ugz0QEeJ9myw125mnjB4AaABAg.9gHbSnJZldJ9gHjHFF9JCl,@Lexi-u5y5i,"[Video: BOUGHT MY WISHLIST FROM NYKAA | HUGE NYKAA MAKEUP SKINCARE HAUL HOT PINK SALE HAUL #haul #makeup]
 @TheTrendDiaries  yaaa",https://www.youtube.com/watch?v=EDGLH7hu2Ys&lc=Ugz0QEeJ9myw125mnjB4AaABAg.9gHbSnJZldJ9gHjHFF9JCl,1693467054.172847,Likes: 0,YouTube: BOUGHT MY WISHLIST FROM NYKAA | HUGE NYK,2026-08-31T13:00:54.173179
YouTube,Ugx0HxaTa10tXj7DaGJ4AaABAg.9gH3_FB9uyv9gH6jI_j2z8,@TheTrendDiaries,"[Video: BOUGHT MY WISHLIST FROM NYKAA | HUGE NYKAA MAKEUP SKINCARE HAUL HOT PINK SALE HAUL #haul #makeup]
💯",https://www.youtube.com/watch?v=EDGLH7hu2Ys&lc=Ugx0HxaTa10tXj7DaGJ4AaABAg.9gH3_FB9uyv9gH6jI_j2z8,1693467054.475657,Likes: 1,YouTube: BOUGHT MY WISHLIST FROM NYKAA | HUGE NYK,2026-08-31T13:00:54.476109
YouTube,Ugxo06NAxqeE44Wm5Bx4AaABAg.9gGZtqPWkMf9gH6nfR6cC3,@TheTrendDiaries,"[Video: BOUGHT MY WISHLIST FROM NYKAA | HUGE NYKAA MAKEUP SKINCARE HAUL HOT PINK SALE HAUL #haul #makeup]
🫣 minis are better",https://www.youtube.com/watch?v=EDGLH7hu2Ys&lc=Ugxo06NAxqeE44Wm5Bx4AaABAg.9gGZtqPWkMf9gH6nfR6cC3,1693467054.782879,Likes: 0,YouTube: BOUGHT MY WISHLIST FROM NYKAA | HUGE NYK,2026-08-31T13:00:54.783137
YouTube,Ugzn2M40_q_M7nzogqB4AaABAg,@sanobarshaikh3271,"[Video: BOUGHT MY WISHLIST FROM NYKAA | HUGE NYKAA MAKEUP SKINCARE HAUL HOT PINK SALE HAUL #haul #makeup]
I love how you speak Hindi in between would love to hear more from you in hindi also I miss long Nidhis lipstick videos too ❤and as always 🔥",https://www.youtube.com/watch?v=EDGLH7hu2Ys&lc=Ugzn2M40_q_M7nzogqB4AaABAg,1693467055.214394,Likes: 0,YouTube: BOUGHT MY WISHLIST FROM NYKAA | HUGE NYK,2026-08-31T13:00:55.214732
YouTube,Ugzcz_qR07yfJ1QkU0V4AaABAg,@priyankapati8496,"[Video: BOUGHT MY WISHLIST FROM NYKAA | HUGE NYKAA MAKEUP SKINCARE HAUL HOT PINK SALE HAUL #haul #makeup]
Such a nice video…. Meko bahat jyada pasand aaya sab products…..n i love the pac lipstick …. Di plzz i want to have one❤❤❤❤",https://www.youtube.com/watch?v=EDGLH7hu2Ys&lc=Ugzcz_qR07yfJ1QkU0V4AaABAg,1693467055.217524,Likes: 0,YouTube: BOUGHT MY WISHLIST FROM NYKAA | HUGE NYK,2026-08-31T13:00:55.217884
YouTube,UgzV7BXzR5B6dcqpxgV4AaABAg,@ankitabansal8137,"[Video: BOUGHT MY WISHLIST FROM NYKAA | HUGE NYKAA MAKEUP SKINCARE HAUL HOT PINK SALE HAUL #haul #makeup]
Nidhi u are my favvvvv among all the beauty influencers🥰🥰🥰🥰🥰🥰",https://www.youtube.com/watch?v=EDGLH7hu2Ys&lc=UgzV7BXzR5B6dcqpxgV4AaABAg,1693467055.220751,Likes: 0,YouTube: BOUGHT MY WISHLIST FROM NYKAA | HUGE NYK,2026-08-31T13:00:55.221107
YouTube,Ugx6aRHTKR5QL6SC-BR4AaABAg,@sayma_0829_,"[Video: BOUGHT MY WISHLIST FROM NYKAA | HUGE NYKAA MAKEUP SKINCARE HAUL HOT PINK SALE HAUL #haul #makeup]
Hello di i love your hule video and i love your every VIDEO dii ❣️😇😇😇  you are so hardworking and nice person dii  and i love your lipsticks  lots of love❤✨✨",https://www.youtube.com/watch?v=EDGLH7hu2Ys&lc=Ugx6aRHTKR5QL6SC-BR4AaABAg,1693467055.223961,Likes: 0,YouTube: BOUGHT MY WISHLIST FROM NYKAA | HUGE NYK,2026-08-31T13:00:55.224362
YouTube,UgwI-R_L9XcFPUy9eJ94AaABAg,@Athena2020-o5f,"[Video: BOUGHT MY WISHLIST FROM NYKAA | HUGE NYKAA MAKEUP SKINCARE HAUL HOT PINK SALE HAUL #haul #makeup]
U r so frank n candid .... not mny youtubers do that .... ❤️👍",https://www.youtube.com/watch?v=EDGLH7hu2Ys&lc=UgwI-R_L9XcFPUy9eJ94AaABAg,1693467055.227059,Likes: 0,YouTube: BOUGHT MY WISHLIST FROM NYKAA | HUGE NYK,2026-08-31T13:00:55.227356
YouTube,UgxbamOti6XT1ja3lLN4AaABAg,@bipasha_chakraborty24,"[Video: BOUGHT MY WISHLIST FROM NYKAA | HUGE NYKAA MAKEUP SKINCARE HAUL HOT PINK SALE HAUL #haul #makeup]
nidhi your skin is just wowww now😍😍 hey now which shade of fit me foundation do you use?? plz plz share",https://www.youtube.com/watch?v=EDGLH7hu2Ys&lc=UgxbamOti6XT1ja3lLN4AaABAg,1693467055.230003,Likes: 0,YouTube: BOUGHT MY WISHLIST FROM NYKAA | HUGE NYK,2026-08-31T13:00:55.230328
YouTube,Ugz2blnfG02lRN3dgMl4AaABAg,@DineshKumar-qr1yc,"[Video: BOUGHT MY WISHLIST FROM NYKAA | HUGE NYKAA MAKEUP SKINCARE HAUL HOT PINK SALE HAUL #haul #makeup]
Dii mars ki or shadow palette launch Hui Hai Mars City Paradise Karke naam hai please Unka bhi review kijiye",https://www.youtube.com/watch?v=EDGLH7hu2Ys&lc=Ugz2blnfG02lRN3dgMl4AaABAg,1693467055.232915,Likes: 1,YouTube: BOUGHT MY WISHLIST FROM NYKAA | HUGE NYK,2026-08-31T13:00:55.233260
YouTube,UgyCciIVXxUbLR1SIhd4AaABAg,@taniyamukherjee6688,"[Video: BOUGHT MY WISHLIST FROM NYKAA | HUGE NYKAA MAKEUP SKINCARE HAUL HOT PINK SALE HAUL #haul #makeup]
Please do a review of the Pac Timeless matte lipstick. I want to buy but would not without seeing some reviews on the formula.",https://www.youtube.com/watch?v=EDGLH7hu2Ys&lc=UgyCciIVXxUbLR1SIhd4AaABAg,1693467055.236046,Likes: 1,YouTube: BOUGHT MY WISHLIST FROM NYKAA | HUGE NYK,2026-08-31T13:00:55.236416
YouTube,Ugxig-vs2i689Tgpbsh4AaABAg,@hasinakoylewala7523,"[Video: BOUGHT MY WISHLIST FROM NYKAA | HUGE NYKAA MAKEUP SKINCARE HAUL HOT PINK SALE HAUL #haul #makeup]
❤❤❤👍",https://www.youtube.com/watch?v=EDGLH7hu2Ys&lc=Ugxig-vs2i689Tgpbsh4AaABAg,1693467055.239278,Likes: 0,YouTube: BOUGHT MY WISHLIST FROM NYKAA | HUGE NYK,2026-08-31T13:00:55.239576
YouTube,Ugze7wxix9Ioz2uSkj14AaABAg,@ruthrupawate4435,"[Video: BOUGHT MY WISHLIST FROM NYKAA | HUGE NYKAA MAKEUP SKINCARE HAUL HOT PINK SALE HAUL #haul #makeup]
u r such a fun loving trendy girl 👍👍👍which u radiate in ur videos hep & happy 💞💖💞🌟🥳😘  oh yes ur backdrop is superb with the bamboo🪴 on one side & the lovely 🚨 light effect on the other 💯🌟💯 also nice to see new launches some swatches 😘🤩🤩👏👏 ur honest reviews all in all a fun loving entertaining video 😊😊❤️😊😊",https://www.youtube.com/watch?v=EDGLH7hu2Ys&lc=Ugze7wxix9Ioz2uSkj14AaABAg,1693467055.242332,Likes: 1,YouTube: BOUGHT MY WISHLIST FROM NYKAA | HUGE NYK,2026-08-31T13:00:55.242700
YouTube,UgwIlcmomc-MvGkNaJh4AaABAg,@suchetajana8828,"[Video: BOUGHT MY WISHLIST FROM NYKAA | HUGE NYKAA MAKEUP SKINCARE HAUL HOT PINK SALE HAUL #haul #makeup]
Plz make lipstick swatch video & makeup video also... 🥺🥺🥺",https://www.youtube.com/watch?v=EDGLH7hu2Ys&lc=UgwIlcmomc-MvGkNaJh4AaABAg,1693467055.245374,Likes: 0,YouTube: BOUGHT MY WISHLIST FROM NYKAA | HUGE NYK,2026-08-31T13:00:55.245675
YouTube,UgwSKBho9Jz90a3ONah4AaABAg,@torealskin,"[Video: BOUGHT MY WISHLIST FROM NYKAA | HUGE NYKAA MAKEUP SKINCARE HAUL HOT PINK SALE HAUL #haul #makeup]
I bought mini sized smashbox stepping out.
It literally dried out in 2 weeeks bro! Its really disappointing. I cant even apply that lipstick.  Please let me know some solution",https://www.youtube.com/watch?v=EDGLH7hu2Ys&lc=UgwSKBho9Jz90a3ONah4AaABAg,1693467055.248375,Likes: 0,YouTube: BOUGHT MY WISHLIST FROM NYKAA | HUGE NYK,2026-08-31T13:00:55.248733
YouTube,Ugwruydo5f8HYV3tmjt4AaABAg,@shwetasharma-sf5kv,"[Video: BOUGHT MY WISHLIST FROM NYKAA | HUGE NYKAA MAKEUP SKINCARE HAUL HOT PINK SALE HAUL #haul #makeup]
Suggest me best best foundation for dry normal skin and kaun sa foundation apka fev hai party ya kisi occasion ke liye",https://www.youtube.com/watch?v=EDGLH7hu2Ys&lc=Ugwruydo5f8HYV3tmjt4AaABAg,1693467055.251564,Likes: 0,YouTube: BOUGHT MY WISHLIST FROM NYKAA | HUGE NYK,2026-08-31T13:00:55.251887
YouTube,Ugw4nz41CfAYkq2toeN4AaABAg,@reshmagupta7421,"[Video: BOUGHT MY WISHLIST FROM NYKAA | HUGE NYKAA MAKEUP SKINCARE HAUL HOT PINK SALE HAUL #haul #makeup]
Try out loud it’s a beautiful shade",https://www.youtube.com/watch?v=EDGLH7hu2Ys&lc=Ugw4nz41CfAYkq2toeN4AaABAg,1693467055.254955,Likes: 0,YouTube: BOUGHT MY WISHLIST FROM NYKAA | HUGE NYK,2026-08-31T13:00:55.255298
YouTube,UgzpBQpHaCR90n77jqJ4AaABAg,@Ripjaws3199,"[Video: BOUGHT MY WISHLIST FROM NYKAA | HUGE NYKAA MAKEUP SKINCARE HAUL HOT PINK SALE HAUL #haul #makeup]
Girl you're so much relatable! Some products are just worth the money that thoda dard halka ho jata hai! 😂😂Can you please do a swatch video of the pac timeless matte lipsticks? I just checked nykaa they have just launched and some of the shades are just calling my name!!😂😅😍, but I couldn't find a single swatch video on these!",https://www.youtube.com/watch?v=EDGLH7hu2Ys&lc=UgzpBQpHaCR90n77jqJ4AaABAg,1693467055.258073,Likes: 0,YouTube: BOUGHT MY WISHLIST FROM NYKAA | HUGE NYK,2026-08-31T13:00:55.258484
YouTube,UgzCT1dwmtzTtt7xFv94AaABAg,@suboohi,"[Video: BOUGHT MY WISHLIST FROM NYKAA | HUGE NYKAA MAKEUP SKINCARE HAUL HOT PINK SALE HAUL #haul #makeup]
Could you please do a full fledged review of PAC cover shadow pallete. I’m planning on buying this but its expensive.",https://www.youtube.com/watch?v=EDGLH7hu2Ys&lc=UgzCT1dwmtzTtt7xFv94AaABAg,1693467055.261214,Likes: 0,YouTube: BOUGHT MY WISHLIST FROM NYKAA | HUGE NYK,2026-08-31T13:00:55.261520
YouTube,UgwRqmzUEnQAJ4Rg2UV4AaABAg,@najeemanaju7605,"[Video: BOUGHT MY WISHLIST FROM NYKAA | HUGE NYKAA MAKEUP SKINCARE HAUL HOT PINK SALE HAUL #haul #makeup]
Plz do ur vanity tour... Back in the day u stored ur makeup products in some cardboard boxes.. Now u build ur own vanity.... Soooooo happy n proud of you darling.... U desreve more n stay happy dear 🤗",https://www.youtube.com/watch?v=EDGLH7hu2Ys&lc=UgwRqmzUEnQAJ4Rg2UV4AaABAg,1693467055.264255,Likes: 1,YouTube: BOUGHT MY WISHLIST FROM NYKAA | HUGE NYK,2026-08-31T13:00:55.264654
YouTube,UgzSdWPOLMwg6Xhk0pJ4AaABAg,@prakritiuniverse1069,"[Video: BOUGHT MY WISHLIST FROM NYKAA | HUGE NYKAA MAKEUP SKINCARE HAUL HOT PINK SALE HAUL #haul #makeup]
Is warm sand similar to Maybelline caramel shade?",https://www.youtube.com/watch?v=EDGLH7hu2Ys&lc=UgzSdWPOLMwg6Xhk0pJ4AaABAg,1693467055.267773,Likes: 0,YouTube: BOUGHT MY WISHLIST FROM NYKAA | HUGE NYK,2026-08-31T13:00:55.268057
YouTube,Ugza1vFe_uulVM9QoKN4AaABAg,@prakritiuniverse1069,"[Video: BOUGHT MY WISHLIST FROM NYKAA | HUGE NYKAA MAKEUP SKINCARE HAUL HOT PINK SALE HAUL #haul #makeup]
Please recommend a red lipstick with pink undertone under 500.",https://www.youtube.com/watch?v=EDGLH7hu2Ys&lc=Ugza1vFe_uulVM9QoKN4AaABAg,1693467055.270914,Likes: 0,YouTube: BOUGHT MY WISHLIST FROM NYKAA | HUGE NYK,2026-08-31T13:00:55.271384
YouTube,UgxE32yKA75XS6xIXlF4AaABAg,@ishaaggarwal7513,"[Video: BOUGHT MY WISHLIST FROM NYKAA | HUGE NYKAA MAKEUP SKINCARE HAUL HOT PINK SALE HAUL #haul #makeup]
Like me,you are also a suckered for duochromes 😅😅before festive season do bodymists haul also...",https://www.youtube.com/watch?v=EDGLH7hu2Ys&lc=UgxE32yKA75XS6xIXlF4AaABAg,1693467055.274332,Likes: 1,YouTube: BOUGHT MY WISHLIST FROM NYKAA | HUGE NYK,2026-08-31T13:00:55.274679
YouTube,Ugzn2M40_q_M7nzogqB4AaABAg.9gFscU21yXz9gH6rACFF8I,@TheTrendDiaries,"[Video: BOUGHT MY WISHLIST FROM NYKAA | HUGE NYKAA MAKEUP SKINCARE HAUL HOT PINK SALE HAUL #haul #makeup]
Tysm love 💕",https://www.youtube.com/watch?v=EDGLH7hu2Ys&lc=Ugzn2M40_q_M7nzogqB4AaABAg.9gFscU21yXz9gH6rACFF8I,1693467055.603955,Likes: 0,YouTube: BOUGHT MY WISHLIST FROM NYKAA | HUGE NYK,2026-08-31T13:00:55.604350
YouTube,UgzV7BXzR5B6dcqpxgV4AaABAg.9gFZ9r9fOWu9gH6qJL1kla,@TheTrendDiaries,"[Video: BOUGHT MY WISHLIST FROM NYKAA | HUGE NYKAA MAKEUP SKINCARE HAUL HOT PINK SALE HAUL #haul #makeup]
🥳🥳💕🫶🏽",https://www.youtube.com/watch?v=EDGLH7hu2Ys&lc=UgzV7BXzR5B6dcqpxgV4AaABAg.9gFZ9r9fOWu9gH6qJL1kla,1693467055.898353,Likes: 0,YouTube: BOUGHT MY WISHLIST FROM NYKAA | HUGE NYK,2026-08-31T13:00:55.898648
YouTube,Ugx6aRHTKR5QL6SC-BR4AaABAg.9gFP6txMPaA9gH6s7_3HHc,@TheTrendDiaries,"[Video: BOUGHT MY WISHLIST FROM NYKAA | HUGE NYKAA MAKEUP SKINCARE HAUL HOT PINK SALE HAUL #haul #makeup]
🫶🏽💕",https://www.youtube.com/watch?v=EDGLH7hu2Ys&lc=Ugx6aRHTKR5QL6SC-BR4AaABAg.9gFP6txMPaA9gH6s7_3HHc,1693467056.257008,Likes: 0,YouTube: BOUGHT MY WISHLIST FROM NYKAA | HUGE NYK,2026-08-31T13:00:56.257255
YouTube,UgwI-R_L9XcFPUy9eJ94AaABAg.9gFLgqoMyNB9gH6tZeJyH9,@TheTrendDiaries,"[Video: BOUGHT MY WISHLIST FROM NYKAA | HUGE NYKAA MAKEUP SKINCARE HAUL HOT PINK SALE HAUL #haul #makeup]
Aww thanks love 💕",https://www.youtube.com/watch?v=EDGLH7hu2Ys&lc=UgwI-R_L9XcFPUy9eJ94AaABAg.9gFLgqoMyNB9gH6tZeJyH9,1693467056.689579,Likes: 0,YouTube: BOUGHT MY WISHLIST FROM NYKAA | HUGE NYK,2026-08-31T13:00:56.689798
YouTube,UgxbamOti6XT1ja3lLN4AaABAg.9gFLdFkBua39gH7-fg8gF2,@TheTrendDiaries,"[Video: BOUGHT MY WISHLIST FROM NYKAA | HUGE NYKAA MAKEUP SKINCARE HAUL HOT PINK SALE HAUL #haul #makeup]
I mix 228 and 332 
322 was my perfect match which they discontinued 
I’m 312 in superstay",https://www.youtube.com/watch?v=EDGLH7hu2Ys&lc=UgxbamOti6XT1ja3lLN4AaABAg.9gFLdFkBua39gH7-fg8gF2,1693467056.990511,Likes: 0,YouTube: BOUGHT MY WISHLIST FROM NYKAA | HUGE NYK,2026-08-31T13:00:56.990867
YouTube,UgxbamOti6XT1ja3lLN4AaABAg.9gFLdFkBua39gH7LBEO0KL,@bipasha_chakraborty24,"[Video: BOUGHT MY WISHLIST FROM NYKAA | HUGE NYKAA MAKEUP SKINCARE HAUL HOT PINK SALE HAUL #haul #makeup]
 @TheTrendDiaries  can you tell me which shade is yellow toned??",https://www.youtube.com/watch?v=EDGLH7hu2Ys&lc=UgxbamOti6XT1ja3lLN4AaABAg.9gFLdFkBua39gH7LBEO0KL,1693467056.993999,Likes: 0,YouTube: BOUGHT MY WISHLIST FROM NYKAA | HUGE NYK,2026-08-31T13:00:56.994357
YouTube,Ugz2blnfG02lRN3dgMl4AaABAg.9gFLbmBn5qW9gFQHH49wY1,@TheTrendDiaries,"[Video: BOUGHT MY WISHLIST FROM NYKAA | HUGE NYKAA MAKEUP SKINCARE HAUL HOT PINK SALE HAUL #haul #makeup]
Actually they told me that would be sent in pr so didn’t purchase",https://www.youtube.com/watch?v=EDGLH7hu2Ys&lc=Ugz2blnfG02lRN3dgMl4AaABAg.9gFLbmBn5qW9gFQHH49wY1,1693467057.433506,Likes: 0,YouTube: BOUGHT MY WISHLIST FROM NYKAA | HUGE NYK,2026-08-31T13:00:57.434096
YouTube,UgwSKBho9Jz90a3ONah4AaABAg.9gFATEN8f-l9gH79hibLDI,@TheTrendDiaries,"[Video: BOUGHT MY WISHLIST FROM NYKAA | HUGE NYKAA MAKEUP SKINCARE HAUL HOT PINK SALE HAUL #haul #makeup]
What really..!!! I bought it too in the sale but hardly used it once 
Now I have to check the tube 😅 after reading this comment",https://www.youtube.com/watch?v=EDGLH7hu2Ys&lc=UgwSKBho9Jz90a3ONah4AaABAg.9gFATEN8f-l9gH79hibLDI,1693467057.856785,Likes: 0,YouTube: BOUGHT MY WISHLIST FROM NYKAA | HUGE NYK,2026-08-31T13:00:57.857356
YouTube,UgwSKBho9Jz90a3ONah4AaABAg.9gFATEN8f-l9gH8urz0dqZ,@torealskin,"[Video: BOUGHT MY WISHLIST FROM NYKAA | HUGE NYKAA MAKEUP SKINCARE HAUL HOT PINK SALE HAUL #haul #makeup]
 @TheTrendDiaries  haha, idk why it is drying so quickly.",https://www.youtube.com/watch?v=EDGLH7hu2Ys&lc=UgwSKBho9Jz90a3ONah4AaABAg.9gFATEN8f-l9gH8urz0dqZ,1693467057.861656,Likes: 0,YouTube: BOUGHT MY WISHLIST FROM NYKAA | HUGE NYK,2026-08-31T13:00:57.862230
YouTube,Ugwruydo5f8HYV3tmjt4AaABAg.9gF9csEOXFN9gFQP_pYxNl,@TheTrendDiaries,"[Video: BOUGHT MY WISHLIST FROM NYKAA | HUGE NYKAA MAKEUP SKINCARE HAUL HOT PINK SALE HAUL #haul #makeup]
Nykaa matte foundation new one (it’s actually a dewy finish) , Renee liquid foundation",https://www.youtube.com/watch?v=EDGLH7hu2Ys&lc=Ugwruydo5f8HYV3tmjt4AaABAg.9gF9csEOXFN9gFQP_pYxNl,1693467058.199883,Likes: 0,YouTube: BOUGHT MY WISHLIST FROM NYKAA | HUGE NYK,2026-08-31T13:00:58.200203
YouTube,UgzpBQpHaCR90n77jqJ4AaABAg.9gF4j4Cm1W-9gH7E3gXcVs,@TheTrendDiaries,"[Video: BOUGHT MY WISHLIST FROM NYKAA | HUGE NYKAA MAKEUP SKINCARE HAUL HOT PINK SALE HAUL #haul #makeup]
Sure💯",https://www.youtube.com/watch?v=EDGLH7hu2Ys&lc=UgzpBQpHaCR90n77jqJ4AaABAg.9gF4j4Cm1W-9gH7E3gXcVs,1693467058.674793,Likes: 0,YouTube: BOUGHT MY WISHLIST FROM NYKAA | HUGE NYK,2026-08-31T13:00:58.675195
YouTube,UgzCT1dwmtzTtt7xFv94AaABAg.9gF-RlwToEm9gH7GGobh8B,@TheTrendDiaries,"[Video: BOUGHT MY WISHLIST FROM NYKAA | HUGE NYKAA MAKEUP SKINCARE HAUL HOT PINK SALE HAUL #haul #makeup]
It’s so good 😊 💜will do",https://www.youtube.com/watch?v=EDGLH7hu2Ys&lc=UgzCT1dwmtzTtt7xFv94AaABAg.9gF-RlwToEm9gH7GGobh8B,1693467059.011766,Likes: 1,YouTube: BOUGHT MY WISHLIST FROM NYKAA | HUGE NYK,2026-08-31T13:00:59.012196
YouTube,UgzCT1dwmtzTtt7xFv94AaABAg.9gF-RlwToEm9gH9RGVG3Ld,@suboohi,"[Video: BOUGHT MY WISHLIST FROM NYKAA | HUGE NYKAA MAKEUP SKINCARE HAUL HOT PINK SALE HAUL #haul #makeup]
 @TheTrendDiaries  Thanks💟",https://www.youtube.com/watch?v=EDGLH7hu2Ys&lc=UgzCT1dwmtzTtt7xFv94AaABAg.9gF-RlwToEm9gH9RGVG3Ld,1693467059.015166,Likes: 0,YouTube: BOUGHT MY WISHLIST FROM NYKAA | HUGE NYK,2026-08-31T13:00:59.015478
YouTube,UgwRqmzUEnQAJ4Rg2UV4AaABAg.9gEwK-ww7Xb9gF35a8GYLC,@TheTrendDiaries,"[Video: BOUGHT MY WISHLIST FROM NYKAA | HUGE NYKAA MAKEUP SKINCARE HAUL HOT PINK SALE HAUL #haul #makeup]
Ikkkkkkr … omg .. still feels so nostalgic 🥹🥹🫶🏽💕",https://www.youtube.com/watch?v=EDGLH7hu2Ys&lc=UgwRqmzUEnQAJ4Rg2UV4AaABAg.9gEwK-ww7Xb9gF35a8GYLC,1693467059.330609,Likes: 0,YouTube: BOUGHT MY WISHLIST FROM NYKAA | HUGE NYK,2026-08-31T13:00:59.330895
YouTube,UgzSdWPOLMwg6Xhk0pJ4AaABAg.9gEwJVIDpgd9gF3EIHe2uF,@TheTrendDiaries,"[Video: BOUGHT MY WISHLIST FROM NYKAA | HUGE NYKAA MAKEUP SKINCARE HAUL HOT PINK SALE HAUL #haul #makeup]
Very close … maybelline is slight warmer",https://www.youtube.com/watch?v=EDGLH7hu2Ys&lc=UgzSdWPOLMwg6Xhk0pJ4AaABAg.9gEwJVIDpgd9gF3EIHe2uF,1693467059.658694,Likes: 0,YouTube: BOUGHT MY WISHLIST FROM NYKAA | HUGE NYK,2026-08-31T13:00:59.658948
YouTube,Ugza1vFe_uulVM9QoKN4AaABAg.9gEvswprOrt9gF5U9eL8BL,@TheTrendDiaries,"[Video: BOUGHT MY WISHLIST FROM NYKAA | HUGE NYKAA MAKEUP SKINCARE HAUL HOT PINK SALE HAUL #haul #makeup]
Faces - magnificent red 01
Cherry on top - plum goodness liq lip
Nykaa - mishti 
Swiss beauty super matte - electric
Colorbar - Hollywood
Insight Megalast crayon - 07,08,11",https://www.youtube.com/watch?v=EDGLH7hu2Ys&lc=Ugza1vFe_uulVM9QoKN4AaABAg.9gEvswprOrt9gF5U9eL8BL,1693467060.003553,Likes: 1,YouTube: BOUGHT MY WISHLIST FROM NYKAA | HUGE NYK,2026-08-31T13:01:00.004013
YouTube,Ugza1vFe_uulVM9QoKN4AaABAg.9gEvswprOrt9izOyuKM4Z8,@prakritiuniverse1069,"[Video: BOUGHT MY WISHLIST FROM NYKAA | HUGE NYKAA MAKEUP SKINCARE HAUL HOT PINK SALE HAUL #haul #makeup]
 @TheTrendDiaries  thanks.😘",https://www.youtube.com/watch?v=EDGLH7hu2Ys&lc=Ugza1vFe_uulVM9QoKN4AaABAg.9gEvswprOrt9izOyuKM4Z8,1693467060.007411,Likes: 0,YouTube: BOUGHT MY WISHLIST FROM NYKAA | HUGE NYK,2026-08-31T13:01:00.007758
YouTube,UgxE32yKA75XS6xIXlF4AaABAg.9gEqwfq_XUW9gF3KIYi42_,@TheTrendDiaries,"[Video: BOUGHT MY WISHLIST FROM NYKAA | HUGE NYKAA MAKEUP SKINCARE HAUL HOT PINK SALE HAUL #haul #makeup]
Ik … there’s something to them that I just keep staring at 💕🫶🏽",https://www.youtube.com/watch?v=EDGLH7hu2Ys&lc=UgxE32yKA75XS6xIXlF4AaABAg.9gEqwfq_XUW9gF3KIYi42_,1693467060.312434,Likes: 0,YouTube: BOUGHT MY WISHLIST FROM NYKAA | HUGE NYK,2026-08-31T13:01:00.312772
YouTube,Ugxulttk-A5yJK85sVl4AaABAg,@shruramanathan,"[Video: BOUGHT MY WISHLIST FROM NYKAA | HUGE NYKAA MAKEUP SKINCARE HAUL HOT PINK SALE HAUL #haul #makeup]
Can you please do a swatch party with pac new 85 eyeshadow palette!! Pls dear !! Want to buy it !! 💕",https://www.youtube.com/watch?v=EDGLH7hu2Ys&lc=Ugxulttk-A5yJK85sVl4AaABAg,1693467060.753325,Likes: 0,YouTube: BOUGHT MY WISHLIST FROM NYKAA | HUGE NYK,2026-08-31T13:01:00.753792
YouTube,UgxPNnCdfwxkrAAurfR4AaABAg,@sherindavis6361,"[Video: BOUGHT MY WISHLIST FROM NYKAA | HUGE NYKAA MAKEUP SKINCARE HAUL HOT PINK SALE HAUL #haul #makeup]
Hi
Is rimmel lipstick troublemaker drying ? Is it comfortable for dry lips ? Is it longlasting ?",https://www.youtube.com/watch?v=EDGLH7hu2Ys&lc=UgxPNnCdfwxkrAAurfR4AaABAg,1693467060.757892,Likes: 1,YouTube: BOUGHT MY WISHLIST FROM NYKAA | HUGE NYK,2026-08-31T13:01:00.758276
YouTube,UgzaHMVgjyMowg06NMB4AaABAg,@sowmiyamuralidharan395,"[Video: BOUGHT MY WISHLIST FROM NYKAA | HUGE NYKAA MAKEUP SKINCARE HAUL HOT PINK SALE HAUL #haul #makeup]
Try cookie it will suit you exactly",https://www.youtube.com/watch?v=EDGLH7hu2Ys&lc=UgzaHMVgjyMowg06NMB4AaABAg,1693467060.761324,Likes: 1,YouTube: BOUGHT MY WISHLIST FROM NYKAA | HUGE NYK,2026-08-31T13:01:00.761637
YouTube,UgxWF2wRabim7PvfO-d4AaABAg,@Noob234,"[Video: BOUGHT MY WISHLIST FROM NYKAA | HUGE NYKAA MAKEUP SKINCARE HAUL HOT PINK SALE HAUL #haul #makeup]
How did u manage your money nidhi??",https://www.youtube.com/watch?v=EDGLH7hu2Ys&lc=UgxWF2wRabim7PvfO-d4AaABAg,1693467060.765054,Likes: 0,YouTube: BOUGHT MY WISHLIST FROM NYKAA | HUGE NYK,2026-08-31T13:01:00.765447
YouTube,UgxteMOKvFgAbj-nE4p4AaABAg,@vypanchy,"[Video: BOUGHT MY WISHLIST FROM NYKAA | HUGE NYKAA MAKEUP SKINCARE HAUL HOT PINK SALE HAUL #haul #makeup]
Hey Nidhi, will too faced's concealer in sand suit nc37?",https://www.youtube.com/watch?v=EDGLH7hu2Ys&lc=UgxteMOKvFgAbj-nE4p4AaABAg,1693467060.768437,Likes: 0,YouTube: BOUGHT MY WISHLIST FROM NYKAA | HUGE NYK,2026-08-31T13:01:00.768745
YouTube,UgyRbi5JhNTN45VVZT54AaABAg,@bhargavisawantt,"[Video: BOUGHT MY WISHLIST FROM NYKAA | HUGE NYKAA MAKEUP SKINCARE HAUL HOT PINK SALE HAUL #haul #makeup]
Chestnut gang! 🤍🤍🤍",https://www.youtube.com/watch?v=EDGLH7hu2Ys&lc=UgyRbi5JhNTN45VVZT54AaABAg,1693467060.77165,Likes: 1,YouTube: BOUGHT MY WISHLIST FROM NYKAA | HUGE NYK,2026-08-31T13:01:00.771935
YouTube,UgxZaFBCUmXxBsCDmo54AaABAg,@Mindful00-u6e,"[Video: BOUGHT MY WISHLIST FROM NYKAA | HUGE NYKAA MAKEUP SKINCARE HAUL HOT PINK SALE HAUL #haul #makeup]
What would be your perfect winter shade in Tofaced foundation?",https://www.youtube.com/watch?v=EDGLH7hu2Ys&lc=UgxZaFBCUmXxBsCDmo54AaABAg,1693467060.774874,Likes: 1,YouTube: BOUGHT MY WISHLIST FROM NYKAA | HUGE NYK,2026-08-31T13:01:00.775270
YouTube,Ugzdo6Szup-8O4SpSP54AaABAg,@Mindful00-u6e,"[Video: BOUGHT MY WISHLIST FROM NYKAA | HUGE NYKAA MAKEUP SKINCARE HAUL HOT PINK SALE HAUL #haul #makeup]
Buy smashbox full size liquid lipstick only when you are confident to finish it within 6 months because it dries so fast and hurts so much as it was very expensive 🥺 😢.",https://www.youtube.com/watch?v=EDGLH7hu2Ys&lc=Ugzdo6Szup-8O4SpSP54AaABAg,1693467060.778238,Likes: 24,YouTube: BOUGHT MY WISHLIST FROM NYKAA | HUGE NYK,2026-08-31T13:01:00.778625
YouTube,UgyAfAkMlmH7Cq7l1rZ4AaABAg,@mahivaland5728,"[Video: BOUGHT MY WISHLIST FROM NYKAA | HUGE NYKAA MAKEUP SKINCARE HAUL HOT PINK SALE HAUL #haul #makeup]
Can you just tell me your insight hd concealer shade?? please tell me i realy need that beacause your and my skin tone is same so please nidhi tell me❤️and i love you and your video love so much",https://www.youtube.com/watch?v=EDGLH7hu2Ys&lc=UgyAfAkMlmH7Cq7l1rZ4AaABAg,1693467060.781458,Likes: 1,YouTube: BOUGHT MY WISHLIST FROM NYKAA | HUGE NYK,2026-08-31T13:01:00.781825
YouTube,UgzWtlZ_SzuAGWfQrPh4AaABAg,@BeautyBom12,"[Video: BOUGHT MY WISHLIST FROM NYKAA | HUGE NYKAA MAKEUP SKINCARE HAUL HOT PINK SALE HAUL #haul #makeup]
Please make a video on your makeup collection",https://www.youtube.com/watch?v=EDGLH7hu2Ys&lc=UgzWtlZ_SzuAGWfQrPh4AaABAg,1693467060.784808,Likes: 0,YouTube: BOUGHT MY WISHLIST FROM NYKAA | HUGE NYK,2026-08-31T13:01:00.785107
YouTube,Ugzre3YnNVvZKiRxw8Z4AaABAg,@Royal_kitchen123,"[Video: BOUGHT MY WISHLIST FROM NYKAA | HUGE NYKAA MAKEUP SKINCARE HAUL HOT PINK SALE HAUL #haul #makeup]
Who is the giveaway winner?",https://www.youtube.com/watch?v=EDGLH7hu2Ys&lc=Ugzre3YnNVvZKiRxw8Z4AaABAg,1693467060.787977,Likes: 0,YouTube: BOUGHT MY WISHLIST FROM NYKAA | HUGE NYK,2026-08-31T13:01:00.788310
YouTube,UgywH1p5j3dRJ_GlBW94AaABAg,@BOOM-dv1ds,"[Video: BOUGHT MY WISHLIST FROM NYKAA | HUGE NYKAA MAKEUP SKINCARE HAUL HOT PINK SALE HAUL #haul #makeup]
even m confused for warm sand now ... its to warm ...cn uh share the shade match uh perfectly ..so that paise bach jayege",https://www.youtube.com/watch?v=EDGLH7hu2Ys&lc=UgywH1p5j3dRJ_GlBW94AaABAg,1693467060.791346,Likes: 0,YouTube: BOUGHT MY WISHLIST FROM NYKAA | HUGE NYK,2026-08-31T13:01:00.791689
YouTube,Ugzv_aBf1E-pjST7lBl4AaABAg,@BOOM-dv1ds,"[Video: BOUGHT MY WISHLIST FROM NYKAA | HUGE NYKAA MAKEUP SKINCARE HAUL HOT PINK SALE HAUL #haul #makeup]
finally nykaa haul .. m disparately waitng for ur exact shade match of ur two faced conceler ..as if uh told about the shade between sand and warm sand ..can uh pls mention the shade u was taking about so it could easy for me too to find my shade ,,even sand it to light for me and m ur skintone ..pls share",https://www.youtube.com/watch?v=EDGLH7hu2Ys&lc=Ugzv_aBf1E-pjST7lBl4AaABAg,1693467060.794509,Likes: 1,YouTube: BOUGHT MY WISHLIST FROM NYKAA | HUGE NYK,2026-08-31T13:01:00.794929
YouTube,Ugxh6JvyPLQFEXb0wg54AaABAg,@tejaswini9457,"[Video: BOUGHT MY WISHLIST FROM NYKAA | HUGE NYKAA MAKEUP SKINCARE HAUL HOT PINK SALE HAUL #haul #makeup]
Love u Nidhi, I always buy acc to ur suggestion as it suits PERFECTLY TO ME And u always be genuine vh I love the most ❤❤❤",https://www.youtube.com/watch?v=EDGLH7hu2Ys&lc=Ugxh6JvyPLQFEXb0wg54AaABAg,1693467060.797653,Likes: 0,YouTube: BOUGHT MY WISHLIST FROM NYKAA | HUGE NYK,2026-08-31T13:01:00.797974
YouTube,UgyteXmqxNH8qafrqNl4AaABAg,@MitikaVishwakarma,"[Video: BOUGHT MY WISHLIST FROM NYKAA | HUGE NYKAA MAKEUP SKINCARE HAUL HOT PINK SALE HAUL #haul #makeup]
Did u announce giveaway winners?",https://www.youtube.com/watch?v=EDGLH7hu2Ys&lc=UgyteXmqxNH8qafrqNl4AaABAg,1693467060.800839,Likes: 2,YouTube: BOUGHT MY WISHLIST FROM NYKAA | HUGE NYK,2026-08-31T13:01:00.801190
YouTube,UgzbquJPo678LQxzDl94AaABAg,@anweshadas2339,"[Video: BOUGHT MY WISHLIST FROM NYKAA | HUGE NYKAA MAKEUP SKINCARE HAUL HOT PINK SALE HAUL #haul #makeup]
I couldn't find the Mars makeup kit on Mars Website...",https://www.youtube.com/watch?v=EDGLH7hu2Ys&lc=UgzbquJPo678LQxzDl94AaABAg,1693467060.803886,Likes: 0,YouTube: BOUGHT MY WISHLIST FROM NYKAA | HUGE NYK,2026-08-31T13:01:00.804232
YouTube,UgzcI4qL8eZEZsI2bcB4AaABAg,@sabaperween9638,"[Video: BOUGHT MY WISHLIST FROM NYKAA | HUGE NYKAA MAKEUP SKINCARE HAUL HOT PINK SALE HAUL #haul #makeup]
Love your videos",https://www.youtube.com/watch?v=EDGLH7hu2Ys&lc=UgzcI4qL8eZEZsI2bcB4AaABAg,1693467060.807208,Likes: 0,YouTube: BOUGHT MY WISHLIST FROM NYKAA | HUGE NYK,2026-08-31T13:01:00.807509
YouTube,UgxfZMKeZz7BkEKLsaV4AaABAg,@theverified,"[Video: BOUGHT MY WISHLIST FROM NYKAA | HUGE NYKAA MAKEUP SKINCARE HAUL HOT PINK SALE HAUL #haul #makeup]
Wohooo.. i luvvv thisss BG♥️♥️♥️♥️♥️",https://www.youtube.com/watch?v=EDGLH7hu2Ys&lc=UgxfZMKeZz7BkEKLsaV4AaABAg,1693467060.810316,Likes: 0,YouTube: BOUGHT MY WISHLIST FROM NYKAA | HUGE NYK,2026-08-31T13:01:00.810802
YouTube,UgxOrS_vkJAASFdPp6d4AaABAg,@sanjusalunkhe2877,"[Video: BOUGHT MY WISHLIST FROM NYKAA | HUGE NYKAA MAKEUP SKINCARE HAUL HOT PINK SALE HAUL #haul #makeup]
Awesome nyka haul dear... Aap hamesha achhe he haul late ho ...muje lipstick shead bohot achhe lage...n eyeshadow palette 🎨 1 nom dikh raha tha..bada hi colour full..blush.. primer... Maskara.
Overall amazing haul laga... thanks 🙏🙏🙏🙏",https://www.youtube.com/watch?v=EDGLH7hu2Ys&lc=UgxOrS_vkJAASFdPp6d4AaABAg,1693467060.813767,Likes: 2,YouTube: BOUGHT MY WISHLIST FROM NYKAA | HUGE NYK,2026-08-31T13:01:00.814268
YouTube,Ugxuds3qRXUbcRofCJ54AaABAg,@kadeejashamna466,"[Video: BOUGHT MY WISHLIST FROM NYKAA | HUGE NYKAA MAKEUP SKINCARE HAUL HOT PINK SALE HAUL #haul #makeup]
Heyy ❤️ can you please suggest one best mini eyeshadow from Huda beauty",https://www.youtube.com/watch?v=EDGLH7hu2Ys&lc=Ugxuds3qRXUbcRofCJ54AaABAg,1693467060.816976,Likes: 0,YouTube: BOUGHT MY WISHLIST FROM NYKAA | HUGE NYK,2026-08-31T13:01:00.817291
YouTube,UgxPNnCdfwxkrAAurfR4AaABAg.9gEoUnjec289gEpirQaRbe,@TheTrendDiaries,"[Video: BOUGHT MY WISHLIST FROM NYKAA | HUGE NYKAA MAKEUP SKINCARE HAUL HOT PINK SALE HAUL #haul #makeup]
Long lasting and comfortable",https://www.youtube.com/watch?v=EDGLH7hu2Ys&lc=UgxPNnCdfwxkrAAurfR4AaABAg.9gEoUnjec289gEpirQaRbe,1693467061.197282,Likes: 1,YouTube: BOUGHT MY WISHLIST FROM NYKAA | HUGE NYK,2026-08-31T13:01:01.197744
YouTube,UgxWF2wRabim7PvfO-d4AaABAg.9gEmnavhPA29gEndX6gO9B,@TheTrendDiaries,"[Video: BOUGHT MY WISHLIST FROM NYKAA | HUGE NYKAA MAKEUP SKINCARE HAUL HOT PINK SALE HAUL #haul #makeup]
I’ve shopped after 7 months 
In this way 🥹",https://www.youtube.com/watch?v=EDGLH7hu2Ys&lc=UgxWF2wRabim7PvfO-d4AaABAg.9gEmnavhPA29gEndX6gO9B,1693467061.484517,Likes: 1,YouTube: BOUGHT MY WISHLIST FROM NYKAA | HUGE NYK,2026-08-31T13:01:01.484835
YouTube,UgxWF2wRabim7PvfO-d4AaABAg.9gEmnavhPA29gF7xjepXzN,@Noob234,"[Video: BOUGHT MY WISHLIST FROM NYKAA | HUGE NYKAA MAKEUP SKINCARE HAUL HOT PINK SALE HAUL #haul #makeup]
 @TheTrendDiaries  but how do you stop yourself getting intrigued to buy it asap?",https://www.youtube.com/watch?v=EDGLH7hu2Ys&lc=UgxWF2wRabim7PvfO-d4AaABAg.9gEmnavhPA29gF7xjepXzN,1693467061.487973,Likes: 0,YouTube: BOUGHT MY WISHLIST FROM NYKAA | HUGE NYK,2026-08-31T13:01:01.488352
YouTube,UgxteMOKvFgAbj-nE4p4AaABAg.9gElk9_N6sj9gEnfH3KOae,@TheTrendDiaries,"[Video: BOUGHT MY WISHLIST FROM NYKAA | HUGE NYKAA MAKEUP SKINCARE HAUL HOT PINK SALE HAUL #haul #makeup]
I think it would",https://www.youtube.com/watch?v=EDGLH7hu2Ys&lc=UgxteMOKvFgAbj-nE4p4AaABAg.9gElk9_N6sj9gEnfH3KOae,1693467061.897867,Likes: 0,YouTube: BOUGHT MY WISHLIST FROM NYKAA | HUGE NYK,2026-08-31T13:01:01.898447
YouTube,UgxteMOKvFgAbj-nE4p4AaABAg.9gElk9_N6sj9gF3L4i_77i,@vypanchy,"[Video: BOUGHT MY WISHLIST FROM NYKAA | HUGE NYKAA MAKEUP SKINCARE HAUL HOT PINK SALE HAUL #haul #makeup]
 @TheTrendDiaries  thank you, what about the NYX can't stop won't stop concealer in the new shade you bought, neutral buff was it? Will that suit nc37, and which one is darker, the NYX one or the too faced one?🤍",https://www.youtube.com/watch?v=EDGLH7hu2Ys&lc=UgxteMOKvFgAbj-nE4p4AaABAg.9gElk9_N6sj9gF3L4i_77i,1693467061.902945,Likes: 0,YouTube: BOUGHT MY WISHLIST FROM NYKAA | HUGE NYK,2026-08-31T13:01:01.903596
YouTube,UgxZaFBCUmXxBsCDmo54AaABAg.9gEl5sKCoLV9gEpmD48hrP,@TheTrendDiaries,"[Video: BOUGHT MY WISHLIST FROM NYKAA | HUGE NYKAA MAKEUP SKINCARE HAUL HOT PINK SALE HAUL #haul #makeup]
Warm beige",https://www.youtube.com/watch?v=EDGLH7hu2Ys&lc=UgxZaFBCUmXxBsCDmo54AaABAg.9gEl5sKCoLV9gEpmD48hrP,1693467062.258238,Likes: 2,YouTube: BOUGHT MY WISHLIST FROM NYKAA | HUGE NYK,2026-08-31T13:01:02.258614
YouTube,Ugzdo6Szup-8O4SpSP54AaABAg.9gEkxgWpEUO9gF2lSHMJNG,@user-yb6zu9zs9j,"[Video: BOUGHT MY WISHLIST FROM NYKAA | HUGE NYKAA MAKEUP SKINCARE HAUL HOT PINK SALE HAUL #haul #makeup]
Oh yes that’s true. You blink an eye and it’s all dried up. Hot water, drops , oil nothing works to revive it up completely and if whatever slightly you get it to the working consistency it changes formulations.",https://www.youtube.com/watch?v=EDGLH7hu2Ys&lc=Ugzdo6Szup-8O4SpSP54AaABAg.9gEkxgWpEUO9gF2lSHMJNG,1693467062.740801,Likes: 5,YouTube: BOUGHT MY WISHLIST FROM NYKAA | HUGE NYK,2026-08-31T13:01:02.741473
YouTube,Ugzdo6Szup-8O4SpSP54AaABAg.9gEkxgWpEUO9gFVoORviN5,@shrutiwayne7440,"[Video: BOUGHT MY WISHLIST FROM NYKAA | HUGE NYKAA MAKEUP SKINCARE HAUL HOT PINK SALE HAUL #haul #makeup]
 @user-yb6zu9zs9j  you can buy cuffs and lashes makeup reviving oil",https://www.youtube.com/watch?v=EDGLH7hu2Ys&lc=Ugzdo6Szup-8O4SpSP54AaABAg.9gEkxgWpEUO9gFVoORviN5,1693467062.746575,Likes: 0,YouTube: BOUGHT MY WISHLIST FROM NYKAA | HUGE NYK,2026-08-31T13:01:02.747090
YouTube,Ugzdo6Szup-8O4SpSP54AaABAg.9gEkxgWpEUO9gEngzEqE_J,@TheTrendDiaries,"[Video: BOUGHT MY WISHLIST FROM NYKAA | HUGE NYKAA MAKEUP SKINCARE HAUL HOT PINK SALE HAUL #haul #makeup]
🤣🤣💰",https://www.youtube.com/watch?v=EDGLH7hu2Ys&lc=Ugzdo6Szup-8O4SpSP54AaABAg.9gEkxgWpEUO9gEngzEqE_J,1693467062.752235,Likes: 3,YouTube: BOUGHT MY WISHLIST FROM NYKAA | HUGE NYK,2026-08-31T13:01:02.752866
YouTube,Ugzdo6Szup-8O4SpSP54AaABAg.9gEkxgWpEUO9gYyxno6QZg,@ruchisonker2083,"[Video: BOUGHT MY WISHLIST FROM NYKAA | HUGE NYKAA MAKEUP SKINCARE HAUL HOT PINK SALE HAUL #haul #makeup]
Try duraline from inglot",https://www.youtube.com/watch?v=EDGLH7hu2Ys&lc=Ugzdo6Szup-8O4SpSP54AaABAg.9gEkxgWpEUO9gYyxno6QZg,1693467062.758506,Likes: 1,YouTube: BOUGHT MY WISHLIST FROM NYKAA | HUGE NYK,2026-08-31T13:01:02.759069
YouTube,Ugzdo6Szup-8O4SpSP54AaABAg.9gEkxgWpEUO9gEtrvoUqVc,@safashereen3389,"[Video: BOUGHT MY WISHLIST FROM NYKAA | HUGE NYKAA MAKEUP SKINCARE HAUL HOT PINK SALE HAUL #haul #makeup]
Use a makeup reviver",https://www.youtube.com/watch?v=EDGLH7hu2Ys&lc=Ugzdo6Szup-8O4SpSP54AaABAg.9gEkxgWpEUO9gEtrvoUqVc,1693467062.764704,Likes: 0,YouTube: BOUGHT MY WISHLIST FROM NYKAA | HUGE NYK,2026-08-31T13:01:02.765383
YouTube,UgyAfAkMlmH7Cq7l1rZ4AaABAg.9gEhPAljOBK9gHaAzi11dY,@TheTrendDiaries,"[Video: BOUGHT MY WISHLIST FROM NYKAA | HUGE NYKAA MAKEUP SKINCARE HAUL HOT PINK SALE HAUL #haul #makeup]
MNY20 or MN20 Both will do",https://www.youtube.com/watch?v=EDGLH7hu2Ys&lc=UgyAfAkMlmH7Cq7l1rZ4AaABAg.9gEhPAljOBK9gHaAzi11dY,1693467063.155305,Likes: 0,YouTube: BOUGHT MY WISHLIST FROM NYKAA | HUGE NYK,2026-08-31T13:01:03.155609
YouTube,Ugzre3YnNVvZKiRxw8Z4AaABAg.9gEfQoR-w-g9gEnjtsnJI4,@TheTrendDiaries,"[Video: BOUGHT MY WISHLIST FROM NYKAA | HUGE NYKAA MAKEUP SKINCARE HAUL HOT PINK SALE HAUL #haul #makeup]
Plz check community tab",https://www.youtube.com/watch?v=EDGLH7hu2Ys&lc=Ugzre3YnNVvZKiRxw8Z4AaABAg.9gEfQoR-w-g9gEnjtsnJI4,1693467063.475807,Likes: 0,YouTube: BOUGHT MY WISHLIST FROM NYKAA | HUGE NYK,2026-08-31T13:01:03.476022
YouTube,Ugzv_aBf1E-pjST7lBl4AaABAg.9gEeoviMn6r9gEgeIuPNoS,@TheTrendDiaries,"[Video: BOUGHT MY WISHLIST FROM NYKAA | HUGE NYKAA MAKEUP SKINCARE HAUL HOT PINK SALE HAUL #haul #makeup]
Warm beige",https://www.youtube.com/watch?v=EDGLH7hu2Ys&lc=Ugzv_aBf1E-pjST7lBl4AaABAg.9gEeoviMn6r9gEgeIuPNoS,1693467063.801855,Likes: 1,YouTube: BOUGHT MY WISHLIST FROM NYKAA | HUGE NYK,2026-08-31T13:01:03.802204
YouTube,Ugzv_aBf1E-pjST7lBl4AaABAg.9gEeoviMn6r9j3JzD4i1xs,@rutujadicholkar,"[Video: BOUGHT MY WISHLIST FROM NYKAA | HUGE NYKAA MAKEUP SKINCARE HAUL HOT PINK SALE HAUL #haul #makeup]
 @TheTrendDiaries  hey Nidhi, did you end up buying Warm Beige shade? Was it a perfect match for you?",https://www.youtube.com/watch?v=EDGLH7hu2Ys&lc=Ugzv_aBf1E-pjST7lBl4AaABAg.9gEeoviMn6r9j3JzD4i1xs,1693467063.805113,Likes: 0,YouTube: BOUGHT MY WISHLIST FROM NYKAA | HUGE NYK,2026-08-31T13:01:03.805479
YouTube,UgyteXmqxNH8qafrqNl4AaABAg.9gEdZVJIs6Y9gEnipWWaW9,@TheTrendDiaries,"[Video: BOUGHT MY WISHLIST FROM NYKAA | HUGE NYKAA MAKEUP SKINCARE HAUL HOT PINK SALE HAUL #haul #makeup]
Yess plz check community tab",https://www.youtube.com/watch?v=EDGLH7hu2Ys&lc=UgyteXmqxNH8qafrqNl4AaABAg.9gEdZVJIs6Y9gEnipWWaW9,1693467064.147123,Likes: 0,YouTube: BOUGHT MY WISHLIST FROM NYKAA | HUGE NYK,2026-08-31T13:01:04.147420
YouTube,UgzbquJPo678LQxzDl94AaABAg.9gEcx76aCse9gEeU8AXgFK,@TheTrendDiaries,"[Video: BOUGHT MY WISHLIST FROM NYKAA | HUGE NYKAA MAKEUP SKINCARE HAUL HOT PINK SALE HAUL #haul #makeup]
They haven’t updated it on their own portal yet",https://www.youtube.com/watch?v=EDGLH7hu2Ys&lc=UgzbquJPo678LQxzDl94AaABAg.9gEcx76aCse9gEeU8AXgFK,1693467064.512529,Likes: 1,YouTube: BOUGHT MY WISHLIST FROM NYKAA | HUGE NYK,2026-08-31T13:01:04.513193
YouTube,UgxfZMKeZz7BkEKLsaV4AaABAg.9gEcqfm6fC89gEnovP7i5H,@TheTrendDiaries,"[Video: BOUGHT MY WISHLIST FROM NYKAA | HUGE NYKAA MAKEUP SKINCARE HAUL HOT PINK SALE HAUL #haul #makeup]
Hey can I get your Insta id..? Plz check the community tab",https://www.youtube.com/watch?v=EDGLH7hu2Ys&lc=UgxfZMKeZz7BkEKLsaV4AaABAg.9gEcqfm6fC89gEnovP7i5H,1693467064.822,Likes: 1,YouTube: BOUGHT MY WISHLIST FROM NYKAA | HUGE NYK,2026-08-31T13:01:04.822483
YouTube,UgxfZMKeZz7BkEKLsaV4AaABAg.9gEcqfm6fC89gEuMP27F9y,@theverified,"[Video: BOUGHT MY WISHLIST FROM NYKAA | HUGE NYKAA MAKEUP SKINCARE HAUL HOT PINK SALE HAUL #haul #makeup]
 @TheTrendDiaries  yes di checked nd shared",https://www.youtube.com/watch?v=EDGLH7hu2Ys&lc=UgxfZMKeZz7BkEKLsaV4AaABAg.9gEcqfm6fC89gEuMP27F9y,1693467064.827102,Likes: 0,YouTube: BOUGHT MY WISHLIST FROM NYKAA | HUGE NYK,2026-08-31T13:01:04.827568
YouTube,Ugwpg3HPgXZ6pcOttsR4AaABAg,@radhamukundbrijwasi4280,"[Video: BOUGHT MY WISHLIST FROM NYKAA | HUGE NYKAA MAKEUP SKINCARE HAUL HOT PINK SALE HAUL #haul #makeup]
Wow loved the video ✨🥺",https://www.youtube.com/watch?v=EDGLH7hu2Ys&lc=Ugwpg3HPgXZ6pcOttsR4AaABAg,1693467065.263913,Likes: 0,YouTube: BOUGHT MY WISHLIST FROM NYKAA | HUGE NYK,2026-08-31T13:01:05.264285
YouTube,UgwlPgnqLQ7vMOIvN9p4AaABAg,@twinkle_chadha,"[Video: BOUGHT MY WISHLIST FROM NYKAA | HUGE NYKAA MAKEUP SKINCARE HAUL HOT PINK SALE HAUL #haul #makeup]
I absolutelt love the background  ♥️♥️♥️and as always I love u aswell:)",https://www.youtube.com/watch?v=EDGLH7hu2Ys&lc=UgwlPgnqLQ7vMOIvN9p4AaABAg,1693467065.267178,Likes: 3,YouTube: BOUGHT MY WISHLIST FROM NYKAA | HUGE NYK,2026-08-31T13:01:05.267438
YouTube,UgyKu8tXOtJqjY3CICR4AaABAg,@DhwaniShah,"[Video: BOUGHT MY WISHLIST FROM NYKAA | HUGE NYKAA MAKEUP SKINCARE HAUL HOT PINK SALE HAUL #haul #makeup]
Thoroughly enjoyed like always 😘😘 love you nidhi😘",https://www.youtube.com/watch?v=EDGLH7hu2Ys&lc=UgyKu8tXOtJqjY3CICR4AaABAg,1693467065.269495,Likes: 1,YouTube: BOUGHT MY WISHLIST FROM NYKAA | HUGE NYK,2026-08-31T13:01:05.269745
YouTube,UgxDGWtVSe6UMcA-KLB4AaABAg,@bucketsofartsandcrafts991,"[Video: BOUGHT MY WISHLIST FROM NYKAA | HUGE NYKAA MAKEUP SKINCARE HAUL HOT PINK SALE HAUL #haul #makeup]
This bg is nice akka .... I love all your recommendation akka❤️",https://www.youtube.com/watch?v=EDGLH7hu2Ys&lc=UgxDGWtVSe6UMcA-KLB4AaABAg,1693467065.272098,Likes: 1,YouTube: BOUGHT MY WISHLIST FROM NYKAA | HUGE NYK,2026-08-31T13:01:05.272394
YouTube,UgwyGjlMef1tIG3SSmJ4AaABAg,@abhinetri997,"[Video: BOUGHT MY WISHLIST FROM NYKAA | HUGE NYKAA MAKEUP SKINCARE HAUL HOT PINK SALE HAUL #haul #makeup]
Please suggest setting spray for oily skin",https://www.youtube.com/watch?v=EDGLH7hu2Ys&lc=UgwyGjlMef1tIG3SSmJ4AaABAg,1693467065.274622,Likes: 0,YouTube: BOUGHT MY WISHLIST FROM NYKAA | HUGE NYK,2026-08-31T13:01:05.274909
YouTube,UgzmMQnwi431on7NbF54AaABAg,@Shorts_with_Nainsi,"[Video: BOUGHT MY WISHLIST FROM NYKAA | HUGE NYKAA MAKEUP SKINCARE HAUL HOT PINK SALE HAUL #haul #makeup]
Wow amazing video😍😍😍keep sharing💜💜💜lots of love and hugs to you💙💫",https://www.youtube.com/watch?v=EDGLH7hu2Ys&lc=UgzmMQnwi431on7NbF54AaABAg,1693467065.276978,Likes: 1,YouTube: BOUGHT MY WISHLIST FROM NYKAA | HUGE NYK,2026-08-31T13:01:05.277258
YouTube,UgzA-hxbK8qApq1Guox4AaABAg,@abhinetri997,"[Video: BOUGHT MY WISHLIST FROM NYKAA | HUGE NYKAA MAKEUP SKINCARE HAUL HOT PINK SALE HAUL #haul #makeup]
Please suggest contour bronzer products for NC 42 oily skin",https://www.youtube.com/watch?v=EDGLH7hu2Ys&lc=UgzA-hxbK8qApq1Guox4AaABAg,1693467065.279887,Likes: 0,YouTube: BOUGHT MY WISHLIST FROM NYKAA | HUGE NYK,2026-08-31T13:01:05.280226
YouTube,Ugw2FETD0N0P6APY99F4AaABAg,@kabitajain,"[Video: BOUGHT MY WISHLIST FROM NYKAA | HUGE NYKAA MAKEUP SKINCARE HAUL HOT PINK SALE HAUL #haul #makeup]
When did too faced run this offer buy 2 get 1 🤔 I missed ☹️☹️",https://www.youtube.com/watch?v=EDGLH7hu2Ys&lc=Ugw2FETD0N0P6APY99F4AaABAg,1693467065.28235,Likes: 0,YouTube: BOUGHT MY WISHLIST FROM NYKAA | HUGE NYK,2026-08-31T13:01:05.282577
YouTube,UgxhakGS89AHNaiGDYN4AaABAg,@Lexi-u5y5i,"[Video: BOUGHT MY WISHLIST FROM NYKAA | HUGE NYKAA MAKEUP SKINCARE HAUL HOT PINK SALE HAUL #haul #makeup]
That can't stop won't stop powder is 💯 absolutely loved it ☺️",https://www.youtube.com/watch?v=EDGLH7hu2Ys&lc=UgxhakGS89AHNaiGDYN4AaABAg,1693467065.284483,Likes: 3,YouTube: BOUGHT MY WISHLIST FROM NYKAA | HUGE NYK,2026-08-31T13:01:05.284693
YouTube,UgzWnrSRgPyyvbyWhUt4AaABAg,@Lexi-u5y5i,"[Video: BOUGHT MY WISHLIST FROM NYKAA | HUGE NYKAA MAKEUP SKINCARE HAUL HOT PINK SALE HAUL #haul #makeup]
Nidhi do some makeup tutorials na including all the products you have shown in this video and some previous videos of your as Durga puja and Diwali is here..... would be helpful ❤️🥺",https://www.youtube.com/watch?v=EDGLH7hu2Ys&lc=UgzWnrSRgPyyvbyWhUt4AaABAg,1693467065.286699,Likes: 2,YouTube: BOUGHT MY WISHLIST FROM NYKAA | HUGE NYK,2026-08-31T13:01:05.286945
YouTube,UgxYrlZ8D7cuWnikK494AaABAg,@cathodexuxinayu6404,"[Video: BOUGHT MY WISHLIST FROM NYKAA | HUGE NYKAA MAKEUP SKINCARE HAUL HOT PINK SALE HAUL #haul #makeup]
I prefer ur former setting more. The lighting is better with ur previous background",https://www.youtube.com/watch?v=EDGLH7hu2Ys&lc=UgxYrlZ8D7cuWnikK494AaABAg,1693467065.288816,Likes: 0,YouTube: BOUGHT MY WISHLIST FROM NYKAA | HUGE NYK,2026-08-31T13:01:05.289024
YouTube,UgzJvEXpajZhF-1vrSB4AaABAg,@Lexi-u5y5i,"[Video: BOUGHT MY WISHLIST FROM NYKAA | HUGE NYKAA MAKEUP SKINCARE HAUL HOT PINK SALE HAUL #haul #makeup]
30 mins of Nidhi's video....that's what I need ♥️💯",https://www.youtube.com/watch?v=EDGLH7hu2Ys&lc=UgzJvEXpajZhF-1vrSB4AaABAg,1693467065.290929,Likes: 3,YouTube: BOUGHT MY WISHLIST FROM NYKAA | HUGE NYK,2026-08-31T13:01:05.291190
YouTube,UgyfuQbyt4eNjjsW6f54AaABAg,@DhwaniShah,"[Video: BOUGHT MY WISHLIST FROM NYKAA | HUGE NYKAA MAKEUP SKINCARE HAUL HOT PINK SALE HAUL #haul #makeup]
Loved it...Cozy pizzzyyyy wala background ❤️❤️❤️",https://www.youtube.com/watch?v=EDGLH7hu2Ys&lc=UgyfuQbyt4eNjjsW6f54AaABAg,1693467065.293218,Likes: 0,YouTube: BOUGHT MY WISHLIST FROM NYKAA | HUGE NYK,2026-08-31T13:01:05.293457
YouTube,Ugz4zhdhhBzEjB0TnJ94AaABAg,@sanjusalunkhe2877,"[Video: BOUGHT MY WISHLIST FROM NYKAA | HUGE NYKAA MAKEUP SKINCARE HAUL HOT PINK SALE HAUL #haul #makeup]
Wow 😍🤩😍",https://www.youtube.com/watch?v=EDGLH7hu2Ys&lc=Ugz4zhdhhBzEjB0TnJ94AaABAg,1693467065.295423,Likes: 1,YouTube: BOUGHT MY WISHLIST FROM NYKAA | HUGE NYK,2026-08-31T13:01:05.295645
YouTube,UgxnkoLyXSXjzXJuJcx4AaABAg,@DhwaniShah,"[Video: BOUGHT MY WISHLIST FROM NYKAA | HUGE NYKAA MAKEUP SKINCARE HAUL HOT PINK SALE HAUL #haul #makeup]
11th like and all set to watch my favourite person😘😘😘😘",https://www.youtube.com/watch?v=EDGLH7hu2Ys&lc=UgxnkoLyXSXjzXJuJcx4AaABAg,1693467065.297584,Likes: 0,YouTube: BOUGHT MY WISHLIST FROM NYKAA | HUGE NYK,2026-08-31T13:01:05.297822
YouTube,UgwxIv6JxEuXqhF2qqd4AaABAg,@amukthamalyada8551,"[Video: BOUGHT MY WISHLIST FROM NYKAA | HUGE NYKAA MAKEUP SKINCARE HAUL HOT PINK SALE HAUL #haul #makeup]
Loving the aesthetic backgroud🥺🥺🥺🥺. WANT A NEW VANITY TOUR🥺...",https://www.youtube.com/watch?v=EDGLH7hu2Ys&lc=UgwxIv6JxEuXqhF2qqd4AaABAg,1693467065.299738,Likes: 3,YouTube: BOUGHT MY WISHLIST FROM NYKAA | HUGE NYK,2026-08-31T13:01:05.299986
YouTube,Ugwt4joeOkABPoh6XHR4AaABAg,@riyaanand1892,"[Video: BOUGHT MY WISHLIST FROM NYKAA | HUGE NYKAA MAKEUP SKINCARE HAUL HOT PINK SALE HAUL #haul #makeup]
Wow I am the first one to comment love your videos ❤❤",https://www.youtube.com/watch?v=EDGLH7hu2Ys&lc=Ugwt4joeOkABPoh6XHR4AaABAg,1693467065.302021,Likes: 0,YouTube: BOUGHT MY WISHLIST FROM NYKAA | HUGE NYK,2026-08-31T13:01:05.302306
YouTube,Ugz83z1_uM6dvRZxr754AaABAg,@amukthamalyada8551,"[Video: BOUGHT MY WISHLIST FROM NYKAA | HUGE NYKAA MAKEUP SKINCARE HAUL HOT PINK SALE HAUL #haul #makeup]
Omg the vanity 😍😍😍🥺🥺🥺🥺",https://www.youtube.com/watch?v=EDGLH7hu2Ys&lc=Ugz83z1_uM6dvRZxr754AaABAg,1693467065.304507,Likes: 0,YouTube: BOUGHT MY WISHLIST FROM NYKAA | HUGE NYK,2026-08-31T13:01:05.304770
YouTube,UgzSsGyjW2w3HXDGcU54AaABAg,@tahmeenaanjum0,"[Video: BOUGHT MY WISHLIST FROM NYKAA | HUGE NYKAA MAKEUP SKINCARE HAUL HOT PINK SALE HAUL #haul #makeup]
I love ur recommendations ❣️",https://www.youtube.com/watch?v=EDGLH7hu2Ys&lc=UgzSsGyjW2w3HXDGcU54AaABAg,1693467065.306886,Likes: 0,YouTube: BOUGHT MY WISHLIST FROM NYKAA | HUGE NYK,2026-08-31T13:01:05.307110
YouTube,UgwV1-3JDfylkyhtPmt4AaABAg,@mousmidas8281,"[Video: BOUGHT MY WISHLIST FROM NYKAA | HUGE NYKAA MAKEUP SKINCARE HAUL HOT PINK SALE HAUL #haul #makeup]
❤️❤️❤️❤️",https://www.youtube.com/watch?v=EDGLH7hu2Ys&lc=UgwV1-3JDfylkyhtPmt4AaABAg,1693467065.309744,Likes: 0,YouTube: BOUGHT MY WISHLIST FROM NYKAA | HUGE NYK,2026-08-31T13:01:05.310116
YouTube,UgzA-hxbK8qApq1Guox4AaABAg.9gEZzg47Tzq9gH7RMKYITm,@TheTrendDiaries,"[Video: BOUGHT MY WISHLIST FROM NYKAA | HUGE NYKAA MAKEUP SKINCARE HAUL HOT PINK SALE HAUL #haul #makeup]
Benefit caramel bronzer
Sugar FWD contour stick -02
Bahama mama bronzer (minis available too)",https://www.youtube.com/watch?v=EDGLH7hu2Ys&lc=UgzA-hxbK8qApq1Guox4AaABAg.9gEZzg47Tzq9gH7RMKYITm,1693467065.678456,Likes: 1,YouTube: BOUGHT MY WISHLIST FROM NYKAA | HUGE NYK,2026-08-31T13:01:05.678794
YouTube,UgzA-hxbK8qApq1Guox4AaABAg.9gEZzg47Tzq9gHB7e5SoNS,@abhinetri997,"[Video: BOUGHT MY WISHLIST FROM NYKAA | HUGE NYKAA MAKEUP SKINCARE HAUL HOT PINK SALE HAUL #haul #makeup]
 @TheTrendDiaries  shades in benefit and Bahama mama ? For NC 42",https://www.youtube.com/watch?v=EDGLH7hu2Ys&lc=UgzA-hxbK8qApq1Guox4AaABAg.9gEZzg47Tzq9gHB7e5SoNS,1693467065.68133,Likes: 0,YouTube: BOUGHT MY WISHLIST FROM NYKAA | HUGE NYK,2026-08-31T13:01:05.681576
YouTube,Ugw2FETD0N0P6APY99F4AaABAg.9gEZLXJgCMt9gE_sbN30UF,@TheTrendDiaries,"[Video: BOUGHT MY WISHLIST FROM NYKAA | HUGE NYKAA MAKEUP SKINCARE HAUL HOT PINK SALE HAUL #haul #makeup]
I think it was the second last day of the sale",https://www.youtube.com/watch?v=EDGLH7hu2Ys&lc=Ugw2FETD0N0P6APY99F4AaABAg.9gEZLXJgCMt9gE_sbN30UF,1693467066.051625,Likes: 0,YouTube: BOUGHT MY WISHLIST FROM NYKAA | HUGE NYK,2026-08-31T13:01:06.051975
YouTube,Ugw2FETD0N0P6APY99F4AaABAg.9gEZLXJgCMt9gEafFa-PWx,@kabitajain,"[Video: BOUGHT MY WISHLIST FROM NYKAA | HUGE NYKAA MAKEUP SKINCARE HAUL HOT PINK SALE HAUL #haul #makeup]
 @TheTrendDiaries  oops 🙃
Hi Nidhi can you please suggest me a good smudge proof water proof Kajal which stays the whole day",https://www.youtube.com/watch?v=EDGLH7hu2Ys&lc=Ugw2FETD0N0P6APY99F4AaABAg.9gEZLXJgCMt9gEafFa-PWx,1693467066.054602,Likes: 0,YouTube: BOUGHT MY WISHLIST FROM NYKAA | HUGE NYK,2026-08-31T13:01:06.054849
YouTube,Ugw2FETD0N0P6APY99F4AaABAg.9gEZLXJgCMt9gEnwGlNju3,@TheTrendDiaries,"[Video: BOUGHT MY WISHLIST FROM NYKAA | HUGE NYKAA MAKEUP SKINCARE HAUL HOT PINK SALE HAUL #haul #makeup]
On me plum natur studio stays and mars gel kohl that I showed in the video
Kay beauty onyx gel kajal",https://www.youtube.com/watch?v=EDGLH7hu2Ys&lc=Ugw2FETD0N0P6APY99F4AaABAg.9gEZLXJgCMt9gEnwGlNju3,1693467066.422415,Likes: 0,YouTube: BOUGHT MY WISHLIST FROM NYKAA | HUGE NYK,2026-08-31T13:01:06.422669
YouTube,Ugw2FETD0N0P6APY99F4AaABAg.9gEZLXJgCMt9gGfDpOAgr1,@kabitajain,"[Video: BOUGHT MY WISHLIST FROM NYKAA | HUGE NYKAA MAKEUP SKINCARE HAUL HOT PINK SALE HAUL #haul #makeup]
 @TheTrendDiaries  thank you so much dear for replying always… seeing one of your video planning to buy NYX lipstick in the shade low cut … can you please let me know if it’s a completely brown shade ?
I am NC 42 and when I try in the virtual mirror in Nykaa app it’s looking completely dark brown but I am looking for something nudish for daily wear which can go with every outfit.
Please help
Thanks in advance",https://www.youtube.com/watch?v=EDGLH7hu2Ys&lc=Ugw2FETD0N0P6APY99F4AaABAg.9gEZLXJgCMt9gGfDpOAgr1,1693467066.425078,Likes: 0,YouTube: BOUGHT MY WISHLIST FROM NYKAA | HUGE NYK,2026-08-31T13:01:06.425498
YouTube,UgxhakGS89AHNaiGDYN4AaABAg.9gEYv7fGM-E9gEnyLYXwrb,@TheTrendDiaries,"[Video: BOUGHT MY WISHLIST FROM NYKAA | HUGE NYKAA MAKEUP SKINCARE HAUL HOT PINK SALE HAUL #haul #makeup]
What shade do you use ?",https://www.youtube.com/watch?v=EDGLH7hu2Ys&lc=UgxhakGS89AHNaiGDYN4AaABAg.9gEYv7fGM-E9gEnyLYXwrb,1693467066.793978,Likes: 0,YouTube: BOUGHT MY WISHLIST FROM NYKAA | HUGE NYK,2026-08-31T13:01:06.794267
YouTube,UgxhakGS89AHNaiGDYN4AaABAg.9gEYv7fGM-E9gHbCDxntfC,@Lexi-u5y5i,"[Video: BOUGHT MY WISHLIST FROM NYKAA | HUGE NYKAA MAKEUP SKINCARE HAUL HOT PINK SALE HAUL #haul #makeup]
 @TheTrendDiaries  light medium babe.",https://www.youtube.com/watch?v=EDGLH7hu2Ys&lc=UgxhakGS89AHNaiGDYN4AaABAg.9gEYv7fGM-E9gHbCDxntfC,1693467066.7963,Likes: 0,YouTube: BOUGHT MY WISHLIST FROM NYKAA | HUGE NYK,2026-08-31T13:01:06.796519
YouTube,UgzWnrSRgPyyvbyWhUt4AaABAg.9gEYqiC853N9gE_tE4zTdx,@TheTrendDiaries,"[Video: BOUGHT MY WISHLIST FROM NYKAA | HUGE NYKAA MAKEUP SKINCARE HAUL HOT PINK SALE HAUL #haul #makeup]
Sure",https://www.youtube.com/watch?v=EDGLH7hu2Ys&lc=UgzWnrSRgPyyvbyWhUt4AaABAg.9gEYqiC853N9gE_tE4zTdx,1693467067.120314,Likes: 1,YouTube: BOUGHT MY WISHLIST FROM NYKAA | HUGE NYK,2026-08-31T13:01:07.120714
YouTube,UgxYAvnhOrVBQlx50hV4AaABAg,@simplysancharii,"[Video: Nykaa Hot Pink Sale Hauls 2022| Fulfilled some from my wishlist| #nykaahotpinksale]
Foundation shade Reference

Mac Studio fix fluid -NC43/43.5
Bobbi brown Skin Long wear weightless Foundation -Golden
Too Faced Born this way - Warm Sand/ Praline 
Jouer Essential High Coverage Foundation - Caramel 
Fenty Beauty Pro filtr foundation - 330
Milani conceal+ perfect foundation 09 Tan
L.A. Girl illuminating foundation - Tan
Nyx Can't Stop Won't Stop foundation - 15.9 Warm Honey
Loreal Paris infallible fresh wear foundation - 330 Hazelnut
Lakme 9 to 5 primer+matte foundation - Neutral Chestnut
Maybelline Super Stay 24hrs Full coverage foundation - Golden
Miss Claire Everyday Foundation - Caramel
Colourpop Foundation - 145 
Rimmel Match Perfection foundation - 501 Noisette
Rimmel Lasting Finish Foundation - Latte
Nyx Total Control foundation - Golden Honey
Huda Beauty faux filter stick foundation - Toffee",https://www.youtube.com/watch?v=I2XCSWt0A8k&lc=UgxYAvnhOrVBQlx50hV4AaABAg,1661931092.54823,Likes: 1,YouTube: Nykaa Hot Pink Sale Hauls 2022| Fulfille,2026-08-31T13:01:32.548861
YouTube,UgyHvorj35ATsly4qjx4AaABAg,@MissPujaBisht,"[Video: I Shopped my Wishlist of NYKAA’s Pink Friday Sale🛒Makeup & Skincare✨🛍️Recommendations 2025]
Free wale idhar ko khiska doo😅😅😅",https://www.youtube.com/watch?v=M0g7V92XkKA&lc=UgyHvorj35ATsly4qjx4AaABAg,1767166300.65485,Likes: 0,YouTube: I Shopped my Wishlist of NYKAA’s Pink Fr,2026-08-31T13:01:40.655100
YouTube,UgwbAHZuFQaatD_6GsV4AaABAg,@wartikarautela386,"[Video: I Shopped my Wishlist of NYKAA’s Pink Friday Sale🛒Makeup & Skincare✨🛍️Recommendations 2025]
Love story vlog",https://www.youtube.com/watch?v=M0g7V92XkKA&lc=UgwbAHZuFQaatD_6GsV4AaABAg,1767166300.658104,Likes: 0,YouTube: I Shopped my Wishlist of NYKAA’s Pink Fr,2026-08-31T13:01:40.658371
YouTube,UgwCcJkE2DAcOdxlx8l4AaABAg,@ShilpiAtharva-i9z,"[Video: I Shopped my Wishlist of NYKAA’s Pink Friday Sale🛒Makeup & Skincare✨🛍️Recommendations 2025]
Wow ❤",https://www.youtube.com/watch?v=M0g7V92XkKA&lc=UgwCcJkE2DAcOdxlx8l4AaABAg,1767166300.6615,Likes: 1,YouTube: I Shopped my Wishlist of NYKAA’s Pink Fr,2026-08-31T13:01:40.661731
YouTube,Ugz3Xe4116QD9wfmGC14AaABAg,@joshikarnika,"[Video: I Shopped my Wishlist of NYKAA’s Pink Friday Sale🛒Makeup & Skincare✨🛍️Recommendations 2025]
❤❤",https://www.youtube.com/watch?v=M0g7V92XkKA&lc=Ugz3Xe4116QD9wfmGC14AaABAg,1767166300.665187,Likes: 1,YouTube: I Shopped my Wishlist of NYKAA’s Pink Fr,2026-08-31T13:01:40.665437
YouTube,UgyydOcetTZBgGZ8hSp4AaABAg,@kartikeyupadhyay5576,"[Video: I Shopped my Wishlist of NYKAA’s Pink Friday Sale🛒Makeup & Skincare✨🛍️Recommendations 2025]
❤❤",https://www.youtube.com/watch?v=M0g7V92XkKA&lc=UgyydOcetTZBgGZ8hSp4AaABAg,1767166300.671229,Likes: 1,YouTube: I Shopped my Wishlist of NYKAA’s Pink Fr,2026-08-31T13:01:40.671855
YouTube,Ugx3Pswsc7FGCcySoyF4AaABAg,@indrachaudhary9858,"[Video: I Shopped my Wishlist of NYKAA’s Pink Friday Sale🛒Makeup & Skincare✨🛍️Recommendations 2025]
Yaar bahut acche saman hai makeup ke bahut achcha Laga dekhkar❤",https://www.youtube.com/watch?v=M0g7V92XkKA&lc=Ugx3Pswsc7FGCcySoyF4AaABAg,1767166300.676785,Likes: 1,YouTube: I Shopped my Wishlist of NYKAA’s Pink Fr,2026-08-31T13:01:40.677199
YouTube,UgwRpapTjpQ_5qwOTP54AaABAg,@induindu-q8c,"[Video: I Shopped my Wishlist of NYKAA’s Pink Friday Sale🛒Makeup & Skincare✨🛍️Recommendations 2025]
❤❤",https://www.youtube.com/watch?v=M0g7V92XkKA&lc=UgwRpapTjpQ_5qwOTP54AaABAg,1767166300.681606,Likes: 2,YouTube: I Shopped my Wishlist of NYKAA’s Pink Fr,2026-08-31T13:01:40.681931
YouTube,UgwCcJkE2DAcOdxlx8l4AaABAg.AR4rGMk2EvCAR6TdbNp_oo,@yogitatheexplorer1507,"[Video: I Shopped my Wishlist of NYKAA’s Pink Friday Sale🛒Makeup & Skincare✨🛍️Recommendations 2025]
❤️❤️",https://www.youtube.com/watch?v=M0g7V92XkKA&lc=UgwCcJkE2DAcOdxlx8l4AaABAg.AR4rGMk2EvCAR6TdbNp_oo,1767166301.736417,Likes: 0,YouTube: I Shopped my Wishlist of NYKAA’s Pink Fr,2026-08-31T13:01:41.736666
YouTube,Ugz3Xe4116QD9wfmGC14AaABAg.AR4laBnU5J-AR6Th7gDmfE,@yogitatheexplorer1507,"[Video: I Shopped my Wishlist of NYKAA’s Pink Friday Sale🛒Makeup & Skincare✨🛍️Recommendations 2025]
❤",https://www.youtube.com/watch?v=M0g7V92XkKA&lc=Ugz3Xe4116QD9wfmGC14AaABAg.AR4laBnU5J-AR6Th7gDmfE,1767166307.108223,Likes: 0,YouTube: I Shopped my Wishlist of NYKAA’s Pink Fr,2026-08-31T13:01:47.108545
YouTube,UgyydOcetTZBgGZ8hSp4AaABAg.AR4lIT0OEmiAR6TgEMD2LK,@yogitatheexplorer1507,"[Video: I Shopped my Wishlist of NYKAA’s Pink Friday Sale🛒Makeup & Skincare✨🛍️Recommendations 2025]
❤️",https://www.youtube.com/watch?v=M0g7V92XkKA&lc=UgyydOcetTZBgGZ8hSp4AaABAg.AR4lIT0OEmiAR6TgEMD2LK,1767166307.444542,Likes: 0,YouTube: I Shopped my Wishlist of NYKAA’s Pink Fr,2026-08-31T13:01:47.445004
YouTube,Ugx3Pswsc7FGCcySoyF4AaABAg.AR4fqV-DmG3AR6Te8XAWUV,@yogitatheexplorer1507,"[Video: I Shopped my Wishlist of NYKAA’s Pink Friday Sale🛒Makeup & Skincare✨🛍️Recommendations 2025]
Thank You ☺️",https://www.youtube.com/watch?v=M0g7V92XkKA&lc=Ugx3Pswsc7FGCcySoyF4AaABAg.AR4fqV-DmG3AR6Te8XAWUV,1767166307.827903,Likes: 0,YouTube: I Shopped my Wishlist of NYKAA’s Pink Fr,2026-08-31T13:01:47.828283
YouTube,UgwRpapTjpQ_5qwOTP54AaABAg.AR4bGhs7RF8AR6TfAWOgj5,@yogitatheexplorer1507,"[Video: I Shopped my Wishlist of NYKAA’s Pink Friday Sale🛒Makeup & Skincare✨🛍️Recommendations 2025]
❤❤",https://www.youtube.com/watch?v=M0g7V92XkKA&lc=UgwRpapTjpQ_5qwOTP54AaABAg.AR4bGhs7RF8AR6TfAWOgj5,1767166308.260367,Likes: 1,YouTube: I Shopped my Wishlist of NYKAA’s Pink Fr,2026-08-31T13:01:48.260780
YouTube,Ugwt6R2PUBVn3A7jc8t4AaABAg,@sanamungre4432,"[Video: HUGE Nykaa Pink Friday SALE HAUL | Luxe Brands Haul | Madhushree Joshi]
Omg.... So huge haul 🤩 Even I have been spending on Nykaa like crazy 😅 And I'm glad you also keep adding it to the wishlist .. but the sad part is by the time u go to buy it, it's already out if stock 😂😂😂 hence I end up indulging in impulsive buys 🙈. But loved how you have taken us through the entire video ❤️",https://www.youtube.com/watch?v=2S6gOfb_xs8&lc=Ugwt6R2PUBVn3A7jc8t4AaABAg,1630395111.868338,Likes: 2,YouTube: HUGE Nykaa Pink Friday SALE HAUL | Luxe ,2026-08-31T13:01:51.868587
YouTube,Ugxcb9QQ5roiBoOanzV4AaABAg,@shanthapadmavathi5869,"[Video: HUGE Nykaa Pink Friday SALE HAUL | Luxe Brands Haul | Madhushree Joshi]
Watching hauls are always funnn!! 😍😍
And we both clearly are same kinda people have have choices... I clearly have mostttt of these in my wishlist hehe...
Love u loads n loads to the power of ZILENNNN!!! 💝💝💝💝",https://www.youtube.com/watch?v=2S6gOfb_xs8&lc=Ugxcb9QQ5roiBoOanzV4AaABAg,1630395118.310697,Likes: 0,YouTube: HUGE Nykaa Pink Friday SALE HAUL | Luxe ,2026-08-31T13:01:58.311124
YouTube,Ugz28QuC2hkypsCw02F4AaABAg,@pinkeristaa,"[Video: Nykaa Hot Pink Sale Haul 2020 || My Wishlist Hauls 2020|| #TheBeautyCompany]
That lipstick looks gorgeous on u 💓 loved the look, the hair too 🥰",https://www.youtube.com/watch?v=d6IsHRHZSDk&lc=Ugz28QuC2hkypsCw02F4AaABAg,1598859150.918502,Likes: 0,YouTube: Nykaa Hot Pink Sale Haul 2020 || My Wish,2026-08-31T13:02:30.918806
YouTube,UgwuSIojNw1hZJLrtT54AaABAg,@paulafinley3899,"[Video: Nykaa Hot Pink Sale Haul 2020 || My Wishlist Hauls 2020|| #TheBeautyCompany]
Inglot  77 eye liner has been my favorite",https://www.youtube.com/watch?v=d6IsHRHZSDk&lc=UgwuSIojNw1hZJLrtT54AaABAg,1598859150.921347,Likes: 0,YouTube: Nykaa Hot Pink Sale Haul 2020 || My Wish,2026-08-31T13:02:30.921643
YouTube,UgxkYNsvd_0n4lvzj5B4AaABAg,@minishasharma7357,"[Video: Nykaa Hot Pink Sale Haul 2020 || My Wishlist Hauls 2020|| #TheBeautyCompany]
Small and simple hauls☺",https://www.youtube.com/watch?v=d6IsHRHZSDk&lc=UgxkYNsvd_0n4lvzj5B4AaABAg,1598859150.924674,Likes: 0,YouTube: Nykaa Hot Pink Sale Haul 2020 || My Wish,2026-08-31T13:02:30.925023
YouTube,UgxADnV2NMLlKifmw-14AaABAg,@danheim2314,"[Video: Nykaa Hot Pink Sale Haul 2020 || My Wishlist Hauls 2020|| #TheBeautyCompany]
Nice Hauls",https://www.youtube.com/watch?v=d6IsHRHZSDk&lc=UgxADnV2NMLlKifmw-14AaABAg,1598859150.928588,Likes: 0,YouTube: Nykaa Hot Pink Sale Haul 2020 || My Wish,2026-08-31T13:02:30.928961
YouTube,Ugz28QuC2hkypsCw02F4AaABAg.9Bosb_siiT19BoxYYFRloE,@simplysancharii,"[Video: Nykaa Hot Pink Sale Haul 2020 || My Wishlist Hauls 2020|| #TheBeautyCompany]
Thank you so so much 🥰 🤗🤗😘",https://www.youtube.com/watch?v=d6IsHRHZSDk&lc=Ugz28QuC2hkypsCw02F4AaABAg.9Bosb_siiT19BoxYYFRloE,1598859151.287946,Likes: 1,YouTube: Nykaa Hot Pink Sale Haul 2020 || My Wish,2026-08-31T13:02:31.288318
YouTube,Ugz28QuC2hkypsCw02F4AaABAg.9Bosb_siiT19BosuDfvYMY,@pinkeristaa,"[Video: Nykaa Hot Pink Sale Haul 2020 || My Wishlist Hauls 2020|| #TheBeautyCompany]
Omg the palette.... Waiting for u review update on that ....soon pls🥰",https://www.youtube.com/watch?v=d6IsHRHZSDk&lc=Ugz28QuC2hkypsCw02F4AaABAg.9Bosb_siiT19BosuDfvYMY,1598859151.291413,Likes: 0,YouTube: Nykaa Hot Pink Sale Haul 2020 || My Wish,2026-08-31T13:02:31.291860
YouTube,Ugz28QuC2hkypsCw02F4AaABAg.9Bosb_siiT19BoxcLNKsiX,@simplysancharii,"[Video: Nykaa Hot Pink Sale Haul 2020 || My Wishlist Hauls 2020|| #TheBeautyCompany]
For sure😊😊",https://www.youtube.com/watch?v=d6IsHRHZSDk&lc=Ugz28QuC2hkypsCw02F4AaABAg.9Bosb_siiT19BoxcLNKsiX,1598859151.295048,Likes: 1,YouTube: Nykaa Hot Pink Sale Haul 2020 || My Wish,2026-08-31T13:02:31.295381
YouTube,Ugx-z2JyPp-qI4Gihxh4AaABAg,@pinkeristaa,"[Video: 1 Lakh Nykaa Pink Friday sale Haul | got so many freebies & discounts upto 70% off | Shamvi Krishna]
I got the mini gold from nd, it's expensive but ct and nd are like my wishlist brands and I would save up and from them 🥰 I love the flawless finish powder a lot, hope you like it too 😉 happy and healthy new year",https://www.youtube.com/watch?v=e_Rqou555iU&lc=Ugx-z2JyPp-qI4Gihxh4AaABAg,1661931165.100514,Likes: 0,YouTube: 1 Lakh Nykaa Pink Friday sale Haul | got,2026-08-31T13:02:45.100835
YouTube,UgyF1Vmhor49h7IE07t4AaABAg,@Take2Diary,"[Video: Nykaa✨Pink Friday✨Sale Recommendations🛍️ Skincare, bodycare, haircare & makeup🧴🫧 Toners, perfumes 🧁]
Love Beauty and Planet argon oil heat protect and conditioning hair mist is on my wishlist💜 also, I want to try The Formula rx retinol serum💚",https://www.youtube.com/watch?v=CGyyCsTAxN8&lc=UgyF1Vmhor49h7IE07t4AaABAg,1756625711.846425,Likes: 0,YouTube: Nykaa✨Pink Friday✨Sale Recommendations🛍️,2026-08-31T13:05:11.846646
YouTube,Ugx6QcmhhLHRC690VPl4AaABAg,@eshratperween9998,"[Video: Fresh cotton suits from myntra #myntra #mustwatch]
Second wala kurta set mere v wishlist me h kb se",https://www.youtube.com/watch?v=FtF7l4kpx7I&lc=Ugx6QcmhhLHRC690VPl4AaABAg,1756626131.749703,Likes: 0,YouTube: Fresh cotton suits from myntra #myntra #,2026-08-31T13:12:11.750079
YouTube,Ugy-TUKsgvVaTPwAEQl4AaABAg,@stellamaryaugustian5892,"[Video: Huge Nykaa Pink Sale Haul 2023 (got everything from my wish-list) | Shamvi Krishna]
What’s the lip shade you wore in this video?? It’s fab😍",https://www.youtube.com/watch?v=c6SEgnxb6H8&lc=Ugy-TUKsgvVaTPwAEQl4AaABAg,1725090301.735561,Likes: 0,YouTube: Huge Nykaa Pink Sale Haul 2023 (got ever,2026-08-31T13:15:01.735827
YouTube,UgxA8Pg49-ekj8eSVlR4AaABAg,@KIRAN143K,"[Video: Huge Nykaa Pink Sale Haul 2023 (got everything from my wish-list) | Shamvi Krishna]
So lovely😘😘😘😘😘😘😘😘😘😘",https://www.youtube.com/watch?v=c6SEgnxb6H8&lc=UgxA8Pg49-ekj8eSVlR4AaABAg,1725090301.738741,Likes: 1,YouTube: Huge Nykaa Pink Sale Haul 2023 (got ever,2026-08-31T13:15:01.739085
YouTube,Ugw512nIHStRO1aRKQt4AaABAg,@pallavigochhait,"[Video: Huge Nykaa Pink Sale Haul 2023 (got everything from my wish-list) | Shamvi Krishna]
❤❤❤❤",https://www.youtube.com/watch?v=c6SEgnxb6H8&lc=Ugw512nIHStRO1aRKQt4AaABAg,1693467901.742226,Likes: 0,YouTube: Huge Nykaa Pink Sale Haul 2023 (got ever,2026-08-31T13:15:01.742594
YouTube,UgwUFuBeAHfQdVzlMGp4AaABAg,@galaxy_purple_2923,"[Video: Huge Nykaa Pink Sale Haul 2023 (got everything from my wish-list) | Shamvi Krishna]
I am 22 year old. I have dry skin. Please suggest some good skin care product from innisfree. I use innisfree face mask. And I love it. But I don't understand which skincare product should I use from this brand. Plz suggest me some good innisfree skin care product.",https://www.youtube.com/watch?v=c6SEgnxb6H8&lc=UgwUFuBeAHfQdVzlMGp4AaABAg,1693467901.745586,Likes: 0,YouTube: Huge Nykaa Pink Sale Haul 2023 (got ever,2026-08-31T13:15:01.745983
YouTube,UgwbGWk1jsKZJVcWuaV4AaABAg,@swatiskincareandmakeup,"[Video: Huge Nykaa Pink Sale Haul 2023 (got everything from my wish-list) | Shamvi Krishna]
Share the peeling solution name",https://www.youtube.com/watch?v=c6SEgnxb6H8&lc=UgwbGWk1jsKZJVcWuaV4AaABAg,1693467901.748362,Likes: 0,YouTube: Huge Nykaa Pink Sale Haul 2023 (got ever,2026-08-31T13:15:01.748625
YouTube,UgxP-srvUACHqrwbtUJ4AaABAg,@BOOM-dv1ds,"[Video: Huge Nykaa Pink Sale Haul 2023 (got everything from my wish-list) | Shamvi Krishna]
hey shamvi the first thing i notice as the video start ..gurl u look beautiful and slimmer how do ?? pls share wats the secret behind the beautiful uh and how did u loose weight pls share us",https://www.youtube.com/watch?v=c6SEgnxb6H8&lc=UgxP-srvUACHqrwbtUJ4AaABAg,1693467901.750647,Likes: 0,YouTube: Huge Nykaa Pink Sale Haul 2023 (got ever,2026-08-31T13:15:01.750919
YouTube,UgzTF1X64h87rKPHsgl4AaABAg,@kaurageous_leo,"[Video: Huge Nykaa Pink Sale Haul 2023 (got everything from my wish-list) | Shamvi Krishna]
Just love your lipstick recommendations ❤ You are looking so pretty ❤",https://www.youtube.com/watch?v=c6SEgnxb6H8&lc=UgzTF1X64h87rKPHsgl4AaABAg,1693467901.752858,Likes: 0,YouTube: Huge Nykaa Pink Sale Haul 2023 (got ever,2026-08-31T13:15:01.753095
YouTube,Ugxcb1nxa2wHNQPJ8ox4AaABAg,@AfrahAamer,"[Video: Huge Nykaa Pink Sale Haul 2023 (got everything from my wish-list) | Shamvi Krishna]
Girl I knew that was a PatMcGrath eyelook, looks stunning!!! Really enjoyed the haul.",https://www.youtube.com/watch?v=c6SEgnxb6H8&lc=Ugxcb1nxa2wHNQPJ8ox4AaABAg,1693467901.755065,Likes: 0,YouTube: Huge Nykaa Pink Sale Haul 2023 (got ever,2026-08-31T13:15:01.755308
YouTube,Ugz1s0mPAk2ulvvpiT94AaABAg,@deepshikhamadhesiya001,"[Video: Huge Nykaa Pink Sale Haul 2023 (got everything from my wish-list) | Shamvi Krishna]
What's your current mac foundation shade",https://www.youtube.com/watch?v=c6SEgnxb6H8&lc=Ugz1s0mPAk2ulvvpiT94AaABAg,1693467901.757232,Likes: 0,YouTube: Huge Nykaa Pink Sale Haul 2023 (got ever,2026-08-31T13:15:01.757457
YouTube,UgzwBzoj0gtPL7Z_7Nt4AaABAg,@priyatrehan5899,"[Video: Huge Nykaa Pink Sale Haul 2023 (got everything from my wish-list) | Shamvi Krishna]
Welcome back
Missed watching your videos",https://www.youtube.com/watch?v=c6SEgnxb6H8&lc=UgzwBzoj0gtPL7Z_7Nt4AaABAg,1693467901.759481,Likes: 1,YouTube: Huge Nykaa Pink Sale Haul 2023 (got ever,2026-08-31T13:15:01.759716
YouTube,UgyvWngoenj6RwCkfz14AaABAg,@gurdikshasharma4552,"[Video: Huge Nykaa Pink Sale Haul 2023 (got everything from my wish-list) | Shamvi Krishna]
Omg 😍 it feels so good to see you after really long 😍 loving your makeup as always and omg this haul video was much needed ♥️.  Please post videos regularly. I was literally waiting for your video. We love your recommendations and ofc you ♥️♥️",https://www.youtube.com/watch?v=c6SEgnxb6H8&lc=UgyvWngoenj6RwCkfz14AaABAg,1693467901.761729,Likes: 0,YouTube: Huge Nykaa Pink Sale Haul 2023 (got ever,2026-08-31T13:15:01.761997
YouTube,UgyEj8KKeZ1y241oUTZ4AaABAg,@aishamaccawala1137,"[Video: Huge Nykaa Pink Sale Haul 2023 (got everything from my wish-list) | Shamvi Krishna]
❤❤❤",https://www.youtube.com/watch?v=c6SEgnxb6H8&lc=UgyEj8KKeZ1y241oUTZ4AaABAg,1693467901.764001,Likes: 0,YouTube: Huge Nykaa Pink Sale Haul 2023 (got ever,2026-08-31T13:15:01.764269
YouTube,Ugz6afnxPa-Tq6nPLK54AaABAg,@sasmitasahu4260,"[Video: Huge Nykaa Pink Sale Haul 2023 (got everything from my wish-list) | Shamvi Krishna]
You have lost weight 👍👍",https://www.youtube.com/watch?v=c6SEgnxb6H8&lc=Ugz6afnxPa-Tq6nPLK54AaABAg,1693467901.767136,Likes: 1,YouTube: Huge Nykaa Pink Sale Haul 2023 (got ever,2026-08-31T13:15:01.767480
YouTube,UgxXFeTqztjOxvYHlsx4AaABAg,@medevanshisharma,"[Video: Huge Nykaa Pink Sale Haul 2023 (got everything from my wish-list) | Shamvi Krishna]
Finally after waiting for so long a full video is here ❤",https://www.youtube.com/watch?v=c6SEgnxb6H8&lc=UgxXFeTqztjOxvYHlsx4AaABAg,1693467901.770416,Likes: 0,YouTube: Huge Nykaa Pink Sale Haul 2023 (got ever,2026-08-31T13:15:01.770831
YouTube,Ugxg5PGW-HAQ8dClerB4AaABAg,@rromi144,"[Video: Huge Nykaa Pink Sale Haul 2023 (got everything from my wish-list) | Shamvi Krishna]
So much wait  I did for this haul",https://www.youtube.com/watch?v=c6SEgnxb6H8&lc=Ugxg5PGW-HAQ8dClerB4AaABAg,1693467901.773651,Likes: 0,YouTube: Huge Nykaa Pink Sale Haul 2023 (got ever,2026-08-31T13:15:01.773932
YouTube,UgzIC019CwDVKH_ZaGd4AaABAg,@ruthrupawate4435,"[Video: Huge Nykaa Pink Sale Haul 2023 (got everything from my wish-list) | Shamvi Krishna]
missed u shamvi 🤔 where hve u been 😘 long time no see 👩‍❤️‍👩💕💞👩‍❤️‍👩 oh my ‼️ but what do I see a newer version of my chubby cheeks 😀😀😀 u r looking fab fab fab 👍🤗👍💚🍀💚🍀💚🍀 ... i luv ur sensibilities while buying skincare / makeup u r a pro at it 👌👌👌 as usual ur honest reviews ur girly smile makes watching u so much fun u defntly infuse a lot of camaradie  luv ur choices i know u enjoy working with high end products who wouldn't with the overall bring grt 🎉🎉🎉🌹🍬🌹looking forward to some first impressions video on the prods mentioned shamvi some prods shown are not listed in the description box 😘 on the whole 👍👍👍 pls do regular videos 🥳😍",https://www.youtube.com/watch?v=c6SEgnxb6H8&lc=UgzIC019CwDVKH_ZaGd4AaABAg,1693467901.775852,Likes: 0,YouTube: Huge Nykaa Pink Sale Haul 2023 (got ever,2026-08-31T13:15:01.776274
YouTube,Ugxj2pirLzebovmwxbZ4AaABAg,@Varshaverma__,"[Video: Huge Nykaa Pink Sale Haul 2023 (got everything from my wish-list) | Shamvi Krishna]
Same di.... Mujhse bhi control nhi hota jb mai koi new makeup buy krti hu.... ❤❤❤❤❤❤❤❤Ap sbka review kro jldi jldi.......",https://www.youtube.com/watch?v=c6SEgnxb6H8&lc=Ugxj2pirLzebovmwxbZ4AaABAg,1693467901.778202,Likes: 0,YouTube: Huge Nykaa Pink Sale Haul 2023 (got ever,2026-08-31T13:15:01.778454
YouTube,UgyIkuJqzPQ_jU9JW4J4AaABAg,@rajashreebanerjee6964,"[Video: Huge Nykaa Pink Sale Haul 2023 (got everything from my wish-list) | Shamvi Krishna]
Pls share the name of the Japanese YouTuber❤❤ Loved your eyelook, do share a video 🎥🎥
Ek video toh banta hein on your makeup collection❤❤",https://www.youtube.com/watch?v=c6SEgnxb6H8&lc=UgyIkuJqzPQ_jU9JW4J4AaABAg,1693467901.780424,Likes: 0,YouTube: Huge Nykaa Pink Sale Haul 2023 (got ever,2026-08-31T13:15:01.780664
YouTube,UgyiPCi1XedRMdEI_Dl4AaABAg,@kikitae7742,"[Video: Huge Nykaa Pink Sale Haul 2023 (got everything from my wish-list) | Shamvi Krishna]
Shamvi please post the eye look you're wearing in this video❤ the eye look is amazing❤❤",https://www.youtube.com/watch?v=c6SEgnxb6H8&lc=UgyiPCi1XedRMdEI_Dl4AaABAg,1693467901.782579,Likes: 0,YouTube: Huge Nykaa Pink Sale Haul 2023 (got ever,2026-08-31T13:15:01.782811
YouTube,UgwG1ZfO3lkwwRSi1xd4AaABAg,@rajashreebanerjee6964,"[Video: Huge Nykaa Pink Sale Haul 2023 (got everything from my wish-list) | Shamvi Krishna]
Haul videos ie. Long videos.. Shorts are too short. And easily forgettable",https://www.youtube.com/watch?v=c6SEgnxb6H8&lc=UgwG1ZfO3lkwwRSi1xd4AaABAg,1693467901.78473,Likes: 5,YouTube: Huge Nykaa Pink Sale Haul 2023 (got ever,2026-08-31T13:15:01.784998
YouTube,Ugz1s0mPAk2ulvvpiT94AaABAg.9qFlUHAJUis9qFqSJWOcfu,@ShamviKrishna,"[Video: Huge Nykaa Pink Sale Haul 2023 (got everything from my wish-list) | Shamvi Krishna]
NC 44.5",https://www.youtube.com/watch?v=c6SEgnxb6H8&lc=Ugz1s0mPAk2ulvvpiT94AaABAg.9qFlUHAJUis9qFqSJWOcfu,1693467902.155197,Likes: 0,YouTube: Huge Nykaa Pink Sale Haul 2023 (got ever,2026-08-31T13:15:02.155613
YouTube,Ugz1s0mPAk2ulvvpiT94AaABAg.9qFlUHAJUis9qFqu_N5uku,@deepshikhamadhesiya001,"[Video: Huge Nykaa Pink Sale Haul 2023 (got everything from my wish-list) | Shamvi Krishna]
 @ShamviKrishna  tysm❤",https://www.youtube.com/watch?v=c6SEgnxb6H8&lc=Ugz1s0mPAk2ulvvpiT94AaABAg.9qFlUHAJUis9qFqu_N5uku,1693467902.159588,Likes: 0,YouTube: Huge Nykaa Pink Sale Haul 2023 (got ever,2026-08-31T13:15:02.159998
YouTube,UgyIkuJqzPQ_jU9JW4J4AaABAg.9qB83a7Iz209qGHTYXSBBJ,@ShamviKrishna,"[Video: Huge Nykaa Pink Sale Haul 2023 (got everything from my wish-list) | Shamvi Krishna]
Her name’s- Tina Tanaka",https://www.youtube.com/watch?v=c6SEgnxb6H8&lc=UgyIkuJqzPQ_jU9JW4J4AaABAg.9qB83a7Iz209qGHTYXSBBJ,1693467902.541182,Likes: 0,YouTube: Huge Nykaa Pink Sale Haul 2023 (got ever,2026-08-31T13:15:02.541722
YouTube,Ugyj4tyXKjBxZMtAc8h4AaABAg,@prpattani7876,"[Video: Huge Nykaa Pink Sale Haul 2023 (got everything from my wish-list) | Shamvi Krishna]
U lost so much weight?",https://www.youtube.com/watch?v=c6SEgnxb6H8&lc=Ugyj4tyXKjBxZMtAc8h4AaABAg,1693467903.23119,Likes: 1,YouTube: Huge Nykaa Pink Sale Haul 2023 (got ever,2026-08-31T13:15:03.231724
YouTube,UgzzOxCwLbNQil26NKJ4AaABAg,@najeemanaju7605,"[Video: Huge Nykaa Pink Sale Haul 2023 (got everything from my wish-list) | Shamvi Krishna]
Wow... So excited... Missed your haul videos.. Like before watching 😍",https://www.youtube.com/watch?v=c6SEgnxb6H8&lc=UgzzOxCwLbNQil26NKJ4AaABAg,1693467903.236738,Likes: 1,YouTube: Huge Nykaa Pink Sale Haul 2023 (got ever,2026-08-31T13:15:03.237319
YouTube,UgyxpiFOdmgo6dr-sPB4AaABAg,@soniadadlani88,"[Video: Huge Nykaa Pink Sale Haul 2023 (got everything from my wish-list) | Shamvi Krishna]
You are looking fab❤❤❤❤ have your lost weight girl ?",https://www.youtube.com/watch?v=c6SEgnxb6H8&lc=UgyxpiFOdmgo6dr-sPB4AaABAg,1693467903.242333,Likes: 1,YouTube: Huge Nykaa Pink Sale Haul 2023 (got ever,2026-08-31T13:15:03.242866
YouTube,UgyxpiFOdmgo6dr-sPB4AaABAg.9qAkBpocaaw9qAlW-Sti4Y,@ShamviKrishna,"[Video: Huge Nykaa Pink Sale Haul 2023 (got everything from my wish-list) | Shamvi Krishna]
Yes 😸❤️❤️",https://www.youtube.com/watch?v=c6SEgnxb6H8&lc=UgyxpiFOdmgo6dr-sPB4AaABAg.9qAkBpocaaw9qAlW-Sti4Y,1693467903.584448,Likes: 4,YouTube: Huge Nykaa Pink Sale Haul 2023 (got ever,2026-08-31T13:15:03.584790
YouTube,UgyxpiFOdmgo6dr-sPB4AaABAg.9qAkBpocaaw9qAp9rp5_wL,@soniadadlani88,"[Video: Huge Nykaa Pink Sale Haul 2023 (got everything from my wish-list) | Shamvi Krishna]
 @ShamviKrishna  So lovely ❤️❤️❤️ can u pls share the link of the this pretty black top u r wearing ❤️ looks fab with drop shoulders sleeves",https://www.youtube.com/watch?v=c6SEgnxb6H8&lc=UgyxpiFOdmgo6dr-sPB4AaABAg.9qAkBpocaaw9qAp9rp5_wL,1693467903.587513,Likes: 0,YouTube: Huge Nykaa Pink Sale Haul 2023 (got ever,2026-08-31T13:15:03.587860
YouTube,UgyxpiFOdmgo6dr-sPB4AaABAg.9qAkBpocaaw9qCHJjq8350,@drliveluplaugh75,"[Video: Huge Nykaa Pink Sale Haul 2023 (got everything from my wish-list) | Shamvi Krishna]
​ @ShamviKrishna  make a video how u lost weight",https://www.youtube.com/watch?v=c6SEgnxb6H8&lc=UgyxpiFOdmgo6dr-sPB4AaABAg.9qAkBpocaaw9qCHJjq8350,1693467903.590899,Likes: 0,YouTube: Huge Nykaa Pink Sale Haul 2023 (got ever,2026-08-31T13:15:03.591265
YouTube,UgyxpiFOdmgo6dr-sPB4AaABAg.9qAkBpocaaw9qKyqgI2JV1,@BOOM-dv1ds,"[Video: Huge Nykaa Pink Sale Haul 2023 (got everything from my wish-list) | Shamvi Krishna]
 @ShamviKrishna  pls share video how u loose weight it could be helpful for us too",https://www.youtube.com/watch?v=c6SEgnxb6H8&lc=UgyxpiFOdmgo6dr-sPB4AaABAg.9qAkBpocaaw9qKyqgI2JV1,1693467903.593918,Likes: 0,YouTube: Huge Nykaa Pink Sale Haul 2023 (got ever,2026-08-31T13:15:03.594245
YouTube,UgxAyvxipYyMhb8lyTB4AaABAg,@priyamdevda2563,"[Video: Huge *Nykaa* Haul | Buying Makeup Worth Rs.25000 😱 | Bought Everything From My Wishlist | Worth It?]
Hey i was checking out the keratin range but the code is not working 🙁 is there any minimum order..? Btw the video was so helpful... Thank you for the reviews and recommendations",https://www.youtube.com/watch?v=tQ10RF5qgbo&lc=UgxAyvxipYyMhb8lyTB4AaABAg,1661931915.587906,Likes: 0,YouTube: Huge *Nykaa* Haul | Buying Makeup Worth ,2026-08-31T13:15:15.588212
YouTube,UgyAkSlpmrnyLL-TVOl4AaABAg,@sanafatima7188,"[Video: Huge *Nykaa* Haul | Buying Makeup Worth Rs.25000 😱 | Bought Everything From My Wishlist | Worth It?]
Hairfall issues par koi unsponspred video banaye pls",https://www.youtube.com/watch?v=tQ10RF5qgbo&lc=UgyAkSlpmrnyLL-TVOl4AaABAg,1661931915.590266,Likes: 0,YouTube: Huge *Nykaa* Haul | Buying Makeup Worth ,2026-08-31T13:15:15.590523
YouTube,UgxXL_oSMmC15kWuVMh4AaABAg,@robertjones287,"[Video: Huge *Nykaa* Haul | Buying Makeup Worth Rs.25000 😱 | Bought Everything From My Wishlist | Worth It?]
helpful.",https://www.youtube.com/watch?v=tQ10RF5qgbo&lc=UgxXL_oSMmC15kWuVMh4AaABAg,1661931915.592417,Likes: 1,YouTube: Huge *Nykaa* Haul | Buying Makeup Worth ,2026-08-31T13:15:15.592634
YouTube,UgxfvYB_HElARMhmEyx4AaABAg,@vanshikapurohit6519,"[Video: Huge *Nykaa* Haul | Buying Makeup Worth Rs.25000 😱 | Bought Everything From My Wishlist | Worth It?]
please can you make one vedio on saree for farewell",https://www.youtube.com/watch?v=tQ10RF5qgbo&lc=UgxfvYB_HElARMhmEyx4AaABAg,1661931915.594592,Likes: 1,YouTube: Huge *Nykaa* Haul | Buying Makeup Worth ,2026-08-31T13:15:15.594831
YouTube,Ugy4H1UCire3LCS1wRZ4AaABAg,@raksha793,"[Video: Huge *Nykaa* Haul | Buying Makeup Worth Rs.25000 😱 | Bought Everything From My Wishlist | Worth It?]
Levis jeans haul didi😐",https://www.youtube.com/watch?v=tQ10RF5qgbo&lc=Ugy4H1UCire3LCS1wRZ4AaABAg,1661931915.596921,Likes: 2,YouTube: Huge *Nykaa* Haul | Buying Makeup Worth ,2026-08-31T13:15:15.597142
YouTube,Ugw1Ka6uM8bcFU3ndkF4AaABAg,@sheetalbhattamisra9520,"[Video: Huge *Nykaa* Haul | Buying Makeup Worth Rs.25000 😱 | Bought Everything From My Wishlist | Worth It?]
The chain is from ?",https://www.youtube.com/watch?v=tQ10RF5qgbo&lc=Ugw1Ka6uM8bcFU3ndkF4AaABAg,1661931915.599236,Likes: 2,YouTube: Huge *Nykaa* Haul | Buying Makeup Worth ,2026-08-31T13:15:15.599506
YouTube,UgzUHIrSug5grPk5Trt4AaABAg,@maltiji5799,"[Video: Huge *Nykaa* Haul | Buying Makeup Worth Rs.25000 😱 | Bought Everything From My Wishlist | Worth It?]
Alllll product nice dear ji goood haul",https://www.youtube.com/watch?v=tQ10RF5qgbo&lc=UgzUHIrSug5grPk5Trt4AaABAg,1661931915.602218,Likes: 1,YouTube: Huge *Nykaa* Haul | Buying Makeup Worth ,2026-08-31T13:15:15.602534
YouTube,Ugy7m0xxjBQMpKVtkX54AaABAg,@vickymohod5675,"[Video: Huge *Nykaa* Haul | Buying Makeup Worth Rs.25000 😱 | Bought Everything From My Wishlist | Worth It?]
Nice top,,😍",https://www.youtube.com/watch?v=tQ10RF5qgbo&lc=Ugy7m0xxjBQMpKVtkX54AaABAg,1661931915.605389,Likes: 1,YouTube: Huge *Nykaa* Haul | Buying Makeup Worth ,2026-08-31T13:15:15.605686
YouTube,Ugxn8tUyehF2WH_tclp4AaABAg,@radha0210,"[Video: Huge *Nykaa* Haul | Buying Makeup Worth Rs.25000 😱 | Bought Everything From My Wishlist | Worth It?]
Wow loved the video ❤✨",https://www.youtube.com/watch?v=tQ10RF5qgbo&lc=Ugxn8tUyehF2WH_tclp4AaABAg,1661931915.608314,Likes: 1,YouTube: Huge *Nykaa* Haul | Buying Makeup Worth ,2026-08-31T13:15:15.608693
YouTube,UgzHWxFp3gSG6C6RzhZ4AaABAg,@aarushukla8142,"[Video: Huge *Nykaa* Haul | Buying Makeup Worth Rs.25000 😱 | Bought Everything From My Wishlist | Worth It?]
Di you looking so gorgeous 
I love love love love your videos di 
Aapki videos Amazing hoti hai 
Aapki voice bahut relaxing hai di 
Mujhse aapki koi bhi videos miss nhi hoti hai di",https://www.youtube.com/watch?v=tQ10RF5qgbo&lc=UgzHWxFp3gSG6C6RzhZ4AaABAg,1661931915.611506,Likes: 1,YouTube: Huge *Nykaa* Haul | Buying Makeup Worth ,2026-08-31T13:15:15.611889
YouTube,UgzB_AIlQF0AZj_5d4l4AaABAg,@ddiyamirza6981,"[Video: Huge *Nykaa* Haul | Buying Makeup Worth Rs.25000 😱 | Bought Everything From My Wishlist | Worth It?]
Top from?",https://www.youtube.com/watch?v=tQ10RF5qgbo&lc=UgzB_AIlQF0AZj_5d4l4AaABAg,1661931915.614036,Likes: 1,YouTube: Huge *Nykaa* Haul | Buying Makeup Worth ,2026-08-31T13:15:15.614278
YouTube,UgwnAlTnW1ljDeiKtQN4AaABAg,@manjumoyal4213,"[Video: Huge *Nykaa* Haul | Buying Makeup Worth Rs.25000 😱 | Bought Everything From My Wishlist | Worth It?]
Hlo diii please food challenge karo na request hai na and aap apna parents dekhyo na mana apka parents ko nahi dekha ❤",https://www.youtube.com/watch?v=tQ10RF5qgbo&lc=UgwnAlTnW1ljDeiKtQN4AaABAg,1661931915.616238,Likes: 2,YouTube: Huge *Nykaa* Haul | Buying Makeup Worth ,2026-08-31T13:15:15.616472
YouTube,Ugy7AR7xFd9oQgh_cZ94AaABAg,@atifanoor1237,"[Video: Huge *Nykaa* Haul | Buying Makeup Worth Rs.25000 😱 | Bought Everything From My Wishlist | Worth It?]
Urbanic k bra ka reviews kriye",https://www.youtube.com/watch?v=tQ10RF5qgbo&lc=Ugy7AR7xFd9oQgh_cZ94AaABAg,1661931915.618358,Likes: 1,YouTube: Huge *Nykaa* Haul | Buying Makeup Worth ,2026-08-31T13:15:15.618581
YouTube,Ugz9TvNdEb3yNhyI4ux4AaABAg,@rashiagrawal3805,"[Video: Huge *Nykaa* Haul | Buying Makeup Worth Rs.25000 😱 | Bought Everything From My Wishlist | Worth It?]
Kirti di.. Like delhi has sarojini , mumbai has hill road for cheap yet good quality and chic clothes and accessories.. Which market does jaipur have for such clothing? Also love your haul videos... Love from nagpur! ❤❤❤",https://www.youtube.com/watch?v=tQ10RF5qgbo&lc=Ugz9TvNdEb3yNhyI4ux4AaABAg,1661931915.620556,Likes: 2,YouTube: Huge *Nykaa* Haul | Buying Makeup Worth ,2026-08-31T13:15:15.620822
YouTube,UgyX9YC-WS6pogEamm94AaABAg,@mohammedazhar5322,"[Video: Huge *Nykaa* Haul | Buying Makeup Worth Rs.25000 😱 | Bought Everything From My Wishlist | Worth It?]
👌👌👌👌👌👌👌👌👌👌👌👌👌👌👌👌👌👍 super 👸 Queen 💞 Happy 🥰 nice 👏👏👏",https://www.youtube.com/watch?v=tQ10RF5qgbo&lc=UgyX9YC-WS6pogEamm94AaABAg,1661931915.622644,Likes: 2,YouTube: Huge *Nykaa* Haul | Buying Makeup Worth ,2026-08-31T13:15:15.622823
YouTube,UgxiJrAZTap7zequvql4AaABAg,@anuagarwal1614,"[Video: Huge *Nykaa* Haul | Buying Makeup Worth Rs.25000 😱 | Bought Everything From My Wishlist | Worth It?]
Lazer karva liya kya aapne",https://www.youtube.com/watch?v=tQ10RF5qgbo&lc=UgxiJrAZTap7zequvql4AaABAg,1661931915.624563,Likes: 1,YouTube: Huge *Nykaa* Haul | Buying Makeup Worth ,2026-08-31T13:15:15.624759
YouTube,UgyeKyELyNMvwZ1zjn54AaABAg,@moretobab,"[Video: Huge *Nykaa* Haul | Buying Makeup Worth Rs.25000 😱 | Bought Everything From My Wishlist | Worth It?]
Wowww ♥️😍😍",https://www.youtube.com/watch?v=tQ10RF5qgbo&lc=UgyeKyELyNMvwZ1zjn54AaABAg,1661931915.626627,Likes: 1,YouTube: Huge *Nykaa* Haul | Buying Makeup Worth ,2026-08-31T13:15:15.626825
YouTube,UgzzeG79Z9ee07-YQlZ4AaABAg,@nainatadar1664,"[Video: Huge *Nykaa* Haul | Buying Makeup Worth Rs.25000 😱 | Bought Everything From My Wishlist | Worth It?]
Thank you for this video ❤️",https://www.youtube.com/watch?v=tQ10RF5qgbo&lc=UgzzeG79Z9ee07-YQlZ4AaABAg,1661931915.628633,Likes: 1,YouTube: Huge *Nykaa* Haul | Buying Makeup Worth ,2026-08-31T13:15:15.628839
YouTube,UgxfvYB_HElARMhmEyx4AaABAg.9Y_QHOXsBvq9Y__knfYG3J,@KirtiAgarwal,"[Video: Huge *Nykaa* Haul | Buying Makeup Worth Rs.25000 😱 | Bought Everything From My Wishlist | Worth It?]
Okay love💕",https://www.youtube.com/watch?v=tQ10RF5qgbo&lc=UgxfvYB_HElARMhmEyx4AaABAg.9Y_QHOXsBvq9Y__knfYG3J,1661931916.31742,Likes: 0,YouTube: Huge *Nykaa* Haul | Buying Makeup Worth ,2026-08-31T13:15:16.317684
YouTube,Ugy4H1UCire3LCS1wRZ4AaABAg.9YY_qKyQqly9YZATrIJtNT,@KirtiAgarwal,"[Video: Huge *Nykaa* Haul | Buying Makeup Worth Rs.25000 😱 | Bought Everything From My Wishlist | Worth It?]
Okay❤️💓",https://www.youtube.com/watch?v=tQ10RF5qgbo&lc=Ugy4H1UCire3LCS1wRZ4AaABAg.9YY_qKyQqly9YZATrIJtNT,1661931916.651034,Likes: 0,YouTube: Huge *Nykaa* Haul | Buying Makeup Worth ,2026-08-31T13:15:16.651538
YouTube,Ugw1Ka6uM8bcFU3ndkF4AaABAg.9YY2UGJL2GY9YZAXmJtUY9,@KirtiAgarwal,"[Video: Huge *Nykaa* Haul | Buying Makeup Worth Rs.25000 😱 | Bought Everything From My Wishlist | Worth It?]
Neckpiece is from daniel wellington",https://www.youtube.com/watch?v=tQ10RF5qgbo&lc=Ugw1Ka6uM8bcFU3ndkF4AaABAg.9YY2UGJL2GY9YZAXmJtUY9,1661931917.087187,Likes: 1,YouTube: Huge *Nykaa* Haul | Buying Makeup Worth ,2026-08-31T13:15:17.087544
YouTube,Ugy7m0xxjBQMpKVtkX54AaABAg.9YXV3Fh_Kza9YXpnbYE-E0,@KirtiAgarwal,"[Video: Huge *Nykaa* Haul | Buying Makeup Worth Rs.25000 😱 | Bought Everything From My Wishlist | Worth It?]
It’s a dress☺️",https://www.youtube.com/watch?v=tQ10RF5qgbo&lc=Ugy7m0xxjBQMpKVtkX54AaABAg.9YXV3Fh_Kza9YXpnbYE-E0,1661931917.543944,Likes: 0,YouTube: Huge *Nykaa* Haul | Buying Makeup Worth ,2026-08-31T13:15:17.544289
YouTube,Ugxn8tUyehF2WH_tclp4AaABAg.9YWJwlArkaj9YXpqwo-7fN,@KirtiAgarwal,"[Video: Huge *Nykaa* Haul | Buying Makeup Worth Rs.25000 😱 | Bought Everything From My Wishlist | Worth It?]
Thank you 🥺❤️",https://www.youtube.com/watch?v=tQ10RF5qgbo&lc=Ugxn8tUyehF2WH_tclp4AaABAg.9YWJwlArkaj9YXpqwo-7fN,1661931917.874115,Likes: 1,YouTube: Huge *Nykaa* Haul | Buying Makeup Worth ,2026-08-31T13:15:17.874350
YouTube,UgzHWxFp3gSG6C6RzhZ4AaABAg.9YVxcirBvph9YZAguLD0Sg,@KirtiAgarwal,"[Video: Huge *Nykaa* Haul | Buying Makeup Worth Rs.25000 😱 | Bought Everything From My Wishlist | Worth It?]
Thank you so much 🥺❤️💕💓",https://www.youtube.com/watch?v=tQ10RF5qgbo&lc=UgzHWxFp3gSG6C6RzhZ4AaABAg.9YVxcirBvph9YZAguLD0Sg,1661931918.629989,Likes: 1,YouTube: Huge *Nykaa* Haul | Buying Makeup Worth ,2026-08-31T13:15:18.630667
YouTube,UgzB_AIlQF0AZj_5d4l4AaABAg.9YVt8yZejb79YZAiWM7rrC,@KirtiAgarwal,"[Video: Huge *Nykaa* Haul | Buying Makeup Worth Rs.25000 😱 | Bought Everything From My Wishlist | Worth It?]
It’s a ruched dress from Amazon",https://www.youtube.com/watch?v=tQ10RF5qgbo&lc=UgzB_AIlQF0AZj_5d4l4AaABAg.9YVt8yZejb79YZAiWM7rrC,1661931918.986652,Likes: 0,YouTube: Huge *Nykaa* Haul | Buying Makeup Worth ,2026-08-31T13:15:18.986977
YouTube,Ugz9TvNdEb3yNhyI4ux4AaABAg.9YVU96raSyv9YZAqt2wjt4,@KirtiAgarwal,"[Video: Huge *Nykaa* Haul | Buying Makeup Worth Rs.25000 😱 | Bought Everything From My Wishlist | Worth It?]
Jaipur doesn’t have any such market according to me and even if it’s there, I don’t know about it🥺
But I do know few thrift stores like Nakoda Export Sale",https://www.youtube.com/watch?v=tQ10RF5qgbo&lc=Ugz9TvNdEb3yNhyI4ux4AaABAg.9YVU96raSyv9YZAqt2wjt4,1661931919.48628,Likes: 2,YouTube: Huge *Nykaa* Haul | Buying Makeup Worth ,2026-08-31T13:15:19.486593
YouTube,UgxiJrAZTap7zequvql4AaABAg.9YVU1TNunlF9YZAt4Fdbeu,@KirtiAgarwal,"[Video: Huge *Nykaa* Haul | Buying Makeup Worth Rs.25000 😱 | Bought Everything From My Wishlist | Worth It?]
It’s a long process love
It’ll take months",https://www.youtube.com/watch?v=tQ10RF5qgbo&lc=UgxiJrAZTap7zequvql4AaABAg.9YVU1TNunlF9YZAt4Fdbeu,1661931919.791274,Likes: 1,YouTube: Huge *Nykaa* Haul | Buying Makeup Worth ,2026-08-31T13:15:19.791506
YouTube,UgyeKyELyNMvwZ1zjn54AaABAg.9YVRFwKsuPk9YZAuN8czkS,@KirtiAgarwal,"[Video: Huge *Nykaa* Haul | Buying Makeup Worth Rs.25000 😱 | Bought Everything From My Wishlist | Worth It?]
Thank you ❤️",https://www.youtube.com/watch?v=tQ10RF5qgbo&lc=UgyeKyELyNMvwZ1zjn54AaABAg.9YVRFwKsuPk9YZAuN8czkS,1661931920.158689,Likes: 0,YouTube: Huge *Nykaa* Haul | Buying Makeup Worth ,2026-08-31T13:15:20.158954
YouTube,UgzzeG79Z9ee07-YQlZ4AaABAg.9YVQw12ReAV9YZAtouD12S,@KirtiAgarwal,"[Video: Huge *Nykaa* Haul | Buying Makeup Worth Rs.25000 😱 | Bought Everything From My Wishlist | Worth It?]
❤️",https://www.youtube.com/watch?v=tQ10RF5qgbo&lc=UgzzeG79Z9ee07-YQlZ4AaABAg.9YVQw12ReAV9YZAtouD12S,1661931920.878535,Likes: 0,YouTube: Huge *Nykaa* Haul | Buying Makeup Worth ,2026-08-31T13:15:20.878952
YouTube,Ugy_j52lbRAj7bFwZrF4AaABAg,@sagarikakumar13,"[Video: Valentines Day Gift Ideas | My Nykaa Wishlist | Makeup Mischief]
dont buy the huda mini liquid lipstick set. I bought the same set and all the shades washed me out and looks terrible on Indian skin tone.",https://www.youtube.com/watch?v=AbxAaX97S7A&lc=Ugy_j52lbRAj7bFwZrF4AaABAg,1567237612.448257,Likes: 1,YouTube: Valentines Day Gift Ideas | My Nykaa Wis,2026-08-31T13:16:52.448736
YouTube,UgxXH16ohsrJxzjQIGd4AaABAg,@beingsolo80,"[Video: Valentines Day Gift Ideas | My Nykaa Wishlist | Makeup Mischief]
Hello from Israel. You are VERY sweet :)",https://www.youtube.com/watch?v=AbxAaX97S7A&lc=UgxXH16ohsrJxzjQIGd4AaABAg,1567237612.452469,Likes: 1,YouTube: Valentines Day Gift Ideas | My Nykaa Wis,2026-08-31T13:16:52.452931
YouTube,UgxDOvT0FVwpwP7sQbF4AaABAg,@ammujayan6031,"[Video: Valentines Day Gift Ideas | My Nykaa Wishlist | Makeup Mischief]
👍",https://www.youtube.com/watch?v=AbxAaX97S7A&lc=UgxDOvT0FVwpwP7sQbF4AaABAg,1567237612.456863,Likes: 1,YouTube: Valentines Day Gift Ideas | My Nykaa Wis,2026-08-31T13:16:52.457284
YouTube,Ugy_j52lbRAj7bFwZrF4AaABAg.8rFP_TIMi_c8rFQnNJkEhc,@MakeupMischief01,"[Video: Valentines Day Gift Ideas | My Nykaa Wishlist | Makeup Mischief]
Thanks a lot! You saved me almost 3 grand! See this is why I love youtube and the Indian beauty community. We help each other out! hugs 🥰",https://www.youtube.com/watch?v=AbxAaX97S7A&lc=Ugy_j52lbRAj7bFwZrF4AaABAg.8rFP_TIMi_c8rFQnNJkEhc,1567237612.944544,Likes: 0,YouTube: Valentines Day Gift Ideas | My Nykaa Wis,2026-08-31T13:16:52.944816
YouTube,Ugy_j52lbRAj7bFwZrF4AaABAg.8rFP_TIMi_c8rFSBfjufdr,@sagarikakumar13,"[Video: Valentines Day Gift Ideas | My Nykaa Wishlist | Makeup Mischief]
 @MakeupMischief01  yeah all the huda beauty shades are for extremely light skin tones",https://www.youtube.com/watch?v=AbxAaX97S7A&lc=Ugy_j52lbRAj7bFwZrF4AaABAg.8rFP_TIMi_c8rFSBfjufdr,1567237612.946682,Likes: 0,YouTube: Valentines Day Gift Ideas | My Nykaa Wis,2026-08-31T13:16:52.946906
YouTube,UgxXH16ohsrJxzjQIGd4AaABAg.8rE-V_nqlyp8rEnYY4d-7x,@MakeupMischief01,"[Video: Valentines Day Gift Ideas | My Nykaa Wishlist | Makeup Mischief]
Thank you!",https://www.youtube.com/watch?v=AbxAaX97S7A&lc=UgxXH16ohsrJxzjQIGd4AaABAg.8rE-V_nqlyp8rEnYY4d-7x,1567237613.325332,Likes: 0,YouTube: Valentines Day Gift Ideas | My Nykaa Wis,2026-08-31T13:16:53.325723
YouTube,Ugy4ef3f3Uuw_BYa9054AaABAg,@mann9977,"[Video: NYKAA HOT PINK SALE HAUL I BEST DEALS ON MAKEUP, SKINCARE & HAIRCARE (PART-1) I SHREYA JAIN I]
Much needed video as the sale is starting tomorrow 
Dot and key is in my wishlist too 🥰😍 tq shreya loads of love♥️♥️",https://www.youtube.com/watch?v=jkIKGfPx3-0&lc=Ugy4ef3f3Uuw_BYa9054AaABAg,1598860018.668164,Likes: 0,YouTube: NYKAA HOT PINK SALE HAUL I BEST DEALS ON,2026-08-31T13:16:58.668487
YouTube,Ugyndq2XXIxWzoamB6J4AaABAg,@krishma1680,"[Video: My Myntra Haul Wishlist | Things you can buy once the lockdown is over | Tanisha Rathod]
I am in love with the rose pink dress with maroon animal prints it's superb 😍❤️. Loved the whole wishlist haul",https://www.youtube.com/watch?v=-qE7Q0PtoUw&lc=Ugyndq2XXIxWzoamB6J4AaABAg,1630396335.099074,Likes: 2,YouTube: My Myntra Haul Wishlist | Things you can,2026-08-31T13:22:15.099387
YouTube,UgxIktWKfUtdrNRRSf94AaABAg,@永田浩幸-q1y,"[Video: Shopped My Entire Wishlist from Amazon, Nykaa, Myntra & H&M,Tira..😍Huge Haul |Swati Rathi #trending]
え円て",https://www.youtube.com/watch?v=zXc3wn0rrpI&lc=UgxIktWKfUtdrNRRSf94AaABAg,1759218752.168731,Likes: 0,"YouTube: Shopped My Entire Wishlist from Amazon, ",2026-08-31T13:22:32.169024
YouTube,Ugzw_FhL1ve7c25SLCd4AaABAg,@divyanikam2004,"[Video: Shopped My Entire Wishlist from Amazon, Nykaa, Myntra & H&M,Tira..😍Huge Haul |Swati Rathi #trending]
Shoes link?",https://www.youtube.com/watch?v=zXc3wn0rrpI&lc=Ugzw_FhL1ve7c25SLCd4AaABAg,1756626752.171631,Likes: 0,"YouTube: Shopped My Entire Wishlist from Amazon, ",2026-08-31T13:22:32.171882
YouTube,Ugxz77yX0H651hLwj854AaABAg,@IramGul-k1t,"[Video: Shopped My Entire Wishlist from Amazon, Nykaa, Myntra & H&M,Tira..😍Huge Haul |Swati Rathi #trending]
cutie",https://www.youtube.com/watch?v=zXc3wn0rrpI&lc=Ugxz77yX0H651hLwj854AaABAg,1756626752.173922,Likes: 0,"YouTube: Shopped My Entire Wishlist from Amazon, ",2026-08-31T13:22:32.174130
YouTube,Ugyt5wXnPsCTWu2akod4AaABAg,@UtterButterSutter,"[Video: Shopped My Entire Wishlist from Amazon, Nykaa, Myntra & H&M,Tira..😍Huge Haul |Swati Rathi #trending]
@UtterButterSutter",https://www.youtube.com/watch?v=zXc3wn0rrpI&lc=Ugyt5wXnPsCTWu2akod4AaABAg,1756626752.176097,Likes: 0,"YouTube: Shopped My Entire Wishlist from Amazon, ",2026-08-31T13:22:32.176334
YouTube,UgwzmqDnAi5xnSm8wyV4AaABAg,@Zartasha.0,"[Video: Shopped My Entire Wishlist from Amazon, Nykaa, Myntra & H&M,Tira..😍Huge Haul |Swati Rathi #trending]
love your all videos",https://www.youtube.com/watch?v=zXc3wn0rrpI&lc=UgwzmqDnAi5xnSm8wyV4AaABAg,1756626752.178329,Likes: 0,"YouTube: Shopped My Entire Wishlist from Amazon, ",2026-08-31T13:22:32.178553
YouTube,Ugz3yLH-FPTnoH_xC-J4AaABAg,@streamingmadness,"[Video: Shopped My Entire Wishlist from Amazon, Nykaa, Myntra & H&M,Tira..😍Huge Haul |Swati Rathi #trending]
Love your haul vlogs ❤",https://www.youtube.com/watch?v=zXc3wn0rrpI&lc=Ugz3yLH-FPTnoH_xC-J4AaABAg,1756626752.180688,Likes: 0,"YouTube: Shopped My Entire Wishlist from Amazon, ",2026-08-31T13:22:32.180917
YouTube,UgzWY1MQaYtbeUXLdVV4AaABAg,@kavyabagala1596,"[Video: Shopped My Entire Wishlist from Amazon, Nykaa, Myntra & H&M,Tira..😍Huge Haul |Swati Rathi #trending]
Card holder link?",https://www.youtube.com/watch?v=zXc3wn0rrpI&lc=UgzWY1MQaYtbeUXLdVV4AaABAg,1756626752.182951,Likes: 0,"YouTube: Shopped My Entire Wishlist from Amazon, ",2026-08-31T13:22:32.183177
YouTube,UgzMRSxnGIsRERGfs4Z4AaABAg,@Shivamsanatani798,"[Video: Shopped My Entire Wishlist from Amazon, Nykaa, Myntra & H&M,Tira..😍Huge Haul |Swati Rathi #trending]
I have also this tint and shade bhi YHI he mene zyada use nhi Kiya he kyuki mujhe esa lgta he garmi me yeh zyada sweat krta he thando ke liye thek rahega shayad or haa I am waiting mam app es tint ka honest review dena mam please I am waiting 😢😢",https://www.youtube.com/watch?v=zXc3wn0rrpI&lc=UgzMRSxnGIsRERGfs4Z4AaABAg,1756626752.185184,Likes: 0,"YouTube: Shopped My Entire Wishlist from Amazon, ",2026-08-31T13:22:32.185476
YouTube,UgybFDf_9b9nuNI-TwZ4AaABAg,@niharikamutneja8720,"[Video: Shopped My Entire Wishlist from Amazon, Nykaa, Myntra & H&M,Tira..😍Huge Haul |Swati Rathi #trending]
I think awaj okay aa ri hai... Swati baki youtuber ki trh shor ni krti h .... Islie shyd ajeeb lg ra hoga😎",https://www.youtube.com/watch?v=zXc3wn0rrpI&lc=UgybFDf_9b9nuNI-TwZ4AaABAg,1756626752.187464,Likes: 0,"YouTube: Shopped My Entire Wishlist from Amazon, ",2026-08-31T13:22:32.187697
YouTube,UgxemqBFJMy01gDCePJ4AaABAg,@niharikamutneja8720,"[Video: Shopped My Entire Wishlist from Amazon, Nykaa, Myntra & H&M,Tira..😍Huge Haul |Swati Rathi #trending]
Swati ye jo Flipkart wali jean thi uska link kaha h?",https://www.youtube.com/watch?v=zXc3wn0rrpI&lc=UgxemqBFJMy01gDCePJ4AaABAg,1756626752.1897,Likes: 0,"YouTube: Shopped My Entire Wishlist from Amazon, ",2026-08-31T13:22:32.189921
YouTube,UgxFs8dBV4ETiJ4kW1V4AaABAg,@SimarGill-q1k,"[Video: Shopped My Entire Wishlist from Amazon, Nykaa, Myntra & H&M,Tira..😍Huge Haul |Swati Rathi #trending]
U r not audible dear barely hear u invest in good quality speaker ❤",https://www.youtube.com/watch?v=zXc3wn0rrpI&lc=UgxFs8dBV4ETiJ4kW1V4AaABAg,1756626752.191956,Likes: 0,"YouTube: Shopped My Entire Wishlist from Amazon, ",2026-08-31T13:22:32.192193
YouTube,Ugx41oEEK31ftuLmPfN4AaABAg,@SimarGill-q1k,"[Video: Shopped My Entire Wishlist from Amazon, Nykaa, Myntra & H&M,Tira..😍Huge Haul |Swati Rathi #trending]
Volume low darling 😢",https://www.youtube.com/watch?v=zXc3wn0rrpI&lc=Ugx41oEEK31ftuLmPfN4AaABAg,1756626752.194277,Likes: 1,"YouTube: Shopped My Entire Wishlist from Amazon, ",2026-08-31T13:22:32.194486
YouTube,UgybPXZUE3-uJhWk0Hl4AaABAg,@Namrata_Raykar,"[Video: Shopped My Entire Wishlist from Amazon, Nykaa, Myntra & H&M,Tira..😍Huge Haul |Swati Rathi #trending]
Mike lagao please awaj he nhi aati jyada",https://www.youtube.com/watch?v=zXc3wn0rrpI&lc=UgybPXZUE3-uJhWk0Hl4AaABAg,1756626752.196866,Likes: 0,"YouTube: Shopped My Entire Wishlist from Amazon, ",2026-08-31T13:22:32.197196
YouTube,Ugywc8jRyOVS0dDZMSt4AaABAg,@DipshikhaBarman-xr5rc,"[Video: Shopped My Entire Wishlist from Amazon, Nykaa, Myntra & H&M,Tira..😍Huge Haul |Swati Rathi #trending]
Dii pehna hua black top link Dena",https://www.youtube.com/watch?v=zXc3wn0rrpI&lc=Ugywc8jRyOVS0dDZMSt4AaABAg,1756626752.200122,Likes: 0,"YouTube: Shopped My Entire Wishlist from Amazon, ",2026-08-31T13:22:32.200441
YouTube,Ugzjt1JxX3s0DnDF5bN4AaABAg,@kamaljeetkaursandhu676,"[Video: Shopped My Entire Wishlist from Amazon, Nykaa, Myntra & H&M,Tira..😍Huge Haul |Swati Rathi #trending]
❤❤❤❤❤❤",https://www.youtube.com/watch?v=zXc3wn0rrpI&lc=Ugzjt1JxX3s0DnDF5bN4AaABAg,1756626752.20328,Likes: 1,"YouTube: Shopped My Entire Wishlist from Amazon, ",2026-08-31T13:22:32.203566
YouTube,UgyHQAGwIVMTUeK9nkF4AaABAg,@Kushi-vm8lk,"[Video: Shopped My Entire Wishlist from Amazon, Nykaa, Myntra & H&M,Tira..😍Huge Haul |Swati Rathi #trending]
Omg dii blue suit look so pretty",https://www.youtube.com/watch?v=zXc3wn0rrpI&lc=UgyHQAGwIVMTUeK9nkF4AaABAg,1756626752.20633,Likes: 2,"YouTube: Shopped My Entire Wishlist from Amazon, ",2026-08-31T13:22:32.206626
YouTube,UgyWrx5fb60JHqI4fSt4AaABAg,@im.Mallika_a,"[Video: Shopped My Entire Wishlist from Amazon, Nykaa, Myntra & H&M,Tira..😍Huge Haul |Swati Rathi #trending]
:popcorn-yellow-striped-smile: Hey, my BIRTHDAY TWIN!
Glad to be a part of your channel for quite sometime now.

Thanks for such an amazing video.
♡ xoxo.",https://www.youtube.com/watch?v=zXc3wn0rrpI&lc=UgyWrx5fb60JHqI4fSt4AaABAg,1756626752.209576,Likes: 4,"YouTube: Shopped My Entire Wishlist from Amazon, ",2026-08-31T13:22:32.209929
YouTube,UgzlxWlzFV79ceFMJ8F4AaABAg,@muskanmandal3530,"[Video: Shopped My Entire Wishlist from Amazon, Nykaa, Myntra & H&M,Tira..😍Huge Haul |Swati Rathi #trending]
first comment pin plzz maam",https://www.youtube.com/watch?v=zXc3wn0rrpI&lc=UgzlxWlzFV79ceFMJ8F4AaABAg,1756626752.212316,Likes: 0,"YouTube: Shopped My Entire Wishlist from Amazon, ",2026-08-31T13:22:32.212535
YouTube,UgyMTwcGNE3zL5HFbjt4AaABAg,@mansoor3159,"[Video: Shopped My Entire Wishlist from Amazon, Nykaa, Myntra & H&M,Tira..😍Huge Haul |Swati Rathi #trending]
Swati I am your Biggest Biggest fan and You are My All Time Comfort Youtuber As Always💖💖",https://www.youtube.com/watch?v=zXc3wn0rrpI&lc=UgyMTwcGNE3zL5HFbjt4AaABAg,1756626752.214591,Likes: 3,"YouTube: Shopped My Entire Wishlist from Amazon, ",2026-08-31T13:22:32.214813
YouTube,UgzX8b_aZJkkedTTCgl4AaABAg,@JhalakZindagi,"[Video: Myntra End Of Reason Sale | India's Biggest Fashion & Beauty Sale Is Back | Best of Fashion & Beauty]
I am ready full fill my wish list ☺️🥻🥻🥻🥻",https://www.youtube.com/watch?v=9KlkJN9qSDA&lc=UgzX8b_aZJkkedTTCgl4AaABAg,1693468364.439686,Likes: 1,YouTube: Myntra End Of Reason Sale | India's Bigg,2026-08-31T13:22:44.439958
YouTube,Ugw9JBJ6tbbN2N-D8K14AaABAg,@LEVEL_UP_LYF,"[Video: My Personalised *MYNTRA WISHLIST* For This SALE Season]
Bro na daggara kuda wish list undi bro niku chupiddamani anukuntunna pls bro",https://www.youtube.com/watch?v=cHxbFSiI3RM&lc=Ugw9JBJ6tbbN2N-D8K14AaABAg,1693468376.72123,Likes: 0,YouTube: My Personalised *MYNTRA WISHLIST* For Th,2026-08-31T13:22:56.721486
YouTube,Ugy-zEPSTKwLkpL9WAt4AaABAg,@viratnani2147,"[Video: My Personalised *MYNTRA WISHLIST* For This SALE Season]
Anna ni roush black formal shoes  link pettu anna nenu wishlist lo pettukunta tharvata reletive marrage ki konukuntaaa plZz ee anna❤️❤️",https://www.youtube.com/watch?v=cHxbFSiI3RM&lc=Ugy-zEPSTKwLkpL9WAt4AaABAg,1693468379.952905,Likes: 1,YouTube: My Personalised *MYNTRA WISHLIST* For Th,2026-08-31T13:22:59.953247
YouTube,UgwL_-YXO9aodvhXFPJ4AaABAg,@trinadhmanda5593,"[Video: My Myntra WISHLIST🛍️ | Top 7 *REDICULOUS* Picks From ""MYNTRA"" Right To Fashion Sale]
Brooo.
Miru.correct ga observe cheyatam ledhu..nenu chala vaatini 2 or 3 weeks nunchi wish lo vunchi price rate ela change avthundho observe chesa..... Eee offer mudhee.manchi discounts vunnnayi....and this is manipulated deals....for example nenu last week 2 t shirts and oka sweat shirt wish list lo.petta.. Appudu vaati cost vachesi 1889/..ippudu freedom sale cheppi vatini 2199/ sell vhesthunnadu...CHALA OBSERVE chesi vedio cheyyali bro..ledhante manake nastam mari",https://www.youtube.com/watch?v=4oNIp_pmN28&lc=UgwL_-YXO9aodvhXFPJ4AaABAg,1661932418.326715,Likes: 6,YouTube: My Myntra WISHLIST🛍️ | Top 7 *REDICULOUS,2026-08-31T13:23:38.326996
YouTube,UgxkjnO0DgOBKgMsBqd4AaABAg,@pranateechhotray,"[Video: MYNTRA SALE What to shop My wishlist/recommendation || SAPNA RAI]
Aap logo ko itna sasta kaise milta hai , mein Jo v wishlist m rakhi thi kafi Dino pehle uska price jitna tha abhi v utna hi hai, bass reall price bada Diya hai aur offer se pehle jitna tha price abhi v hai 
Fir example ( 1000 - 600 ) offer price 1600 - 600 
Yehi hota hai bass logo ko pagal banata hai Myntra",https://www.youtube.com/watch?v=UjSxGc2gHsU&lc=UgxkjnO0DgOBKgMsBqd4AaABAg,1661932441.18401,Likes: 2,YouTube: MYNTRA SALE What to shop My wishlist/rec,2026-08-31T13:24:01.184301
YouTube,Ugx2a9WyEOY6eVtKggJ4AaABAg,@shaluthakur8045,"[Video: MYNTRA SALE What to shop My wishlist/recommendation || SAPNA RAI]
Thankyouuuu, gonna wishlist now 😀💛💙💜💚 love u ♥",https://www.youtube.com/watch?v=UjSxGc2gHsU&lc=Ugx2a9WyEOY6eVtKggJ4AaABAg,1661932441.186535,Likes: 2,YouTube: MYNTRA SALE What to shop My wishlist/rec,2026-08-31T13:24:01.186843
YouTube,UgwlcDR6-J3IRwLSYMV4AaABAg,@mayuriakubattin,"[Video: H&M, Myntra, Nykaa Fashion : HUGE CLOTHING HAUL😍 | Manasi Mau]
I added most of them to my wishlist 😍😄✌🏼😊",https://www.youtube.com/watch?v=dq-mYNolPfk&lc=UgwlcDR6-J3IRwLSYMV4AaABAg,1630396494.387844,Likes: 1,"YouTube: H&M, Myntra, Nykaa Fashion : HUGE CLOTHI",2026-08-31T13:24:54.388084
YouTube,UgxtykM25fvVGmFEJJt4AaABAg,@anjalimali10,"[Video: H&M, Myntra, Nykaa Fashion : HUGE CLOTHING HAUL😍 | Manasi Mau]
Now all the products are going to my wish list 😁",https://www.youtube.com/watch?v=dq-mYNolPfk&lc=UgxtykM25fvVGmFEJJt4AaABAg,1630396494.396457,Likes: 1,"YouTube: H&M, Myntra, Nykaa Fashion : HUGE CLOTHI",2026-08-31T13:24:54.396669
YouTube,UgzN6iFXFhNh3vj2a8V4AaABAg,@bettysaha2586,"[Video: HUGE NYKAA HAUL II WISHFUL WISHLIST #nykaahaul #nykaa]
Noisy background!! There are so many soft tunes. My ears were aching halfway through the video. Just stopped watching",https://www.youtube.com/watch?v=EFGIHPJocF4&lc=UgzN6iFXFhNh3vj2a8V4AaABAg,1693468641.318017,Likes: 0,YouTube: HUGE NYKAA HAUL II WISHFUL WISHLIST #nyk,2026-08-31T13:27:21.318438
YouTube,UgzN6iFXFhNh3vj2a8V4AaABAg.9fOXVpkPatm9fPRGJAqj4O,@TheMishglamSharmishta,"[Video: HUGE NYKAA HAUL II WISHFUL WISHLIST #nykaahaul #nykaa]
Sorry for the inconvenience caused.....
I will make sure that it won't happen again...",https://www.youtube.com/watch?v=EFGIHPJocF4&lc=UgzN6iFXFhNh3vj2a8V4AaABAg.9fOXVpkPatm9fPRGJAqj4O,1693468641.623619,Likes: 0,YouTube: HUGE NYKAA HAUL II WISHFUL WISHLIST #nyk,2026-08-31T13:27:21.624249
YouTube,Ugy4KcufGGM_xitwMt54AaABAg,@darshanadivraniya3897,"[Video: My BIRTHDAY Wishlist HAUL 🎂🛍️Outfits/Fragrance/Makeup & MORE😍 ThatQuirkyMiss]
It's our birthday month and it started with my favorite influencer surprising us with a bonus video, yayyyy!! 🎊🫶🏻",https://www.youtube.com/watch?v=xnD7HxqCHic&lc=Ugy4KcufGGM_xitwMt54AaABAg,1785484655.502497,Likes: 1,YouTube: My BIRTHDAY Wishlist HAUL 🎂🛍️Outfits/Fra,2026-08-31T13:27:35.502812
YouTube,UgxLrIu1JDsTZ4UK-nR4AaABAg,@darshanadivraniya3897,"[Video: My BIRTHDAY Wishlist HAUL 🎂🛍️Outfits/Fragrance/Makeup & MORE😍 ThatQuirkyMiss]
It's our birthday month and it started with my favorite influencer surprising us with a bonus video, yayyyy!! 🎊🫶🏻",https://www.youtube.com/watch?v=xnD7HxqCHic&lc=UgxLrIu1JDsTZ4UK-nR4AaABAg,1785484655.507012,Likes: 2,YouTube: My BIRTHDAY Wishlist HAUL 🎂🛍️Outfits/Fra,2026-08-31T13:27:35.507355
YouTube,UgzSspPChgXPevdkcQR4AaABAg,@mk007reality2,"[Video: Huge *Nykaa* Haul | Buying Everything From My Wishlist | Things You Must Try 🔥🔥#Nykaa #NykaaHaul 😱😱]
Owo",https://www.youtube.com/watch?v=XcZzJ-_kEGI&lc=UgzSspPChgXPevdkcQR4AaABAg,1661932737.503955,Likes: 1,YouTube: Huge *Nykaa* Haul | Buying Everything Fr,2026-08-31T13:28:57.504442
YouTube,Ugzz0W6pFhUH_n0bLpF4AaABAg,@badalbarman8537,"[Video: Huge *Nykaa* Haul | Buying Everything From My Wishlist | Things You Must Try 🔥🔥#Nykaa #NykaaHaul 😱😱]
👌👌👌👌",https://www.youtube.com/watch?v=XcZzJ-_kEGI&lc=Ugzz0W6pFhUH_n0bLpF4AaABAg,1661932737.508423,Likes: 0,YouTube: Huge *Nykaa* Haul | Buying Everything Fr,2026-08-31T13:28:57.508913
YouTube,UgwN0Xd1QzLoEc-7P0d4AaABAg,@sobiasobia5255,"[Video: Huge *Nykaa* Haul | Buying Everything From My Wishlist | Things You Must Try 🔥🔥#Nykaa #NykaaHaul 😱😱]
Boht khub,boht enjoy kia ap ki shopping dekh kr,bag boht cute tha,🥰🥰🥰",https://www.youtube.com/watch?v=XcZzJ-_kEGI&lc=UgwN0Xd1QzLoEc-7P0d4AaABAg,1661932737.512766,Likes: 0,YouTube: Huge *Nykaa* Haul | Buying Everything Fr,2026-08-31T13:28:57.513203
YouTube,Ugw88SX2WzPtKCVPfCp4AaABAg,@souviksantra1999,"[Video: Huge *Nykaa* Haul | Buying Everything From My Wishlist | Things You Must Try 🔥🔥#Nykaa #NykaaHaul 😱😱]
Nice",https://www.youtube.com/watch?v=XcZzJ-_kEGI&lc=Ugw88SX2WzPtKCVPfCp4AaABAg,1661932737.517095,Likes: 0,YouTube: Huge *Nykaa* Haul | Buying Everything Fr,2026-08-31T13:28:57.517491
YouTube,UgwM_VCN4MQTDB5rD814AaABAg,@mrityunjoydatta1175,"[Video: Huge *Nykaa* Haul | Buying Everything From My Wishlist | Things You Must Try 🔥🔥#Nykaa #NykaaHaul 😱😱]
❤️👌",https://www.youtube.com/watch?v=XcZzJ-_kEGI&lc=UgwM_VCN4MQTDB5rD814AaABAg,1661932737.519659,Likes: 0,YouTube: Huge *Nykaa* Haul | Buying Everything Fr,2026-08-31T13:28:57.519870
YouTube,Ugzz0W6pFhUH_n0bLpF4AaABAg.9ZJLDyAAC4x9ZK8JfWfmIN,@payelvlogs7292,"[Video: Huge *Nykaa* Haul | Buying Everything From My Wishlist | Things You Must Try 🔥🔥#Nykaa #NykaaHaul 😱😱]
Thank you 🥰🥰",https://www.youtube.com/watch?v=XcZzJ-_kEGI&lc=Ugzz0W6pFhUH_n0bLpF4AaABAg.9ZJLDyAAC4x9ZK8JfWfmIN,1661932738.266721,Likes: 0,YouTube: Huge *Nykaa* Haul | Buying Everything Fr,2026-08-31T13:28:58.266965
YouTube,UgwN0Xd1QzLoEc-7P0d4AaABAg.9ZJ3nUUoffh9ZJEjpw4vNl,@payelvlogs7292,"[Video: Huge *Nykaa* Haul | Buying Everything From My Wishlist | Things You Must Try 🔥🔥#Nykaa #NykaaHaul 😱😱]
Thank you so much 🥰🥰",https://www.youtube.com/watch?v=XcZzJ-_kEGI&lc=UgwN0Xd1QzLoEc-7P0d4AaABAg.9ZJ3nUUoffh9ZJEjpw4vNl,1661932738.632668,Likes: 0,YouTube: Huge *Nykaa* Haul | Buying Everything Fr,2026-08-31T13:28:58.633179
YouTube,Ugw88SX2WzPtKCVPfCp4AaABAg.9ZIXhTv0gNt9ZIatJs7ZI-,@payelvlogs7292,"[Video: Huge *Nykaa* Haul | Buying Everything From My Wishlist | Things You Must Try 🔥🔥#Nykaa #NykaaHaul 😱😱]
Thank you 🥰",https://www.youtube.com/watch?v=XcZzJ-_kEGI&lc=Ugw88SX2WzPtKCVPfCp4AaABAg.9ZIXhTv0gNt9ZIatJs7ZI-,1661932739.008755,Likes: 0,YouTube: Huge *Nykaa* Haul | Buying Everything Fr,2026-08-31T13:28:59.009090
YouTube,UgwM_VCN4MQTDB5rD814AaABAg.9ZH_xHqfNLr9ZHbqGVSwpE,@payelvlogs7292,"[Video: Huge *Nykaa* Haul | Buying Everything From My Wishlist | Things You Must Try 🔥🔥#Nykaa #NykaaHaul 😱😱]
Thank you 🥰",https://www.youtube.com/watch?v=XcZzJ-_kEGI&lc=UgwM_VCN4MQTDB5rD814AaABAg.9ZH_xHqfNLr9ZHbqGVSwpE,1661932739.319068,Likes: 0,YouTube: Huge *Nykaa* Haul | Buying Everything Fr,2026-08-31T13:28:59.319406
YouTube,Ugzil7gY3hPKjfFdztt4AaABAg,@dayitajain1168,"[Video: Big Nykaa Haul!! Buying everything from my Wishlist | Dhwani Bhatt]
Where is ur top from???",https://www.youtube.com/watch?v=uu5sFChprss&lc=Ugzil7gY3hPKjfFdztt4AaABAg,1693468876.50632,Likes: 0,YouTube: Big Nykaa Haul!! Buying everything from ,2026-08-31T13:31:16.506691
YouTube,UgxZWchzsZ8jESg_0TZ4AaABAg,@CFxDevesh,"[Video: Big Nykaa Haul!! Buying everything from my Wishlist | Dhwani Bhatt]
❤️❤️❤️❤️",https://www.youtube.com/watch?v=uu5sFChprss&lc=UgxZWchzsZ8jESg_0TZ4AaABAg,1693468876.509949,Likes: 0,YouTube: Big Nykaa Haul!! Buying everything from ,2026-08-31T13:31:16.510256
YouTube,Ugwc72ALOo6uGcCHBc54AaABAg,@akshaypatil.1408,"[Video: Big Nykaa Haul!! Buying everything from my Wishlist | Dhwani Bhatt]
❤️❤️",https://www.youtube.com/watch?v=uu5sFChprss&lc=Ugwc72ALOo6uGcCHBc54AaABAg,1693468876.512607,Likes: 0,YouTube: Big Nykaa Haul!! Buying everything from ,2026-08-31T13:31:16.512848
YouTube,UgzN3PTcC2QcU40VuZB4AaABAg,@Mihir1909,"[Video: Big Nykaa Haul!! Buying everything from my Wishlist | Dhwani Bhatt]
not interested in the makeup products....but just looking at ur cute expressions 😘😘😘😘",https://www.youtube.com/watch?v=uu5sFChprss&lc=UgzN3PTcC2QcU40VuZB4AaABAg,1693468876.515187,Likes: 0,YouTube: Big Nykaa Haul!! Buying everything from ,2026-08-31T13:31:16.515461
YouTube,UgzNmOvlC0oDc-WKOzV4AaABAg,@Utsaviii,"[Video: Big Nykaa Haul!! Buying everything from my Wishlist | Dhwani Bhatt]
After so long 🥹🥹",https://www.youtube.com/watch?v=uu5sFChprss&lc=UgzNmOvlC0oDc-WKOzV4AaABAg,1693468876.517697,Likes: 0,YouTube: Big Nykaa Haul!! Buying everything from ,2026-08-31T13:31:16.518093
YouTube,UgzqdH71MOwLtRyc-Jl4AaABAg,@Lifeasrid,"[Video: Big Nykaa Haul!! Buying everything from my Wishlist | Dhwani Bhatt]
Dhwaniiii after soooooooo long yaaaa",https://www.youtube.com/watch?v=uu5sFChprss&lc=UgzqdH71MOwLtRyc-Jl4AaABAg,1693468876.520476,Likes: 0,YouTube: Big Nykaa Haul!! Buying everything from ,2026-08-31T13:31:16.520755
YouTube,UgyeOMxoWC5DA3eL5Hl4AaABAg,@Mundugaming77,"[Video: Big Nykaa Haul!! Buying everything from my Wishlist | Dhwani Bhatt]
Mujhe toh Makeup  mein koi interest bhi nhi par fir bhi puree 20min 23 sec video dekhi maine( dhwani effect)",https://www.youtube.com/watch?v=uu5sFChprss&lc=UgyeOMxoWC5DA3eL5Hl4AaABAg,1693468876.523027,Likes: 0,YouTube: Big Nykaa Haul!! Buying everything from ,2026-08-31T13:31:16.523362
YouTube,UgwTBrnTIUZndvVKrJF4AaABAg,@FariMirza,"[Video: Big Nykaa Haul!! Buying everything from my Wishlist | Dhwani Bhatt]
I loveee the old background music Dhwanii, old haul videos vibe!!❤️💖",https://www.youtube.com/watch?v=uu5sFChprss&lc=UgwTBrnTIUZndvVKrJF4AaABAg,1693468876.525632,Likes: 2,YouTube: Big Nykaa Haul!! Buying everything from ,2026-08-31T13:31:16.525955
YouTube,UgxcxQAVE-sRObV0ZnN4AaABAg,@Anthropology360,"[Video: Big Nykaa Haul!! Buying everything from my Wishlist | Dhwani Bhatt]
That light is pretty distracting",https://www.youtube.com/watch?v=uu5sFChprss&lc=UgxcxQAVE-sRObV0ZnN4AaABAg,1693468876.528414,Likes: 0,YouTube: Big Nykaa Haul!! Buying everything from ,2026-08-31T13:31:16.528664
YouTube,UgwSKeVTxsC06pXDxYZ4AaABAg,@imhappie,"[Video: Big Nykaa Haul!! Buying everything from my Wishlist | Dhwani Bhatt]
Aap video leke aaye main channel pe... Phool khile hai gulshan gulshan 🤭😅",https://www.youtube.com/watch?v=uu5sFChprss&lc=UgwSKeVTxsC06pXDxYZ4AaABAg,1693468876.53123,Likes: 0,YouTube: Big Nykaa Haul!! Buying everything from ,2026-08-31T13:31:16.531637
YouTube,Ugw16GLjjFQO--OzM014AaABAg,@gayatribhosle2669,"[Video: Big Nykaa Haul!! Buying everything from my Wishlist | Dhwani Bhatt]
dhwani di is back!",https://www.youtube.com/watch?v=uu5sFChprss&lc=Ugw16GLjjFQO--OzM014AaABAg,1693468876.5351,Likes: 1,YouTube: Big Nykaa Haul!! Buying everything from ,2026-08-31T13:31:16.535482
YouTube,UgxoaotfzLTpHj1vgDB4AaABAg,@ayeshafur,"[Video: Big Nykaa Haul!! Buying everything from my Wishlist | Dhwani Bhatt]
👍",https://www.youtube.com/watch?v=uu5sFChprss&lc=UgxoaotfzLTpHj1vgDB4AaABAg,1693468876.537869,Likes: 0,YouTube: Big Nykaa Haul!! Buying everything from ,2026-08-31T13:31:16.538199
YouTube,UgwVX2puWcM4JfVVKzh4AaABAg,@anokhishah3578,"[Video: Big Nykaa Haul!! Buying everything from my Wishlist | Dhwani Bhatt]
Yayyy finallyyy after a longgg timee...looking forward for such more vids and especially WEDDING content 💗🤌🎉super excited",https://www.youtube.com/watch?v=uu5sFChprss&lc=UgwVX2puWcM4JfVVKzh4AaABAg,1693468876.540578,Likes: 0,YouTube: Big Nykaa Haul!! Buying everything from ,2026-08-31T13:31:16.540873
YouTube,Ugw6IAArMcgUAs8SUxR4AaABAg,@payuuu,"[Video: Big Nykaa Haul!! Buying everything from my Wishlist | Dhwani Bhatt]
Ah that estee lauder foundation is one of the best high end foundation i ever used it surely stays for the whole day i have super dry skin and it works wonder only problem is it is not in pump bottle",https://www.youtube.com/watch?v=uu5sFChprss&lc=Ugw6IAArMcgUAs8SUxR4AaABAg,1693468876.543228,Likes: 6,YouTube: Big Nykaa Haul!! Buying everything from ,2026-08-31T13:31:16.543541
YouTube,UgwzjMzfnFwM8nb6MHt4AaABAg,@ayeshaclassesgk,"[Video: Big Nykaa Haul!! Buying everything from my Wishlist | Dhwani Bhatt]
One of the best things about women is that she never takes credit for herself when she achieves something. she always respect us, the audience, and her team, and she is always polite in all of her videos. We congratulate ourselves this achievement. More to come and everything to come ... ,",https://www.youtube.com/watch?v=uu5sFChprss&lc=UgwzjMzfnFwM8nb6MHt4AaABAg,1693468876.545853,Likes: 4,YouTube: Big Nykaa Haul!! Buying everything from ,2026-08-31T13:31:16.546182
YouTube,UgxbC_iCxd7bMmURewR4AaABAg,@anjaliverma537,"[Video: Big Nykaa Haul!! Buying everything from my Wishlist | Dhwani Bhatt]
After a loooong time.. thank you for uploading this",https://www.youtube.com/watch?v=uu5sFChprss&lc=UgxbC_iCxd7bMmURewR4AaABAg,1693468876.548327,Likes: 0,YouTube: Big Nykaa Haul!! Buying everything from ,2026-08-31T13:31:16.548592
YouTube,Ugyi07GqyifLMDR482t4AaABAg,@ayeshaclassesgk,"[Video: Big Nykaa Haul!! Buying everything from my Wishlist | Dhwani Bhatt]
जो जो आंखें ये कमेंट पढ़ रही हैं भगवान उनके माता-पिता को सदा खुश रखे❤️❤️❤️❤️❤️
 जब सब शो रहे थे तभी हम जाग रहे थे किसी के यादों में नहीं अपने जिम्मेदारीयों मे जाग रहे थे और इतना आसान नहीं था मंजिल मेरा कि कुछ रात जागने मिल जाता कभी आखं लगती भी थी तो मेरे हौसले भाग रहे थे love you youtuber ।। ।।",https://www.youtube.com/watch?v=uu5sFChprss&lc=Ugyi07GqyifLMDR482t4AaABAg,1693468876.55083,Likes: 2,YouTube: Big Nykaa Haul!! Buying everything from ,2026-08-31T13:31:16.551244
YouTube,Ugy_Us7fr7wuoy8pmXF4AaABAg,@ayeshaclassesgk,"[Video: Big Nykaa Haul!! Buying everything from my Wishlist | Dhwani Bhatt]
❤️❤️❤️❤️❤️❤️Glad that finally , I got to watch the original video ❤️❤️❤️❤️❤️ । ।। ।",https://www.youtube.com/watch?v=uu5sFChprss&lc=Ugy_Us7fr7wuoy8pmXF4AaABAg,1693468876.553442,Likes: 2,YouTube: Big Nykaa Haul!! Buying everything from ,2026-08-31T13:31:16.553728
YouTube,UgxSae76Jg02gYPrLGh4AaABAg,@ayeshaclassesgk,"[Video: Big Nykaa Haul!! Buying everything from my Wishlist | Dhwani Bhatt]
Lv your video style truly refreshing and creative ❤️❤️❤️❤️❤️ ।। ।।",https://www.youtube.com/watch?v=uu5sFChprss&lc=UgxSae76Jg02gYPrLGh4AaABAg,1693468876.556058,Likes: 1,YouTube: Big Nykaa Haul!! Buying everything from ,2026-08-31T13:31:16.556399
YouTube,UgztlE_8bUvMq5Hpmwh4AaABAg,@kirtisinha471,"[Video: Big Nykaa Haul!! Buying everything from my Wishlist | Dhwani Bhatt]
Yup.. 💯 products on sale are far more better than original products...coz they are discounted 😅🥰 most of the girl will agree",https://www.youtube.com/watch?v=uu5sFChprss&lc=UgztlE_8bUvMq5Hpmwh4AaABAg,1693468876.558906,Likes: 1,YouTube: Big Nykaa Haul!! Buying everything from ,2026-08-31T13:31:16.559331
YouTube,UgxcxQAVE-sRObV0ZnN4AaABAg.9ft5kGVDzp_9ftYaqydt6v,@DhwaniBhatt06,"[Video: Big Nykaa Haul!! Buying everything from my Wishlist | Dhwani Bhatt]
Noted",https://www.youtube.com/watch?v=uu5sFChprss&lc=UgxcxQAVE-sRObV0ZnN4AaABAg.9ft5kGVDzp_9ftYaqydt6v,1693468876.946297,Likes: 0,YouTube: Big Nykaa Haul!! Buying everything from ,2026-08-31T13:31:16.946559
YouTube,Ugx5CPrmZSn5dljQR0V4AaABAg,@shalugupta1163,"[Video: Big Nykaa Haul!! Buying everything from my Wishlist | Dhwani Bhatt]
Good haul",https://www.youtube.com/watch?v=uu5sFChprss&lc=Ugx5CPrmZSn5dljQR0V4AaABAg,1693468877.569964,Likes: 0,YouTube: Big Nykaa Haul!! Buying everything from ,2026-08-31T13:31:17.570368
YouTube,Ugzide5us4AaLmS_CnF4AaABAg,@alpsharsg6559,"[Video: Big Nykaa Haul!! Buying everything from my Wishlist | Dhwani Bhatt]
❤️🙌",https://www.youtube.com/watch?v=uu5sFChprss&lc=Ugzide5us4AaLmS_CnF4AaABAg,1693468877.573302,Likes: 0,YouTube: Big Nykaa Haul!! Buying everything from ,2026-08-31T13:31:17.573612
YouTube,UgwkTGawB20IJEIJQ1d4AaABAg,@bhavik64,"[Video: Big Nykaa Haul!! Buying everything from my Wishlist | Dhwani Bhatt]
❤❤❤",https://www.youtube.com/watch?v=uu5sFChprss&lc=UgwkTGawB20IJEIJQ1d4AaABAg,1693468877.57674,Likes: 1,YouTube: Big Nykaa Haul!! Buying everything from ,2026-08-31T13:31:17.577047
YouTube,UgwK0_KSMhiaREWHAg54AaABAg,@ayeshaclassesgk,"[Video: Big Nykaa Haul!! Buying everything from my Wishlist | Dhwani Bhatt]
Such a beautiful content here! Keep it up my friend! You're allowed to scream, you're allowed to cry, but don't give up! Keep going! You are great with what are you doing! It deserves all success around and I don't forget to give my full support for you! ।।",https://www.youtube.com/watch?v=uu5sFChprss&lc=UgwK0_KSMhiaREWHAg54AaABAg,1693468877.579966,Likes: 1,YouTube: Big Nykaa Haul!! Buying everything from ,2026-08-31T13:31:17.580464
YouTube,Ugw6PXAPEn5zJZT7mTF4AaABAg,@gamerelectra,"[Video: Big Nykaa Haul!! Buying everything from my Wishlist | Dhwani Bhatt]
👍🙏👍",https://www.youtube.com/watch?v=uu5sFChprss&lc=Ugw6PXAPEn5zJZT7mTF4AaABAg,1693468877.583387,Likes: 1,YouTube: Big Nykaa Haul!! Buying everything from ,2026-08-31T13:31:17.583734
YouTube,UgwGMB5YHZ9ZlX9W02B4AaABAg,@bhoovisadani02,"[Video: Big Nykaa Haul!! Buying everything from my Wishlist | Dhwani Bhatt]
First🌚💖",https://www.youtube.com/watch?v=uu5sFChprss&lc=UgwGMB5YHZ9ZlX9W02B4AaABAg,1693468877.586774,Likes: 0,YouTube: Big Nykaa Haul!! Buying everything from ,2026-08-31T13:31:17.587226
YouTube,UgzfpF8hjmAu0B49HN14AaABAg,@moonwriter4464,"[Video: Big Nykaa Haul!! Buying everything from my Wishlist | Dhwani Bhatt]
Dude tis is no joke i was just going through all of ur old videos n was feeling pretty down that tis channel has not been active
Am soo soo happy",https://www.youtube.com/watch?v=uu5sFChprss&lc=UgzfpF8hjmAu0B49HN14AaABAg,1693468877.590426,Likes: 1,YouTube: Big Nykaa Haul!! Buying everything from ,2026-08-31T13:31:17.590827
YouTube,UgxS5cah_w_h8fY5eIB4AaABAg,@tisssha_25,"[Video: Big Nykaa Haul!! Buying everything from my Wishlist | Dhwani Bhatt]
I wish you all the success 😇✨",https://www.youtube.com/watch?v=uu5sFChprss&lc=UgxS5cah_w_h8fY5eIB4AaABAg,1693468877.593741,Likes: 0,YouTube: Big Nykaa Haul!! Buying everything from ,2026-08-31T13:31:17.594051
YouTube,Ugx9HXKtrjJTQP2LK4d4AaABAg,@himaniagarwal8942,"[Video: MINISO, NYKAA, AMAZON HAUL I Whats NEW ? I LOW BUY I WISHLIST ?? BEST FINDINGS!]
Nice products 👍",https://www.youtube.com/watch?v=ejsJLFPVocs&lc=Ugx9HXKtrjJTQP2LK4d4AaABAg,1661932951.267048,Likes: 1,"YouTube: MINISO, NYKAA, AMAZON HAUL I Whats NEW ?",2026-08-31T13:32:31.267436
YouTube,Ugx2CohPoV3dozn3zsh4AaABAg,@priyapawar8936,"[Video: MINISO, NYKAA, AMAZON HAUL I Whats NEW ? I LOW BUY I WISHLIST ?? BEST FINDINGS!]
Try dove shower mousse also... My favourite both body polish scrub and shower mousse all variants",https://www.youtube.com/watch?v=ejsJLFPVocs&lc=Ugx2CohPoV3dozn3zsh4AaABAg,1661932951.270565,Likes: 0,"YouTube: MINISO, NYKAA, AMAZON HAUL I Whats NEW ?",2026-08-31T13:32:31.270894
YouTube,UgwH_ZLNv6M2rRBiVlJ4AaABAg,@bansishah1595,"[Video: MINISO, NYKAA, AMAZON HAUL I Whats NEW ? I LOW BUY I WISHLIST ?? BEST FINDINGS!]
Even I love miniso candles & perfumes 👌👌",https://www.youtube.com/watch?v=ejsJLFPVocs&lc=UgwH_ZLNv6M2rRBiVlJ4AaABAg,1661932951.27403,Likes: 1,"YouTube: MINISO, NYKAA, AMAZON HAUL I Whats NEW ?",2026-08-31T13:32:31.274400
YouTube,Ugz87GcT0FGVNMo86q14AaABAg,@luviambishika,"[Video: MINISO, NYKAA, AMAZON HAUL I Whats NEW ? I LOW BUY I WISHLIST ?? BEST FINDINGS!]
Miniso is my favourite store",https://www.youtube.com/watch?v=ejsJLFPVocs&lc=Ugz87GcT0FGVNMo86q14AaABAg,1661932951.277519,Likes: 0,"YouTube: MINISO, NYKAA, AMAZON HAUL I Whats NEW ?",2026-08-31T13:32:31.277817
YouTube,UgyrhZOyk9-mQZdkoCp4AaABAg,@harshitalathwal5740,"[Video: MINISO, NYKAA, AMAZON HAUL I Whats NEW ? I LOW BUY I WISHLIST ?? BEST FINDINGS!]
WOW!AWESOME",https://www.youtube.com/watch?v=ejsJLFPVocs&lc=UgyrhZOyk9-mQZdkoCp4AaABAg,1661932951.281032,Likes: 0,"YouTube: MINISO, NYKAA, AMAZON HAUL I Whats NEW ?",2026-08-31T13:32:31.281387
YouTube,UgyGW6oOuFiGLCahqSJ4AaABAg,@parnika9,"[Video: MINISO, NYKAA, AMAZON HAUL I Whats NEW ? I LOW BUY I WISHLIST ?? BEST FINDINGS!]
Miniso mein sab yahi karte hain.. jate hain 200 kharch karne aur 2k kharch kar ke aa jate hain.. hahaha",https://www.youtube.com/watch?v=ejsJLFPVocs&lc=UgyGW6oOuFiGLCahqSJ4AaABAg,1661932951.284481,Likes: 1,"YouTube: MINISO, NYKAA, AMAZON HAUL I Whats NEW ?",2026-08-31T13:32:31.284882
YouTube,UgyfbP_O4UIxvJaRo-x4AaABAg,@bronzinggeek5,"[Video: MINISO, NYKAA, AMAZON HAUL I Whats NEW ? I LOW BUY I WISHLIST ?? BEST FINDINGS!]
Consider buying  products  from the links  I mention in the description.  They are  affiliate links, you make a purchase within 24 hrs of adding the product to ur cart,, I get a small commission  as well as it gets me more brand Campaigns in future. If you wish me more growth in future, you know how you can help me. Thank you  for all the support.",https://www.youtube.com/watch?v=ejsJLFPVocs&lc=UgyfbP_O4UIxvJaRo-x4AaABAg,1661932951.288095,Likes: 0,"YouTube: MINISO, NYKAA, AMAZON HAUL I Whats NEW ?",2026-08-31T13:32:31.288597
YouTube,UgyGPWgfTog3rla4FGJ4AaABAg,@DiaBeautyBlossoms,"[Video: MINISO, NYKAA, AMAZON HAUL I Whats NEW ? I LOW BUY I WISHLIST ?? BEST FINDINGS!]
Nice haul dear with low buy 👍",https://www.youtube.com/watch?v=ejsJLFPVocs&lc=UgyGPWgfTog3rla4FGJ4AaABAg,1661932951.291182,Likes: 0,"YouTube: MINISO, NYKAA, AMAZON HAUL I Whats NEW ?",2026-08-31T13:32:31.291458
YouTube,UgyLNqAIMjdQOjpOnZZ4AaABAg,@ajantapaul9318,"[Video: MINISO, NYKAA, AMAZON HAUL I Whats NEW ? I LOW BUY I WISHLIST ?? BEST FINDINGS!]
Amazing",https://www.youtube.com/watch?v=ejsJLFPVocs&lc=UgyLNqAIMjdQOjpOnZZ4AaABAg,1661932951.294066,Likes: 0,"YouTube: MINISO, NYKAA, AMAZON HAUL I Whats NEW ?",2026-08-31T13:32:31.294424
YouTube,UgxWyzZXzCLJcUkJQiB4AaABAg,@prekshabhardwaj,"[Video: MINISO, NYKAA, AMAZON HAUL I Whats NEW ? I LOW BUY I WISHLIST ?? BEST FINDINGS!]
Please share your thoughts about just herbs newly launched lip mask and scrub.",https://www.youtube.com/watch?v=ejsJLFPVocs&lc=UgxWyzZXzCLJcUkJQiB4AaABAg,1661932951.297638,Likes: 0,"YouTube: MINISO, NYKAA, AMAZON HAUL I Whats NEW ?",2026-08-31T13:32:31.298072
YouTube,UgzBG6sbgW54F7evN114AaABAg,@prekshabhardwaj,"[Video: MINISO, NYKAA, AMAZON HAUL I Whats NEW ? I LOW BUY I WISHLIST ?? BEST FINDINGS!]
Please review maybelline sensational liquid mattes new shades.",https://www.youtube.com/watch?v=ejsJLFPVocs&lc=UgzBG6sbgW54F7evN114AaABAg,1661932951.301399,Likes: 0,"YouTube: MINISO, NYKAA, AMAZON HAUL I Whats NEW ?",2026-08-31T13:32:31.301789
YouTube,Ugzlb2Cb_mucBVeerGx4AaABAg,@sosanbhushan,"[Video: MINISO, NYKAA, AMAZON HAUL I Whats NEW ? I LOW BUY I WISHLIST ?? BEST FINDINGS!]
Always appreciate your contents.",https://www.youtube.com/watch?v=ejsJLFPVocs&lc=Ugzlb2Cb_mucBVeerGx4AaABAg,1661932951.3048,Likes: 0,"YouTube: MINISO, NYKAA, AMAZON HAUL I Whats NEW ?",2026-08-31T13:32:31.305135
YouTube,Ugwh6_2ul3kmcpgEZdF4AaABAg,@Mindful00-u6e,"[Video: MINISO, NYKAA, AMAZON HAUL I Whats NEW ? I LOW BUY I WISHLIST ?? BEST FINDINGS!]
Such a good message at the end , no impulsive shopping , and thanks to you I discovered great products 😊",https://www.youtube.com/watch?v=ejsJLFPVocs&lc=Ugwh6_2ul3kmcpgEZdF4AaABAg,1661932951.30822,Likes: 2,"YouTube: MINISO, NYKAA, AMAZON HAUL I Whats NEW ?",2026-08-31T13:32:31.308601
YouTube,Ugx-ZS5p9m62QwIZoXp4AaABAg,@archanaverma923,"[Video: MINISO, NYKAA, AMAZON HAUL I Whats NEW ? I LOW BUY I WISHLIST ?? BEST FINDINGS!]
Nice haul as always.loved your makeup ,outfit and hairdo as well.Your chatty avtaar was the most lovable thing you wore today🥰😀.I watched saptaparnee biswas talking about kiko milano bronzer and blush sticks and I saw Deepthi Desikan talking about the longevity and quality of their liquid lipsticks.I also love both the loreal products. I think you have a nice and huge collection of bronzers.I would love to watch a video on your bronzer collection and it will be much better if you make a video on your whole makeup collection.Hope you will not disappoint me.❤❤❤.",https://www.youtube.com/watch?v=ejsJLFPVocs&lc=Ugx-ZS5p9m62QwIZoXp4AaABAg,1661932951.311601,Likes: 1,"YouTube: MINISO, NYKAA, AMAZON HAUL I Whats NEW ?",2026-08-31T13:32:31.312169
YouTube,UgwoF5LwR7TpWqq77Xl4AaABAg,@anntann2,"[Video: MINISO, NYKAA, AMAZON HAUL I Whats NEW ? I LOW BUY I WISHLIST ?? BEST FINDINGS!]
Im really keen on your review of the 2 bronzers!",https://www.youtube.com/watch?v=ejsJLFPVocs&lc=UgwoF5LwR7TpWqq77Xl4AaABAg,1661932951.315062,Likes: 0,"YouTube: MINISO, NYKAA, AMAZON HAUL I Whats NEW ?",2026-08-31T13:32:31.315426
YouTube,UgztmDJKFiadT6Jd-kh4AaABAg,@mansimehra8404,"[Video: MINISO, NYKAA, AMAZON HAUL I Whats NEW ? I LOW BUY I WISHLIST ?? BEST FINDINGS!]
Your makeup is looking very subtle and amazing",https://www.youtube.com/watch?v=ejsJLFPVocs&lc=UgztmDJKFiadT6Jd-kh4AaABAg,1661932951.318432,Likes: 0,"YouTube: MINISO, NYKAA, AMAZON HAUL I Whats NEW ?",2026-08-31T13:32:31.318793
YouTube,Ugymhb-OdrCy2Ar4PSl4AaABAg,@radha0210,"[Video: MINISO, NYKAA, AMAZON HAUL I Whats NEW ? I LOW BUY I WISHLIST ?? BEST FINDINGS!]
Wow so amazing ❤ You are my true inspiration ✨",https://www.youtube.com/watch?v=ejsJLFPVocs&lc=Ugymhb-OdrCy2Ar4PSl4AaABAg,1661932951.322039,Likes: 0,"YouTube: MINISO, NYKAA, AMAZON HAUL I Whats NEW ?",2026-08-31T13:32:31.322412
YouTube,Ugx2CohPoV3dozn3zsh4AaABAg.9SpenQonqgS9Tkfuv3x_zQ,@bronzinggeek5,"[Video: MINISO, NYKAA, AMAZON HAUL I Whats NEW ? I LOW BUY I WISHLIST ?? BEST FINDINGS!]
will get it soon.",https://www.youtube.com/watch?v=ejsJLFPVocs&lc=Ugx2CohPoV3dozn3zsh4AaABAg.9SpenQonqgS9Tkfuv3x_zQ,1661932951.806977,Likes: 1,"YouTube: MINISO, NYKAA, AMAZON HAUL I Whats NEW ?",2026-08-31T13:32:31.807239
YouTube,UgwH_ZLNv6M2rRBiVlJ4AaABAg.9SnL9Hvauj19TkfwEFBEM2,@bronzinggeek5,"[Video: MINISO, NYKAA, AMAZON HAUL I Whats NEW ? I LOW BUY I WISHLIST ?? BEST FINDINGS!]
The best",https://www.youtube.com/watch?v=ejsJLFPVocs&lc=UgwH_ZLNv6M2rRBiVlJ4AaABAg.9SnL9Hvauj19TkfwEFBEM2,1661932952.213442,Likes: 0,"YouTube: MINISO, NYKAA, AMAZON HAUL I Whats NEW ?",2026-08-31T13:32:32.213701
YouTube,UgyGW6oOuFiGLCahqSJ4AaABAg.9ShwzM0eb889Si8ATK95nI,@bronzinggeek5,"[Video: MINISO, NYKAA, AMAZON HAUL I Whats NEW ? I LOW BUY I WISHLIST ?? BEST FINDINGS!]
its a place of happiness , and we end up spending",https://www.youtube.com/watch?v=ejsJLFPVocs&lc=UgyGW6oOuFiGLCahqSJ4AaABAg.9ShwzM0eb889Si8ATK95nI,1661932952.520856,Likes: 1,"YouTube: MINISO, NYKAA, AMAZON HAUL I Whats NEW ?",2026-08-31T13:32:32.521240
YouTube,UgyGPWgfTog3rla4FGJ4AaABAg.9ShXfnduFXN9Si8BFFJ2fM,@bronzinggeek5,"[Video: MINISO, NYKAA, AMAZON HAUL I Whats NEW ? I LOW BUY I WISHLIST ?? BEST FINDINGS!]
Thank you so much 😊",https://www.youtube.com/watch?v=ejsJLFPVocs&lc=UgyGPWgfTog3rla4FGJ4AaABAg.9ShXfnduFXN9Si8BFFJ2fM,1661932953.185399,Likes: 0,"YouTube: MINISO, NYKAA, AMAZON HAUL I Whats NEW ?",2026-08-31T13:32:33.185676
YouTube,UgzBG6sbgW54F7evN114AaABAg.9SgZkYgQ8YW9ShG-qexthO,@bronzinggeek5,"[Video: MINISO, NYKAA, AMAZON HAUL I Whats NEW ? I LOW BUY I WISHLIST ?? BEST FINDINGS!]
Will soon talk about the formula",https://www.youtube.com/watch?v=ejsJLFPVocs&lc=UgzBG6sbgW54F7evN114AaABAg.9SgZkYgQ8YW9ShG-qexthO,1661932953.534225,Likes: 0,"YouTube: MINISO, NYKAA, AMAZON HAUL I Whats NEW ?",2026-08-31T13:32:33.534527
YouTube,Ugwh6_2ul3kmcpgEZdF4AaABAg.9Sg4k6mWK7L9ShGO2lU-8p,@bronzinggeek5,"[Video: MINISO, NYKAA, AMAZON HAUL I Whats NEW ? I LOW BUY I WISHLIST ?? BEST FINDINGS!]
It's my responsibility to make everyone aware not everything u and I see on YouTube has to be bought..and leading to consumerism... it's my work... so I do endup  with lot.. but as consumer I would have not bought everything...",https://www.youtube.com/watch?v=ejsJLFPVocs&lc=Ugwh6_2ul3kmcpgEZdF4AaABAg.9Sg4k6mWK7L9ShGO2lU-8p,1661932953.916318,Likes: 2,"YouTube: MINISO, NYKAA, AMAZON HAUL I Whats NEW ?",2026-08-31T13:32:33.916753
YouTube,Ugx-ZS5p9m62QwIZoXp4AaABAg.9SfutpHzplo9Sfw4xfKAa3,@bronzinggeek5,"[Video: MINISO, NYKAA, AMAZON HAUL I Whats NEW ? I LOW BUY I WISHLIST ?? BEST FINDINGS!]
I have a huge collection but still wanna get more and then make a video only on bronzers.. Thank you for the compliment...lots of love",https://www.youtube.com/watch?v=ejsJLFPVocs&lc=Ugx-ZS5p9m62QwIZoXp4AaABAg.9SfutpHzplo9Sfw4xfKAa3,1661932954.269989,Likes: 1,"YouTube: MINISO, NYKAA, AMAZON HAUL I Whats NEW ?",2026-08-31T13:32:34.270509
YouTube,Ugx-ZS5p9m62QwIZoXp4AaABAg.9SfutpHzplo9Sg14AmY8-s,@archanaverma923,"[Video: MINISO, NYKAA, AMAZON HAUL I Whats NEW ? I LOW BUY I WISHLIST ?? BEST FINDINGS!]
 @bronzinggeek5  Love you too dear.Keep up the good work.",https://www.youtube.com/watch?v=ejsJLFPVocs&lc=Ugx-ZS5p9m62QwIZoXp4AaABAg.9SfutpHzplo9Sg14AmY8-s,1661932954.274581,Likes: 0,"YouTube: MINISO, NYKAA, AMAZON HAUL I Whats NEW ?",2026-08-31T13:32:34.275003
YouTube,Ugzn8q3p84a2N_2SEnx4AaABAg,@pragyaaaaaa.00,"[Video: Myntra & Nykaa Fashion Sale Haul | summer tshirts, shimmery pants, jumpsuits, event outfits]
11:17 that has been on my wishlist for the longest time loved seeing you wearing it 😭❤️",https://www.youtube.com/watch?v=P0y-9-BH0N0&lc=Ugzn8q3p84a2N_2SEnx4AaABAg,1777536201.178336,Likes: 2,YouTube: Myntra & Nykaa Fashion Sale Haul | summe,2026-08-31T13:33:21.178620
YouTube,UgzrZSkbljm0-6hJR0l4AaABAg,@Vishakha12g,"[Video: Myntra & Nykaa Fashion Sale Haul | summer tshirts, shimmery pants, jumpsuits, event outfits]
Please try terractive tshirts. Heard only good things about their cuddle tshirts. Please review it too. Btw that souled store tshirt is also in my wishlist 😅, but i bought only solid one from them, Nice fit (Size M too)",https://www.youtube.com/watch?v=P0y-9-BH0N0&lc=UgzrZSkbljm0-6hJR0l4AaABAg,1777536201.192382,Likes: 0,YouTube: Myntra & Nykaa Fashion Sale Haul | summe,2026-08-31T13:33:21.192634
YouTube,UgyL6p9ZQZiFm4kPERt4AaABAg,@pratiksha6965,"[Video: *Starting Rs. 239* HUGE Amazon Makeup Haul | Upto 80% OFF | *bought everything from my wish list*]
I LOVE SHICASA AND I LOVE SLING BAGS AND I REALLY PREFER THEM SO OFTEN AND YOUR IDEA THAT YOU TOLD TO LAUNCH SLING BAGS WERE SO UNIQUE AND LOVED YOU YOU ARE SO CUTE AND BEAUTIFUL HARDWORKING AND MY MOST FAVORITE YOUTUBER I LOVE LAVENDER AND MAY BE I WOULD LOVE TO HAVE LAVENDER SLING BAG
1 GIFT FROM MY SIDE TO YOU 
BELOW👇👇👇👇
💜💜💜💜💜
💜
💜
💜
💜💜💜💜💜
                   💜
                   💜
                   💜
💜💜💜💜💜

❤           ❤
❤           ❤
❤           ❤
❤❤❤❤
❤           ❤
❤           ❤

💜💜💜💜
        💜
        💜
        💜
💜 💜 💜💜
❤                         ❤
     ❤              ❤
         ❤      ❤
               ❤

                ❤
           ❤     ❤
       ❤  ❤   ❤
❤                     ❤

💜                    💜
💜     💜          💜
💜             💜  💜
💜                    💜                     
💜                    💜    

❤❤❤❤❤                    
         💜
         💜
         💜
❤❤❤❤❤
LOTS OF LOVE PLEASE REPLY AND I AM NOT DOING THIS FOR GIVEAWAY PLEASE I AM VERY MUCH HONEST AND I REALLY LOVE AND APPRECIATE YOUR HARD WORK

❤
❤",https://www.youtube.com/watch?v=0vnYFIlBL6Q&lc=UgyL6p9ZQZiFm4kPERt4AaABAg,1661933129.882617,Likes: 0,YouTube: *Starting Rs. 239* HUGE Amazon Makeup Ha,2026-08-31T13:35:29.883016
YouTube,UgwnZBL1wMUjSxU7OV14AaABAg,@riya25.01,"[Video: *Starting Rs. 239* HUGE Amazon Makeup Haul | Upto 80% OFF | *bought everything from my wish list*]
Amazing video shivani di and background is looking soo beautiful 😍😍♥️♥️♥️ really loved the Christmas vibe ❤❤ n I'll try this meybelline loose powder very very soon after listening to your reviews it's in my wishlist 🥰♥️",https://www.youtube.com/watch?v=0vnYFIlBL6Q&lc=UgwnZBL1wMUjSxU7OV14AaABAg,1661933130.764128,Likes: 1,YouTube: *Starting Rs. 239* HUGE Amazon Makeup Ha,2026-08-31T13:35:30.764443
YouTube,UgwupfrHnVD1UsX2Tlp4AaABAg,@charubali1418,"[Video: *Starting Rs. 239* HUGE Amazon Makeup Haul | Upto 80% OFF | *bought everything from my wish list*]
Background giving us such a big Christmas vibes 😍nd Maybelline loose powder is my favourite too nd it's beautiful 😊loving the red lipstick nd that contour is giving such a crisp face cut ❤️",https://www.youtube.com/watch?v=0vnYFIlBL6Q&lc=UgwupfrHnVD1UsX2Tlp4AaABAg,1661933133.71494,Likes: 0,YouTube: *Starting Rs. 239* HUGE Amazon Makeup Ha,2026-08-31T13:35:33.715444
YouTube,Ugwcgt1CxG1_IIouzw54AaABAg,@aarushukla8142,"[Video: *Starting Rs. 239* HUGE Amazon Makeup Haul | Upto 80% OFF | *bought everything from my wish list*]
Your videos are my favorite di ❤",https://www.youtube.com/watch?v=0vnYFIlBL6Q&lc=Ugwcgt1CxG1_IIouzw54AaABAg,1661933134.783037,Likes: 0,YouTube: *Starting Rs. 239* HUGE Amazon Makeup Ha,2026-08-31T13:35:34.783361
YouTube,UgzxOhZdlLESJXVxdNF4AaABAg,@aarushukla8142,"[Video: *Starting Rs. 239* HUGE Amazon Makeup Haul | Upto 80% OFF | *bought everything from my wish list*]
Di you are a my favorite youtuber",https://www.youtube.com/watch?v=0vnYFIlBL6Q&lc=UgzxOhZdlLESJXVxdNF4AaABAg,1661933136.652073,Likes: 0,YouTube: *Starting Rs. 239* HUGE Amazon Makeup Ha,2026-08-31T13:35:36.652321
YouTube,UgwlawWVxXSA8J2wtUB4AaABAg,@aasthathakur4855,"[Video: pinteresty & cute t-shirts, dress & more from H&M, savana & nykaa haul! huge giveaway🔥🛍️ ]
love the baddie saddie tshirt 
wishlisted ❤",https://www.youtube.com/watch?v=5JnKHLy7ED4&lc=UgwlawWVxXSA8J2wtUB4AaABAg,1756627554.027268,Likes: 1,"YouTube: pinteresty & cute t-shirts, dress & more",2026-08-31T13:35:54.027514
YouTube,UgwEaiwz7N4dXFRieh54AaABAg,@rosylabhutia02,"[Video: pinteresty & cute t-shirts, dress & more from H&M, savana & nykaa haul! huge giveaway🔥🛍️ ]
Red looks damn good on you😍😍i really liked that red dress unfortunately its currently out of stock,☹️☹️Now my wishlist just doubled after watching this haul😅.Fingers crossed for the giveaway🤞🏻✨✨",https://www.youtube.com/watch?v=5JnKHLy7ED4&lc=UgwEaiwz7N4dXFRieh54AaABAg,1756627568.458201,Likes: 0,"YouTube: pinteresty & cute t-shirts, dress & more",2026-08-31T13:36:08.458395
YouTube,UgyPDB7eR2H86PcSbVh4AaABAg,@rashmijainindia,"[Video: Nykaa Hot Pink Sale Haul!✨🛍️ Shopped my wishlist💸💖]
Nykka is big time froad. I bought minimalist shampoo and bottle is only half filled. Customer care is dead. Nobody is responding. That's how they are fooling us so be careful",https://www.youtube.com/watch?v=d9QL6FXVLHQ&lc=UgyPDB7eR2H86PcSbVh4AaABAg,1787040390.812912,Likes: 0,YouTube: Nykaa Hot Pink Sale Haul!✨🛍️ Shopped my ,2026-08-31T13:36:30.813239
YouTube,UgznQTEWTeVnw4v8OwJ4AaABAg,@akanshamishra403,"[Video: Nykaa Hot Pink Sale Haul!✨🛍️ Shopped my wishlist💸💖]
Which mascara are you wearing in this vedio????",https://www.youtube.com/watch?v=d9QL6FXVLHQ&lc=UgznQTEWTeVnw4v8OwJ4AaABAg,1786349190.815166,Likes: 0,YouTube: Nykaa Hot Pink Sale Haul!✨🛍️ Shopped my ,2026-08-31T13:36:30.815393
YouTube,Ugy3z8Tv3I3sGAZugmd4AaABAg,@eshagusain9718,"[Video: Nykaa Hot Pink Sale Haul!✨🛍️ Shopped my wishlist💸💖]
i got elf lip tint from your recomendation and it is so much better than the etude house water tint im loving it and using it on daily basis",https://www.youtube.com/watch?v=d9QL6FXVLHQ&lc=Ugy3z8Tv3I3sGAZugmd4AaABAg,1786349190.817333,Likes: 0,YouTube: Nykaa Hot Pink Sale Haul!✨🛍️ Shopped my ,2026-08-31T13:36:30.817602
YouTube,Ugz8rZ6ufxwZjmgVyWV4AaABAg,@Shinyyshines,"[Video: Nykaa Hot Pink Sale Haul!✨🛍️ Shopped my wishlist💸💖]
Earings link please",https://www.youtube.com/watch?v=d9QL6FXVLHQ&lc=Ugz8rZ6ufxwZjmgVyWV4AaABAg,1786349190.819496,Likes: 0,YouTube: Nykaa Hot Pink Sale Haul!✨🛍️ Shopped my ,2026-08-31T13:36:30.819761
YouTube,UgzKkzdwZb64cqs_AjR4AaABAg,@sakshikamble7508,"[Video: Nykaa Hot Pink Sale Haul!✨🛍️ Shopped my wishlist💸💖]
concealer shade??",https://www.youtube.com/watch?v=d9QL6FXVLHQ&lc=UgzKkzdwZb64cqs_AjR4AaABAg,1785744390.821752,Likes: 0,YouTube: Nykaa Hot Pink Sale Haul!✨🛍️ Shopped my ,2026-08-31T13:36:30.821985
YouTube,UgxDTU0EilkdeWLjVRl4AaABAg,@chickenoodlesouppppp,"[Video: Nykaa Hot Pink Sale Haul!✨🛍️ Shopped my wishlist💸💖]
Please do a review on rare beauty contour stick and dior foundation stick",https://www.youtube.com/watch?v=d9QL6FXVLHQ&lc=UgxDTU0EilkdeWLjVRl4AaABAg,1785485190.824861,Likes: 1,YouTube: Nykaa Hot Pink Sale Haul!✨🛍️ Shopped my ,2026-08-31T13:36:30.825103
YouTube,Ugx9c8id6TEsthrBT454AaABAg,@divyajagadish733,"[Video: Nykaa Hot Pink Sale Haul!✨🛍️ Shopped my wishlist💸💖]
Hi,share u r skincare routine.morning and night",https://www.youtube.com/watch?v=d9QL6FXVLHQ&lc=Ugx9c8id6TEsthrBT454AaABAg,1785485190.827962,Likes: 0,YouTube: Nykaa Hot Pink Sale Haul!✨🛍️ Shopped my ,2026-08-31T13:36:30.828240
YouTube,UgzIXmqZX8r9oxJbn1N4AaABAg,@prachiverma1179,"[Video: Nykaa Hot Pink Sale Haul!✨🛍️ Shopped my wishlist💸💖]
Hey sanskriti dii , as we now high shine lipsticks are so  in nowadays I mean many celebs wear such and shades are also like very same like lips shade I mean nude pink lipstick kind I hope you're getting what I'm trying to say 
Also swiss beauty have few launches of lipstick like swiss beauty pure luster lipstick then swiss beauty high on shine lipstick 
Among these do you know any of them like I'm searching for 
Or even if any other you know which looks same I'm asking for then please recommend yours picks",https://www.youtube.com/watch?v=d9QL6FXVLHQ&lc=UgzIXmqZX8r9oxJbn1N4AaABAg,1785485190.831182,Likes: 0,YouTube: Nykaa Hot Pink Sale Haul!✨🛍️ Shopped my ,2026-08-31T13:36:30.831550
YouTube,UgzGt2BJiv7ZIZUkarB4AaABAg,@neerugarg9457,"[Video: Nykaa Hot Pink Sale Haul!✨🛍️ Shopped my wishlist💸💖]
Things apart ! Review eye shadow ❤",https://www.youtube.com/watch?v=d9QL6FXVLHQ&lc=UgzGt2BJiv7ZIZUkarB4AaABAg,1785485190.834481,Likes: 0,YouTube: Nykaa Hot Pink Sale Haul!✨🛍️ Shopped my ,2026-08-31T13:36:30.834749
YouTube,UgxOMgblQ0CpGYgBSzd4AaABAg,@neerugarg9457,"[Video: Nykaa Hot Pink Sale Haul!✨🛍️ Shopped my wishlist💸💖]
Kerastase animal testing karte hai for products ! Does anybody care ?",https://www.youtube.com/watch?v=d9QL6FXVLHQ&lc=UgxOMgblQ0CpGYgBSzd4AaABAg,1785485190.838942,Likes: 0,YouTube: Nykaa Hot Pink Sale Haul!✨🛍️ Shopped my ,2026-08-31T13:36:30.839320
YouTube,Ugz5FKj_yZoPSzVrElN4AaABAg,@neerugarg9457,"[Video: Nykaa Hot Pink Sale Haul!✨🛍️ Shopped my wishlist💸💖]
Har time jayada le lo khud aur logo ko bhi influence kardo😂😂, no social responsibility as such😂😂",https://www.youtube.com/watch?v=d9QL6FXVLHQ&lc=Ugz5FKj_yZoPSzVrElN4AaABAg,1785485190.84338,Likes: 1,YouTube: Nykaa Hot Pink Sale Haul!✨🛍️ Shopped my ,2026-08-31T13:36:30.843713
YouTube,Ugw0UCiTqYO_CbDpUml4AaABAg,@Sam639-r9e,"[Video: Nykaa Hot Pink Sale Haul!✨🛍️ Shopped my wishlist💸💖]
Plsss review dior foundation stick with wear time.
And i bought a thousand wishes mist on your recommendation",https://www.youtube.com/watch?v=d9QL6FXVLHQ&lc=Ugw0UCiTqYO_CbDpUml4AaABAg,1785485190.847741,Likes: 0,YouTube: Nykaa Hot Pink Sale Haul!✨🛍️ Shopped my ,2026-08-31T13:36:30.848080
YouTube,UgzzD5s78-G2j_zEscJ4AaABAg,@khushboosahu1327,"[Video: Nykaa Hot Pink Sale Haul!✨🛍️ Shopped my wishlist💸💖]
Ysl lip liner exact shade name pls?",https://www.youtube.com/watch?v=d9QL6FXVLHQ&lc=UgzzD5s78-G2j_zEscJ4AaABAg,1785485190.851925,Likes: 0,YouTube: Nykaa Hot Pink Sale Haul!✨🛍️ Shopped my ,2026-08-31T13:36:30.852271
YouTube,UgyhUXEfT-GW9MSjh6R4AaABAg,@chickenoodlesouppppp,"[Video: Nykaa Hot Pink Sale Haul!✨🛍️ Shopped my wishlist💸💖]
What is shade of armani concealer?",https://www.youtube.com/watch?v=d9QL6FXVLHQ&lc=UgyhUXEfT-GW9MSjh6R4AaABAg,1785485190.856413,Likes: 0,YouTube: Nykaa Hot Pink Sale Haul!✨🛍️ Shopped my ,2026-08-31T13:36:30.856735
YouTube,UgzyQ3kjUEW0C0r90594AaABAg,@sonamsona7422,"[Video: Nykaa Hot Pink Sale Haul!✨🛍️ Shopped my wishlist💸💖]
Iss kay beauty lip linear worth to buy or long lasting?",https://www.youtube.com/watch?v=d9QL6FXVLHQ&lc=UgzyQ3kjUEW0C0r90594AaABAg,1785485190.861166,Likes: 0,YouTube: Nykaa Hot Pink Sale Haul!✨🛍️ Shopped my ,2026-08-31T13:36:30.861541
YouTube,Ugw2Zz3j7RWOGIybxiR4AaABAg,@anneshadas5036,"[Video: Nykaa Hot Pink Sale Haul!✨🛍️ Shopped my wishlist💸💖]
Hi how is the kerestase heat protection spray pls reply",https://www.youtube.com/watch?v=d9QL6FXVLHQ&lc=Ugw2Zz3j7RWOGIybxiR4AaABAg,1785485190.866294,Likes: 0,YouTube: Nykaa Hot Pink Sale Haul!✨🛍️ Shopped my ,2026-08-31T13:36:30.866661
YouTube,Ugw2LcoO4hAXboTls1R4AaABAg,@samplestore_co,"[Video: Nykaa Hot Pink Sale Haul!✨🛍️ Shopped my wishlist💸💖]
Ysl lip liner shade??",https://www.youtube.com/watch?v=d9QL6FXVLHQ&lc=Ugw2LcoO4hAXboTls1R4AaABAg,1785485190.871392,Likes: 0,YouTube: Nykaa Hot Pink Sale Haul!✨🛍️ Shopped my ,2026-08-31T13:36:30.871789
YouTube,UgyTGKuGIeYKHMSGPOl4AaABAg,@SoumyaSingh.29,"[Video: Nykaa Hot Pink Sale Haul!✨🛍️ Shopped my wishlist💸💖]
Your insta id?",https://www.youtube.com/watch?v=d9QL6FXVLHQ&lc=UgyTGKuGIeYKHMSGPOl4AaABAg,1785485190.875768,Likes: 0,YouTube: Nykaa Hot Pink Sale Haul!✨🛍️ Shopped my ,2026-08-31T13:36:30.876033
YouTube,UgykZ68VpasWKUAhGZV4AaABAg,@Pewsfoodfix,"[Video: Nykaa Hot Pink Sale Haul!✨🛍️ Shopped my wishlist💸💖]
Whats your shade in nars foundation",https://www.youtube.com/watch?v=d9QL6FXVLHQ&lc=UgykZ68VpasWKUAhGZV4AaABAg,1785485190.87933,Likes: 0,YouTube: Nykaa Hot Pink Sale Haul!✨🛍️ Shopped my ,2026-08-31T13:36:30.879593
YouTube,UgypPcHKx-nctOGSZ9J4AaABAg,@MuntiqaAshiq,"[Video: Nykaa Hot Pink Sale Haul!✨🛍️ Shopped my wishlist💸💖]
Concealer shade",https://www.youtube.com/watch?v=d9QL6FXVLHQ&lc=UgypPcHKx-nctOGSZ9J4AaABAg,1785485190.882671,Likes: 0,YouTube: Nykaa Hot Pink Sale Haul!✨🛍️ Shopped my ,2026-08-31T13:36:30.882927
YouTube,UgzzD5s78-G2j_zEscJ4AaABAg.AZq5itTZnkEAZq66_gLkUU,@Sanskrtii,"[Video: Nykaa Hot Pink Sale Haul!✨🛍️ Shopped my wishlist💸💖]
Sienna Rebel",https://www.youtube.com/watch?v=d9QL6FXVLHQ&lc=UgzzD5s78-G2j_zEscJ4AaABAg.AZq5itTZnkEAZq66_gLkUU,1785485191.409137,Likes: 1,YouTube: Nykaa Hot Pink Sale Haul!✨🛍️ Shopped my ,2026-08-31T13:36:31.409437
YouTube,UgzzD5s78-G2j_zEscJ4AaABAg.AZq5itTZnkEAZq6qxBq0Of,@khushboosahu1327,"[Video: Nykaa Hot Pink Sale Haul!✨🛍️ Shopped my wishlist💸💖]
​ @Sanskrtii Thankyou",https://www.youtube.com/watch?v=d9QL6FXVLHQ&lc=UgzzD5s78-G2j_zEscJ4AaABAg.AZq5itTZnkEAZq6qxBq0Of,1785485191.413239,Likes: 0,YouTube: Nykaa Hot Pink Sale Haul!✨🛍️ Shopped my ,2026-08-31T13:36:31.413527
YouTube,Ugw2LcoO4hAXboTls1R4AaABAg.AZopTttrb_IAZq65DyFEYW,@Sanskrtii,"[Video: Nykaa Hot Pink Sale Haul!✨🛍️ Shopped my wishlist💸💖]
Sienna Rebel",https://www.youtube.com/watch?v=d9QL6FXVLHQ&lc=Ugw2LcoO4hAXboTls1R4AaABAg.AZopTttrb_IAZq65DyFEYW,1785485192.147901,Likes: 0,YouTube: Nykaa Hot Pink Sale Haul!✨🛍️ Shopped my ,2026-08-31T13:36:32.148171
YouTube,UgykZ68VpasWKUAhGZV4AaABAg.AZofTUWcTcrAZofkkdhBJa,@Sanskrtii,"[Video: Nykaa Hot Pink Sale Haul!✨🛍️ Shopped my wishlist💸💖]
Punjab",https://www.youtube.com/watch?v=d9QL6FXVLHQ&lc=UgykZ68VpasWKUAhGZV4AaABAg.AZofTUWcTcrAZofkkdhBJa,1785485196.674227,Likes: 0,YouTube: Nykaa Hot Pink Sale Haul!✨🛍️ Shopped my ,2026-08-31T13:36:36.674573
YouTube,UgykZ68VpasWKUAhGZV4AaABAg.AZofTUWcTcrAZog4szX0rW,@Pewsfoodfix,"[Video: Nykaa Hot Pink Sale Haul!✨🛍️ Shopped my wishlist💸💖]
⁠sephora wale bhaiya has given me fiji it looks little bit white on my face",https://www.youtube.com/watch?v=d9QL6FXVLHQ&lc=UgykZ68VpasWKUAhGZV4AaABAg.AZofTUWcTcrAZog4szX0rW,1785485196.678389,Likes: 0,YouTube: Nykaa Hot Pink Sale Haul!✨🛍️ Shopped my ,2026-08-31T13:36:36.678709
YouTube,UgypPcHKx-nctOGSZ9J4AaABAg.AZoepHEzKVtAZofltZcnm2,@Sanskrtii,"[Video: Nykaa Hot Pink Sale Haul!✨🛍️ Shopped my wishlist💸💖]
5.5",https://www.youtube.com/watch?v=d9QL6FXVLHQ&lc=UgypPcHKx-nctOGSZ9J4AaABAg.AZoepHEzKVtAZofltZcnm2,1785485197.859123,Likes: 0,YouTube: Nykaa Hot Pink Sale Haul!✨🛍️ Shopped my ,2026-08-31T13:36:37.859543
YouTube,UgyuVxOPIDhL7WUahdx4AaABAg,@Zartasha.0,"[Video: Nykaa Hot Pink Sale Haul!✨🛍️ Shopped my wishlist💸💖]
love you always",https://www.youtube.com/watch?v=d9QL6FXVLHQ&lc=UgyuVxOPIDhL7WUahdx4AaABAg,1785485198.195959,Likes: 0,YouTube: Nykaa Hot Pink Sale Haul!✨🛍️ Shopped my ,2026-08-31T13:36:38.196276
YouTube,UgzOjUdKeiw0c3lHBiR4AaABAg,@nisharathi3059,"[Video: Nykaa Hot Pink Sale Haul!✨🛍️ Shopped my wishlist💸💖]
Too long video",https://www.youtube.com/watch?v=d9QL6FXVLHQ&lc=UgzOjUdKeiw0c3lHBiR4AaABAg,1785485198.200607,Likes: 0,YouTube: Nykaa Hot Pink Sale Haul!✨🛍️ Shopped my ,2026-08-31T13:36:38.200966
YouTube,UgyhQCnaawrAThM6yMd4AaABAg,@YasminBadar-p2y,"[Video: Nykaa Hot Pink Sale Haul!✨🛍️ Shopped my wishlist💸💖]
❤",https://www.youtube.com/watch?v=d9QL6FXVLHQ&lc=UgyhQCnaawrAThM6yMd4AaABAg,1785485198.205028,Likes: 0,YouTube: Nykaa Hot Pink Sale Haul!✨🛍️ Shopped my ,2026-08-31T13:36:38.205369
YouTube,Ugz5Wizvvon3Rw4joXJ4AaABAg,@Mmmeee11-1,"[Video: Nykaa Hot Pink Sale Haul!✨🛍️ Shopped my wishlist💸💖]
Earring link ?",https://www.youtube.com/watch?v=d9QL6FXVLHQ&lc=Ugz5Wizvvon3Rw4joXJ4AaABAg,1785485198.209089,Likes: 0,YouTube: Nykaa Hot Pink Sale Haul!✨🛍️ Shopped my ,2026-08-31T13:36:38.209460
YouTube,UgyXN9kQgHgByi-wjRd4AaABAg,@sinchanapoojari5940,"[Video: Nykaa Hot Pink Sale Haul!✨🛍️ Shopped my wishlist💸💖]
Mam plz reply whats ur shade in dior foundation stick",https://www.youtube.com/watch?v=d9QL6FXVLHQ&lc=UgyXN9kQgHgByi-wjRd4AaABAg,1785485198.213189,Likes: 1,YouTube: Nykaa Hot Pink Sale Haul!✨🛍️ Shopped my ,2026-08-31T13:36:38.213505
YouTube,UgziN8RwxHCWLj_LmGJ4AaABAg,@sinchanapoojari5940,"[Video: Nykaa Hot Pink Sale Haul!✨🛍️ Shopped my wishlist💸💖]
Mam dior foundation stick shade plz?plz reply",https://www.youtube.com/watch?v=d9QL6FXVLHQ&lc=UgziN8RwxHCWLj_LmGJ4AaABAg,1785485198.217363,Likes: 2,YouTube: Nykaa Hot Pink Sale Haul!✨🛍️ Shopped my ,2026-08-31T13:36:38.217665
YouTube,UgyuVxOPIDhL7WUahdx4AaABAg.AZod5iARhl9AZofn-Iw8zA,@Sanskrtii,"[Video: Nykaa Hot Pink Sale Haul!✨🛍️ Shopped my wishlist💸💖]
Love you too!❤",https://www.youtube.com/watch?v=d9QL6FXVLHQ&lc=UgyuVxOPIDhL7WUahdx4AaABAg.AZod5iARhl9AZofn-Iw8zA,1785485198.602416,Likes: 0,YouTube: Nykaa Hot Pink Sale Haul!✨🛍️ Shopped my ,2026-08-31T13:36:38.602720
YouTube,UgyXN9kQgHgByi-wjRd4AaABAg.AZoMPS5RP4sAZofpYqfsnr,@Sanskrtii,"[Video: Nykaa Hot Pink Sale Haul!✨🛍️ Shopped my wishlist💸💖]
2.5N",https://www.youtube.com/watch?v=d9QL6FXVLHQ&lc=UgyXN9kQgHgByi-wjRd4AaABAg.AZoMPS5RP4sAZofpYqfsnr,1785485199.420462,Likes: 0,YouTube: Nykaa Hot Pink Sale Haul!✨🛍️ Shopped my ,2026-08-31T13:36:39.420781
YouTube,UgziN8RwxHCWLj_LmGJ4AaABAg.AZoMNVvfUfMAZofjvC6uSB,@Sanskrtii,"[Video: Nykaa Hot Pink Sale Haul!✨🛍️ Shopped my wishlist💸💖]
2.5N",https://www.youtube.com/watch?v=d9QL6FXVLHQ&lc=UgziN8RwxHCWLj_LmGJ4AaABAg.AZoMNVvfUfMAZofjvC6uSB,1785485199.768829,Likes: 2,YouTube: Nykaa Hot Pink Sale Haul!✨🛍️ Shopped my ,2026-08-31T13:36:39.769295
YouTube,Ugw1Y8D06f1EytbDpUV4AaABAg,@shwetaghosh6193,"[Video: I spent ₹20,000 on NYKAA😱 Huge Nykaa Haul | Anindita Chakravarty]
Pujoooo issa onnnn
And mera wishlist mai already some of these are making place💜",https://www.youtube.com/watch?v=kS2aRoqCbGI&lc=Ugw1Y8D06f1EytbDpUV4AaABAg,1693469272.054336,Likes: 0,"YouTube: I spent ₹20,000 on NYKAA😱 Huge Nykaa Hau",2026-08-31T13:37:52.054596
YouTube,UgyeyLb8TyZTNM6GOdN4AaABAg,@TeaTimeinParis,"[Video: REVISITING MY 2026 WISHLIST | Update on what's NEW on the list, what's OFF the list!]
My wishlist is Kelly en désordre 😊 though haven’t decided what color",https://www.youtube.com/watch?v=HoReCXt9omc&lc=UgyeyLb8TyZTNM6GOdN4AaABAg,1785485358.952904,Likes: 0,YouTube: REVISITING MY 2026 WISHLIST | Update on ,2026-08-31T13:39:18.953187
YouTube,UgwhzU_l9FHdTGuxSY54AaABAg.AZdprDFTB0bAZiuNtBS_Zj,@IsabellesStyle,"[Video: REVISITING MY 2026 WISHLIST | Update on what's NEW on the list, what's OFF the list!]
The mini bolide is definitely high on my wishlist😍",https://www.youtube.com/watch?v=HoReCXt9omc&lc=UgwhzU_l9FHdTGuxSY54AaABAg.AZdprDFTB0bAZiuNtBS_Zj,1785485359.370281,Likes: 1,YouTube: REVISITING MY 2026 WISHLIST | Update on ,2026-08-31T13:39:19.370576
YouTube,Ugx_OoIWIw9ingwo2nx4AaABAg,@melanieh7142,"[Video: REVISITING MY 2026 WISHLIST | Update on what's NEW on the list, what's OFF the list!]
Can’t wait for your Kelly unboxing! 
I crossed off the VCA malachite pendant and the Evelyne 23 in etoupe with gold hardware from my wish list…treated myself too much! With baby #1 coming in 3 weeks, I’ll have to call them a push present 😅",https://www.youtube.com/watch?v=HoReCXt9omc&lc=Ugx_OoIWIw9ingwo2nx4AaABAg,1785485360.392421,Likes: 0,YouTube: REVISITING MY 2026 WISHLIST | Update on ,2026-08-31T13:39:20.392694
YouTube,UgzVwwGpS_lffsGAgxB4AaABAg,@mindbodysoul8214,"[Video: REVISITING MY 2026 WISHLIST | Update on what's NEW on the list, what's OFF the list!]
Such a Beautiful wish list. Even the pieces you've removed.  I don't have a wishlist at the moment. TFS&I 💛
p.s. you're looking STUNNING Btw!🥰",https://www.youtube.com/watch?v=HoReCXt9omc&lc=UgzVwwGpS_lffsGAgxB4AaABAg,1785485360.395625,Likes: 0,YouTube: REVISITING MY 2026 WISHLIST | Update on ,2026-08-31T13:39:20.395860
YouTube,UgyScapS65yRUOAt6gZ4AaABAg,@wtossable,"[Video: REVISITING MY 2026 WISHLIST | Update on what's NEW on the list, what's OFF the list!]
i have two mini bolides, in etoupe and rouge h. when i say it is my favorite bag, period, i 100% mean  it. this is despite having three kelly bags in various sizes. they’re so versatile, fit a ton for a mini bag—and they’ve been with me on two international trips, zero safety or wear concerns.",https://www.youtube.com/watch?v=HoReCXt9omc&lc=UgyScapS65yRUOAt6gZ4AaABAg,1785485361.519903,Likes: 1,YouTube: REVISITING MY 2026 WISHLIST | Update on ,2026-08-31T13:39:21.520498
YouTube,Ugz3PyYgvQCSVsuWCXx4AaABAg,@Ann-dw2ov,"[Video: WHATS ON MY WISHLIST FOR 2026 | Sezane, Antik Batik, Kutjen, Demellier, Verafied, New Fashion Trends]
Love your pics for wish list ❤❤❤ Good luck with the CL shoes. I had them and could not bare them. Everyones experience is different! ❤❤❤",https://www.youtube.com/watch?v=_PnUQ8fkUB4&lc=Ugz3PyYgvQCSVsuWCXx4AaABAg,1767168571.231242,Likes: 3,"YouTube: WHATS ON MY WISHLIST FOR 2026 | Sezane, ",2026-08-31T13:39:31.231548
YouTube,UgzIsBwTB2cQitV0ntx4AaABAg,@heatherpeterson4522,"[Video: WHATS ON MY WISHLIST FOR 2026 | Sezane, Antik Batik, Kutjen, Demellier, Verafied, New Fashion Trends]
Christian Louboutin heels have ALWAYS been on my wish list.   Stunning!    however, so expensive and I'm not great in heels.  I'm better with a kitten heel than a full blown pump.   Plus, I have wide feet.   So that sounds like a disaster waiting to happen.    LOVE the Sezane reversible jacket with the plaid and cream.   So chic and warm!   Lastly, the bowling bags.   I really want one and ADORE Demellier.   LOVE that Stockholm bag but have been wanting to try Verafied for something.   So maybe it will be this!     Thanks for the awesome video Ciara.   Happy Holidays and Merry Christmas to you!!!",https://www.youtube.com/watch?v=_PnUQ8fkUB4&lc=UgzIsBwTB2cQitV0ntx4AaABAg,1767168571.685098,Likes: 4,"YouTube: WHATS ON MY WISHLIST FOR 2026 | Sezane, ",2026-08-31T13:39:31.685406
YouTube,UggEST5tGw6BJXgCoAEC,@cshopper1346,"[Video: Rome Luxury Haul!!!!! Hermes, Cartier, Chanel and Dior!!!]
Beautiful and great haul...and how can anyone not shop when they're in Europe!! I love the lady Dior bag, it now goes on my wishlist. --Thanks for sharing!",https://www.youtube.com/watch?v=MQGKNEEZ-ug&lc=UggEST5tGw6BJXgCoAEC,1504167221.195167,Likes: 0,"YouTube: Rome Luxury Haul!!!!! Hermes, Cartier, C",2026-08-31T13:43:41.195451
YouTube,UgxNwH1CNinwV3peMit4AaABAg,@sarich1918,"[Video: Nykaa Pink Summer Sale 2024 🎀 | HUGE HAUL |✨ *Buy 1 Get 1* (Got Everything From My Wishlist 🫶🏻)]
good haul video...can you tell me where I can find ingredient list for kay beauty products so that I can order them..I'm allergic to certain ingredients in makeup that's why..can't seem to find anywhere.",https://www.youtube.com/watch?v=tWpYuBp5C9s&lc=UgxNwH1CNinwV3peMit4AaABAg,1725092064.829577,Likes: 0,YouTube: Nykaa Pink Summer Sale 2024 🎀 | HUGE HAU,2026-08-31T13:44:24.829966
YouTube,UgzyY-A3SRpt6fr5XFF4AaABAg,@ashimadhir6577,"[Video: Nykaa Pink Summer Sale 2024 🎀 | HUGE HAUL |✨ *Buy 1 Get 1* (Got Everything From My Wishlist 🫶🏻)]
Just a  single watch in the entire video 👏",https://www.youtube.com/watch?v=tWpYuBp5C9s&lc=UgzyY-A3SRpt6fr5XFF4AaABAg,1725092064.832606,Likes: 0,YouTube: Nykaa Pink Summer Sale 2024 🎀 | HUGE HAU,2026-08-31T13:44:24.832900
YouTube,UgzIjH--7xC0cIybLG14AaABAg,@NirzharaIslam-zp6fx,"[Video: Nykaa Pink Summer Sale 2024 🎀 | HUGE HAUL |✨ *Buy 1 Get 1* (Got Everything From My Wishlist 🫶🏻)]
Hello, I actually am visiting india for some days and i wanted to order from nykaa..can anyone say me about how long it takes them to deliver? TIA",https://www.youtube.com/watch?v=tWpYuBp5C9s&lc=UgzIjH--7xC0cIybLG14AaABAg,1725092064.835771,Likes: 0,YouTube: Nykaa Pink Summer Sale 2024 🎀 | HUGE HAU,2026-08-31T13:44:24.836306
YouTube,UgyhZ_TqCRLnF8HYzv14AaABAg,@gitalipaulchoudhury2362,"[Video: Nykaa Pink Summer Sale 2024 🎀 | HUGE HAUL |✨ *Buy 1 Get 1* (Got Everything From My Wishlist 🫶🏻)]
Please review all the products",https://www.youtube.com/watch?v=tWpYuBp5C9s&lc=UgyhZ_TqCRLnF8HYzv14AaABAg,1725092064.838955,Likes: 0,YouTube: Nykaa Pink Summer Sale 2024 🎀 | HUGE HAU,2026-08-31T13:44:24.839425
YouTube,Ugxp4BIMXHwb902OYdZ4AaABAg,@dhum328,"[Video: Nykaa Pink Summer Sale 2024 🎀 | HUGE HAUL |✨ *Buy 1 Get 1* (Got Everything From My Wishlist 🫶🏻)]
❤❤❤❤🎉🎉🎉🎉🎉",https://www.youtube.com/watch?v=tWpYuBp5C9s&lc=Ugxp4BIMXHwb902OYdZ4AaABAg,1725092064.842352,Likes: 2,YouTube: Nykaa Pink Summer Sale 2024 🎀 | HUGE HAU,2026-08-31T13:44:24.842636
YouTube,Ugyzxz80IhZQ_5s-NyR4AaABAg,@priyankagururani6782,"[Video: Nykaa Pink Summer Sale 2024 🎀 | HUGE HAUL |✨ *Buy 1 Get 1* (Got Everything From My Wishlist 🫶🏻)]
💟💟💟",https://www.youtube.com/watch?v=tWpYuBp5C9s&lc=Ugyzxz80IhZQ_5s-NyR4AaABAg,1725092064.845056,Likes: 1,YouTube: Nykaa Pink Summer Sale 2024 🎀 | HUGE HAU,2026-08-31T13:44:24.845382
YouTube,UgxNwH1CNinwV3peMit4AaABAg.A4YhjNjv_KSAAeGc4YnqLM,@Bhumika_gururani,"[Video: Nykaa Pink Summer Sale 2024 🎀 | HUGE HAUL |✨ *Buy 1 Get 1* (Got Everything From My Wishlist 🫶🏻)]
Ya you are right! Even I didn’t find anywhere 🥺",https://www.youtube.com/watch?v=tWpYuBp5C9s&lc=UgxNwH1CNinwV3peMit4AaABAg.A4YhjNjv_KSAAeGc4YnqLM,1756628065.232487,Likes: 0,YouTube: Nykaa Pink Summer Sale 2024 🎀 | HUGE HAU,2026-08-31T13:44:25.232768
YouTube,UgzyY-A3SRpt6fr5XFF4AaABAg.A4VgfWdjqpIAAeGVr4WzSn,@Bhumika_gururani,"[Video: Nykaa Pink Summer Sale 2024 🎀 | HUGE HAUL |✨ *Buy 1 Get 1* (Got Everything From My Wishlist 🫶🏻)]
Thank you! ♥️",https://www.youtube.com/watch?v=tWpYuBp5C9s&lc=UgzyY-A3SRpt6fr5XFF4AaABAg.A4VgfWdjqpIAAeGVr4WzSn,1756628065.581441,Likes: 0,YouTube: Nykaa Pink Summer Sale 2024 🎀 | HUGE HAU,2026-08-31T13:44:25.581876
YouTube,UgzIjH--7xC0cIybLG14AaABAg.A4Lb4T5dkDIA4MzgXt50a0,@Bhumika_gururani,"[Video: Nykaa Pink Summer Sale 2024 🎀 | HUGE HAUL |✨ *Buy 1 Get 1* (Got Everything From My Wishlist 🫶🏻)]
Usually 2/3 days, it depends on the city you are ordering in.",https://www.youtube.com/watch?v=tWpYuBp5C9s&lc=UgzIjH--7xC0cIybLG14AaABAg.A4Lb4T5dkDIA4MzgXt50a0,1725092065.922757,Likes: 1,YouTube: Nykaa Pink Summer Sale 2024 🎀 | HUGE HAU,2026-08-31T13:44:25.923300
YouTube,UgzIjH--7xC0cIybLG14AaABAg.A4Lb4T5dkDIA4OPC2ZzsM1,@NirzharaIslam-zp6fx,"[Video: Nykaa Pink Summer Sale 2024 🎀 | HUGE HAUL |✨ *Buy 1 Get 1* (Got Everything From My Wishlist 🫶🏻)]
 @Bhumika_gururani  i am staying at tamil nadu,chennai for 6days. You think i can get the delivery on time ??",https://www.youtube.com/watch?v=tWpYuBp5C9s&lc=UgzIjH--7xC0cIybLG14AaABAg.A4Lb4T5dkDIA4OPC2ZzsM1,1725092065.926758,Likes: 0,YouTube: Nykaa Pink Summer Sale 2024 🎀 | HUGE HAU,2026-08-31T13:44:25.927104
YouTube,UgyhZ_TqCRLnF8HYzv14AaABAg.A4GM24v8gO9A4I-gfTANKM,@Bhumika_gururani,"[Video: Nykaa Pink Summer Sale 2024 🎀 | HUGE HAUL |✨ *Buy 1 Get 1* (Got Everything From My Wishlist 🫶🏻)]
Sure :)",https://www.youtube.com/watch?v=tWpYuBp5C9s&lc=UgyhZ_TqCRLnF8HYzv14AaABAg.A4GM24v8gO9A4I-gfTANKM,1725092066.258419,Likes: 0,YouTube: Nykaa Pink Summer Sale 2024 🎀 | HUGE HAU,2026-08-31T13:44:26.258728
Google Play Store (Nykaa Fashion),816c6ee5-0dba-4508-90b6-2874874c2bbf,Danish Ansari,prices and cloth ranges are good but if i wishlist something for later it ends up either getting stocked out and never returns back in stock for months,https://play.google.com/store/apps/details?id=com.fsn.nds&reviewId=816c6ee5-0dba-4508-90b6-2874874c2bbf,2026-08-18 00:25:38,"Rating: 4, Thumbs Up: 0",PlayStore: com.fsn.nds,2026-08-31T13:45:36.019529
Google Play Store (Nykaa Fashion),534d0074-6ae4-4449-8a85-2a208495452f,Naveen Kumar,"Hi Nykaa, You literally spill the beans about my cart and wishlist with other customers out there, while I check out the products, which you need to really change this attitude. It's my honest opinion and don't do so with others as well, if at all it is your business tactics or whatsoever you name it. So embarassing and disgusting in some way too.",https://play.google.com/store/apps/details?id=com.fsn.nds&reviewId=534d0074-6ae4-4449-8a85-2a208495452f,2026-08-07 20:01:48,"Rating: 3, Thumbs Up: 0",PlayStore: com.fsn.nds,2026-08-31T13:45:37.237599
Google Play Store (Nykaa Fashion),f1f5ab10-2569-4cec-bfbf-8a76c3e94625,A Google user,favorites,https://play.google.com/store/apps/details?id=com.fsn.nds&reviewId=f1f5ab10-2569-4cec-bfbf-8a76c3e94625,2025-08-16 22:10:47,"Rating: 5, Thumbs Up: 0",PlayStore: com.fsn.nds,2026-08-31T12:59:59.612890
Google Play Store (Nykaa Fashion),860ff1d6-3b29-4b94-85fa-03f953a57c71,A Google user,all time favorites app it's good 👍😊😊😊😊😊😊😊😊😊😊,https://play.google.com/store/apps/details?id=com.fsn.nds&reviewId=860ff1d6-3b29-4b94-85fa-03f953a57c71,2025-04-18 13:06:47,"Rating: 4, Thumbs Up: 0",PlayStore: com.fsn.nds,2026-08-31T12:59:59.661366
Google Play Store (Nykaa Main App),a666356a-5b8b-43db-a56b-dc5e7fb0bb82,A Google user,my favourite one💕,https://play.google.com/store/apps/details?id=com.fsn.nykaa&reviewId=a666356a-5b8b-43db-a56b-dc5e7fb0bb82,2026-08-26 14:48:18,"Rating: 4, Thumbs Up: 0",PlayStore: com.fsn.nykaa,2026-08-31T13:14:04.336306
Google Play Store (Nykaa Main App),476397dc-7446-4da8-af08-19f98a3963fe,A Google user,my favourite Nykaa,https://play.google.com/store/apps/details?id=com.fsn.nykaa&reviewId=476397dc-7446-4da8-af08-19f98a3963fe,2026-08-22 23:55:13,"Rating: 5, Thumbs Up: 0",PlayStore: com.fsn.nykaa,2026-08-31T13:14:04.341413
Google Play Store (Nykaa Main App),e7d41b2a-2287-4fa3-a1c7-8bbf62c20dac,A Google user,"“I’ve had a really good experience using the Nykaa app. The app is easy to use, and there are so many beauty, skincare, haircare and makeup products to choose from. The product details and reviews are very helpful before making a purchase. My orders have been delivered safely and on time. I also love the offers and discounts available on the app. Overall, Nykaa is one of my favourite shopping apps and I would definitely recommend it than urges",https://play.google.com/store/apps/details?id=com.fsn.nykaa&reviewId=e7d41b2a-2287-4fa3-a1c7-8bbf62c20dac,2026-08-22 21:37:40,"Rating: 5, Thumbs Up: 0",PlayStore: com.fsn.nykaa,2026-08-31T13:14:04.341605
Google Play Store (Nykaa Main App),e574168e-c5aa-4767-8483-5ea6990d9602,A Google user,best quality for product my all time favorites site for cosmetic products ❤️,https://play.google.com/store/apps/details?id=com.fsn.nykaa&reviewId=e574168e-c5aa-4767-8483-5ea6990d9602,2026-08-18 10:11:47,"Rating: 5, Thumbs Up: 0",PlayStore: com.fsn.nykaa,2026-08-31T13:14:04.350226
Google Play Store (Nykaa Main App),4bb5b9e6-5e38-42ed-9d51-2562ea65008c,A Google user,My favourite product app and also fast delivery available in this app thank you nykaa,https://play.google.com/store/apps/details?id=com.fsn.nykaa&reviewId=4bb5b9e6-5e38-42ed-9d51-2562ea65008c,2026-08-12 21:32:58,"Rating: 5, Thumbs Up: 0",PlayStore: com.fsn.nykaa,2026-08-31T13:14:04.360070
Google Play Store (Nykaa Main App),670a0ddd-d6dc-4e2f-81f3-84b986989d4c,A Google user,my favourite nykaa app,https://play.google.com/store/apps/details?id=com.fsn.nykaa&reviewId=670a0ddd-d6dc-4e2f-81f3-84b986989d4c,2026-07-29 09:41:47,"Rating: 5, Thumbs Up: 0",PlayStore: com.fsn.nykaa,2026-08-31T13:14:04.391766
Google Play Store (Nykaa Main App),f484d010-2507-453e-a048-a0f94ac7ab22,A Google user,my favourite app ever and no.1 discount provider thank u 4r all,https://play.google.com/store/apps/details?id=com.fsn.nykaa&reviewId=f484d010-2507-453e-a048-a0f94ac7ab22,2026-07-20 20:21:14,"Rating: 5, Thumbs Up: 0",PlayStore: com.fsn.nykaa,2026-08-31T13:14:04.417861
Google Play Store (Nykaa Main App),55ec9a0f-5efa-4aba-871e-bff96963e8b3,A Google user,nykaa is my favourite body parties app,https://play.google.com/store/apps/details?id=com.fsn.nykaa&reviewId=55ec9a0f-5efa-4aba-871e-bff96963e8b3,2026-07-18 13:23:59,"Rating: 5, Thumbs Up: 0",PlayStore: com.fsn.nykaa,2026-08-31T13:14:04.423051
Google Play Store (Nykaa Main App),93160c2f-6a2a-4b13-99d8-f3e886ff298f,A Google user,"personal favorite, too much better than Flipkart",https://play.google.com/store/apps/details?id=com.fsn.nykaa&reviewId=93160c2f-6a2a-4b13-99d8-f3e886ff298f,2026-07-17 22:50:51,"Rating: 5, Thumbs Up: 0",PlayStore: com.fsn.nykaa,2026-08-31T13:14:04.424106
Google Play Store (Nykaa Main App),c67c22d4-1977-4879-92e3-794a2d2d5fa9,A Google user,thankyou so so so so so so so so so so so so so so so so so so so so so so so so so so so so so so so so so so so so so so so much my favourite skin care products aap 😊😊😊😊😍😍😍🎀,https://play.google.com/store/apps/details?id=com.fsn.nykaa&reviewId=c67c22d4-1977-4879-92e3-794a2d2d5fa9,2026-07-17 13:56:27,"Rating: 5, Thumbs Up: 0",PlayStore: com.fsn.nykaa,2026-08-31T13:14:04.425639
Google Play Store (Nykaa Main App),a56d1254-eb1e-4646-8882-1a6cc6040dec,A Google user,my favourite app 😻,https://play.google.com/store/apps/details?id=com.fsn.nykaa&reviewId=a56d1254-eb1e-4646-8882-1a6cc6040dec,2026-07-11 22:39:24,"Rating: 5, Thumbs Up: 0",PlayStore: com.fsn.nykaa,2026-08-31T13:14:04.436653
Google Play Store (Nykaa Main App),3c5fac0e-2c1d-4a3a-9a5d-751b8df2a8f8,A Google user,All time favourite,https://play.google.com/store/apps/details?id=com.fsn.nykaa&reviewId=3c5fac0e-2c1d-4a3a-9a5d-751b8df2a8f8,2026-07-10 14:20:35,"Rating: 5, Thumbs Up: 0",PlayStore: com.fsn.nykaa,2026-08-31T13:14:04.440387
Google Play Store (Nykaa Main App),c72c3db5-74af-46df-9fe7-862824b55601,A Google user,All time Favourite Nykaa Beauty shopping 🛍️ ❤️,https://play.google.com/store/apps/details?id=com.fsn.nykaa&reviewId=c72c3db5-74af-46df-9fe7-862824b55601,2026-07-04 22:19:36,"Rating: 5, Thumbs Up: 0",PlayStore: com.fsn.nykaa,2026-08-31T13:14:04.453005
Google Play Store (Nykaa Main App),dcb5d4f9-770e-4212-8973-503057d60561,A Google user,my favourite aap nykaa 🥰💗,https://play.google.com/store/apps/details?id=com.fsn.nykaa&reviewId=dcb5d4f9-770e-4212-8973-503057d60561,2026-07-03 14:36:26,"Rating: 5, Thumbs Up: 0",PlayStore: com.fsn.nykaa,2026-08-31T13:14:04.455124
Google Play Store (Nykaa Main App),99de752b-5d71-40b2-ac17-4c4d5e2ecddd,A Google user,my mosttt favourite app a must have in every girls phone 🎀🥰🤭,https://play.google.com/store/apps/details?id=com.fsn.nykaa&reviewId=99de752b-5d71-40b2-ac17-4c4d5e2ecddd,2026-07-03 13:46:25,"Rating: 5, Thumbs Up: 0",PlayStore: com.fsn.nykaa,2026-08-31T13:14:04.455229
Google Play Store (Nykaa Main App),e52c890c-8446-4423-a28e-393bc2584ada,A Google user,My Favourite online shopping app,https://play.google.com/store/apps/details?id=com.fsn.nykaa&reviewId=e52c890c-8446-4423-a28e-393bc2584ada,2026-07-02 16:05:12,"Rating: 5, Thumbs Up: 0",PlayStore: com.fsn.nykaa,2026-08-31T13:14:04.456344
Google Play Store (Nykaa Main App),d8596a9d-68b4-4308-8c39-69c6b0a0feed,A Google user,favourite online shopping app for nyyka....very beautifull experiance,https://play.google.com/store/apps/details?id=com.fsn.nykaa&reviewId=d8596a9d-68b4-4308-8c39-69c6b0a0feed,2026-06-26 23:34:08,"Rating: 5, Thumbs Up: 0",PlayStore: com.fsn.nykaa,2026-08-31T13:14:04.467804
Google Play Store (Nykaa Main App),6a93c808-41b7-4839-aa0a-7283ac184472,A Google user,my Favorite app for skincare and makeup 🙌🏻💗love itttt..!!✨💌,https://play.google.com/store/apps/details?id=com.fsn.nykaa&reviewId=6a93c808-41b7-4839-aa0a-7283ac184472,2026-06-26 11:45:51,"Rating: 5, Thumbs Up: 0",PlayStore: com.fsn.nykaa,2026-08-31T13:14:04.468717
Google Play Store (Nykaa Main App),1196be9e-01a5-44ce-82bc-011099fc57cc,A Google user,"I just loveeee Nykaa, I trust nykaa more than anything, this app has delivered me all my favourite makeup super fast and it feels like every single thing is available in this app. Whatever i need, nykaa fullfils my wish, it is way beyond amazing. Just love it, this damnn good app beats every other available beauty shopping app and I am not even bragging. Thank you Nykaa for everything 🩷",https://play.google.com/store/apps/details?id=com.fsn.nykaa&reviewId=1196be9e-01a5-44ce-82bc-011099fc57cc,2026-06-24 15:56:25,"Rating: 5, Thumbs Up: 0",PlayStore: com.fsn.nykaa,2026-08-31T13:14:04.472577
Google Play Store (Nykaa Main App),7403b1a2-ffd8-425b-ab44-307300b38898,A Google user,all time favourite ❤️ nykaa,https://play.google.com/store/apps/details?id=com.fsn.nykaa&reviewId=7403b1a2-ffd8-425b-ab44-307300b38898,2026-06-24 13:58:48,"Rating: 5, Thumbs Up: 0",PlayStore: com.fsn.nykaa,2026-08-31T13:14:04.472913
Google Play Store (Nykaa Main App),dee3883f-93c9-430c-92d5-1b9f4d942e14,A Google user,Nykaa is and will always be my favourite beauty shopping application. Nykaa has never disappointed me with their products or services.,https://play.google.com/store/apps/details?id=com.fsn.nykaa&reviewId=dee3883f-93c9-430c-92d5-1b9f4d942e14,2026-06-22 21:51:48,"Rating: 5, Thumbs Up: 0",PlayStore: com.fsn.nykaa,2026-08-31T13:14:04.476779
Google Play Store (Nykaa Main App),5f72c05f-fe07-493f-bece-5da33fbc8d40,A Google user,my favorite app,https://play.google.com/store/apps/details?id=com.fsn.nykaa&reviewId=5f72c05f-fe07-493f-bece-5da33fbc8d40,2026-06-19 18:38:32,"Rating: 5, Thumbs Up: 0",PlayStore: com.fsn.nykaa,2026-08-31T13:14:04.482991
Google Play Store (Nykaa Main App),2d09f94a-d2a4-4e91-864b-11c738a95cfb,A Google user,most trusted and favorite makeup and skin care app of mine 😍,https://play.google.com/store/apps/details?id=com.fsn.nykaa&reviewId=2d09f94a-d2a4-4e91-864b-11c738a95cfb,2026-06-15 13:26:23,"Rating: 5, Thumbs Up: 0",PlayStore: com.fsn.nykaa,2026-08-31T13:14:04.492482
Google Play Store (Nykaa Main App),bbc34052-b74b-4320-9496-4ea31cbddc10,A Google user,I can get my favorite product in nykaa and with offer,https://play.google.com/store/apps/details?id=com.fsn.nykaa&reviewId=bbc34052-b74b-4320-9496-4ea31cbddc10,2026-06-12 18:25:32,"Rating: 5, Thumbs Up: 0",PlayStore: com.fsn.nykaa,2026-08-31T13:14:04.497420
Google Play Store (Nykaa Main App),2b7902cf-2df1-48ca-a89e-1d0e70f5851c,A Google user,nykaa is one of my favourite beauty shopping aap.,https://play.google.com/store/apps/details?id=com.fsn.nykaa&reviewId=2b7902cf-2df1-48ca-a89e-1d0e70f5851c,2026-06-11 13:19:42,"Rating: 5, Thumbs Up: 0",PlayStore: com.fsn.nykaa,2026-08-31T13:14:04.499747
Google Play Store (Nykaa Main App),b78e538b-c98d-4fa6-8646-9a60788c933d,A Google user,This App Is Best App And Favorite Mackups,https://play.google.com/store/apps/details?id=com.fsn.nykaa&reviewId=b78e538b-c98d-4fa6-8646-9a60788c933d,2026-06-08 10:01:58,"Rating: 5, Thumbs Up: 0",PlayStore: com.fsn.nykaa,2026-08-31T13:14:04.504817
Google Play Store (Nykaa Main App),fd44b98a-8d0e-4be8-a6f2-73350fd96bcf,A Google user,Nykaa is my favourite Thank you so much nykaa aap for giving such amazing offers love you ❤️,https://play.google.com/store/apps/details?id=com.fsn.nykaa&reviewId=fd44b98a-8d0e-4be8-a6f2-73350fd96bcf,2026-06-06 19:44:25,"Rating: 5, Thumbs Up: 0",PlayStore: com.fsn.nykaa,2026-08-31T13:14:04.506563
Google Play Store (Nykaa Main App),709785c8-2aa7-43c3-ab3f-84d23868603f,A Google user,my favourite ♥️,https://play.google.com/store/apps/details?id=com.fsn.nykaa&reviewId=709785c8-2aa7-43c3-ab3f-84d23868603f,2026-06-02 21:21:27,"Rating: 5, Thumbs Up: 0",PlayStore: com.fsn.nykaa,2026-08-31T13:14:04.513510
Google Play Store (Nykaa Main App),0aa548d1-233f-465e-a08a-980d23d86677,A Google user,my most favourite shoping app I am very happy,https://play.google.com/store/apps/details?id=com.fsn.nykaa&reviewId=0aa548d1-233f-465e-a08a-980d23d86677,2026-06-01 21:55:31,"Rating: 5, Thumbs Up: 0",PlayStore: com.fsn.nykaa,2026-08-31T13:14:04.515818
Google Play Store (Nykaa Main App),16ed5c3b-1c45-489c-9532-3156fb817db5,A Google user,"“Nykaa is one of my favorite beauty shopping apps. It has a huge variety of skincare, makeup, and haircare products from different brands. The app is easy to use, delivery is usually fast, and the packaging is always secure. I also like the discounts, offers, and genuine products available on the platform. Overall, a great shopping experience!”",https://play.google.com/store/apps/details?id=com.fsn.nykaa&reviewId=16ed5c3b-1c45-489c-9532-3156fb817db5,2026-05-28 10:55:04,"Rating: 5, Thumbs Up: 0",PlayStore: com.fsn.nykaa,2026-08-31T13:14:04.528961
Google Play Store (Nykaa Main App),e9d71e55-006f-44d8-bb04-af394d05fa68,A Google user,"Nykaa Beauty has become one of my favorite beauty shopping platforms. From skincare to makeup, the collection is amazing and the quality feels genuine. The packaging was neat, delivery was quick, and the overall experience felt premium and hassle-free. Definitely a great place for beauty lovers.",https://play.google.com/store/apps/details?id=com.fsn.nykaa&reviewId=e9d71e55-006f-44d8-bb04-af394d05fa68,2026-05-26 14:13:10,"Rating: 5, Thumbs Up: 0",PlayStore: com.fsn.nykaa,2026-08-31T13:14:04.533870
Google Play Store (Nykaa Main App),85e05407-770e-4c39-a0a6-441b5d53a786,A Google user,my favourite beauty destination 🤩💃🏻,https://play.google.com/store/apps/details?id=com.fsn.nykaa&reviewId=85e05407-770e-4c39-a0a6-441b5d53a786,2026-05-23 11:22:46,"Rating: 5, Thumbs Up: 0",PlayStore: com.fsn.nykaa,2026-08-31T13:14:04.541695
Google Play Store (Nykaa Main App),3228b5ed-9018-4f36-bca8-7c810fbdc17f,A Google user,my favourite....,https://play.google.com/store/apps/details?id=com.fsn.nykaa&reviewId=3228b5ed-9018-4f36-bca8-7c810fbdc17f,2026-05-23 10:49:04,"Rating: 5, Thumbs Up: 0",PlayStore: com.fsn.nykaa,2026-08-31T13:14:04.541871
Google Play Store (Nykaa Main App),423948b8-4c4f-40f6-9741-394f47c6a347,A Google user,favorite 💝,https://play.google.com/store/apps/details?id=com.fsn.nykaa&reviewId=423948b8-4c4f-40f6-9741-394f47c6a347,2026-05-23 00:51:03,"Rating: 5, Thumbs Up: 0",PlayStore: com.fsn.nykaa,2026-08-31T13:14:04.542513
Google Play Store (Nykaa Main App),ce9a01bf-e6f7-49b7-8c97-acf1ef416529,A Google user,personally favourite purfume,https://play.google.com/store/apps/details?id=com.fsn.nykaa&reviewId=ce9a01bf-e6f7-49b7-8c97-acf1ef416529,2026-05-16 00:23:22,"Rating: 5, Thumbs Up: 0",PlayStore: com.fsn.nykaa,2026-08-31T13:14:04.571214
Google Play Store (Nykaa Main App),36393a59-c064-433c-8f31-fbac13a3f403,A Google user,very happy to buying my favourite products in reasonable price,https://play.google.com/store/apps/details?id=com.fsn.nykaa&reviewId=36393a59-c064-433c-8f31-fbac13a3f403,2026-05-15 17:43:10,"Rating: 5, Thumbs Up: 0",PlayStore: com.fsn.nykaa,2026-08-31T13:14:04.572174
Google Play Store (Nykaa Main App),382f931a-9617-4114-91b8-872c36b9e584,A Google user,my always favourite beauty products app.,https://play.google.com/store/apps/details?id=com.fsn.nykaa&reviewId=382f931a-9617-4114-91b8-872c36b9e584,2026-05-15 13:47:37,"Rating: 5, Thumbs Up: 0",PlayStore: com.fsn.nykaa,2026-08-31T13:14:04.573181
Google Play Store (Nykaa Main App),9f4f346e-fe67-4397-87e2-8d1adc3e281a,A Google user,nayka is all time favorites ♥️♥️,https://play.google.com/store/apps/details?id=com.fsn.nykaa&reviewId=9f4f346e-fe67-4397-87e2-8d1adc3e281a,2026-05-14 12:22:56,"Rating: 4, Thumbs Up: 0",PlayStore: com.fsn.nykaa,2026-08-31T13:14:04.577019
Google Play Store (Nykaa Main App),e1019d9e-b496-4139-bbb9-c7fc23ab43c4,A Google user,sonal gupta nykaa is my favourite app because ismein sab kuchh milta Hai yaar skin care hair care and jo bhi mein apne liye chahti mein sab kuchh milta Hai thank you,https://play.google.com/store/apps/details?id=com.fsn.nykaa&reviewId=e1019d9e-b496-4139-bbb9-c7fc23ab43c4,2026-05-11 13:17:20,"Rating: 4, Thumbs Up: 0",PlayStore: com.fsn.nykaa,2026-08-31T13:14:04.587446
Google Play Store (Nykaa Main App),531e21ad-f2b5-4049-977e-a8c44531772e,A Google user,my favorite trusted app for skincare,https://play.google.com/store/apps/details?id=com.fsn.nykaa&reviewId=531e21ad-f2b5-4049-977e-a8c44531772e,2026-05-10 18:26:05,"Rating: 5, Thumbs Up: 0",PlayStore: com.fsn.nykaa,2026-08-31T13:14:04.588917
Google Play Store (Nykaa Main App),730b7821-fe79-4fd4-8ff5-83fc74ed66c6,A Google user,"nykaa is my personally favourite application for buying beauty products. delivery on time , give discounts , and product quality is to good",https://play.google.com/store/apps/details?id=com.fsn.nykaa&reviewId=730b7821-fe79-4fd4-8ff5-83fc74ed66c6,2026-05-07 22:05:16,"Rating: 5, Thumbs Up: 0",PlayStore: com.fsn.nykaa,2026-08-31T13:14:04.598258
Google Play Store (Nykaa Main App),201c86b3-e2c6-4c1e-b118-3f39ebaa1a10,A Google user,this is so good app for make up and every product has amazing quality I mean I have no words to express how grateful the quality the product is it is soooooo good personally my favourite makeup app 😭❤️,https://play.google.com/store/apps/details?id=com.fsn.nykaa&reviewId=201c86b3-e2c6-4c1e-b118-3f39ebaa1a10,2026-04-21 23:24:45,"Rating: 5, Thumbs Up: 0",PlayStore: com.fsn.nykaa,2026-08-31T13:14:04.627848
Google Play Store (Nykaa Main App),2f6f5b9d-dc12-4f5d-a34d-08f34e2c1dd2,A Google user,all time favourite app loved it,https://play.google.com/store/apps/details?id=com.fsn.nykaa&reviewId=2f6f5b9d-dc12-4f5d-a34d-08f34e2c1dd2,2026-04-20 18:42:47,"Rating: 5, Thumbs Up: 0",PlayStore: com.fsn.nykaa,2026-08-31T13:14:04.630921
Google Play Store (Nykaa Main App),5b09d6a5-0c96-4ff3-a0a8-4faa39eeb541,A Google user,my favourite Beauty app nykaa 🫰💕,https://play.google.com/store/apps/details?id=com.fsn.nykaa&reviewId=5b09d6a5-0c96-4ff3-a0a8-4faa39eeb541,2026-04-19 16:19:54,"Rating: 5, Thumbs Up: 0",PlayStore: com.fsn.nykaa,2026-08-31T13:14:04.632934
Google Play Store (Nykaa Main App),6e92beb2-5304-4cb3-888a-dbec697c4581,A Google user,I am very very disappointed from you Nykaa my favorite product dove shower mousse is not available plz plz 🙏🙏 bring this product in app plz I request to you,https://play.google.com/store/apps/details?id=com.fsn.nykaa&reviewId=6e92beb2-5304-4cb3-888a-dbec697c4581,2026-04-17 14:21:03,"Rating: 1, Thumbs Up: 0",PlayStore: com.fsn.nykaa,2026-08-31T13:14:04.638009
Google Play Store (Nykaa Main App),ca0af444-75bd-4be5-bbff-e1f00b7e2d74,A Google user,my favorite aap,https://play.google.com/store/apps/details?id=com.fsn.nykaa&reviewId=ca0af444-75bd-4be5-bbff-e1f00b7e2d74,2026-04-16 00:52:59,"Rating: 5, Thumbs Up: 0",PlayStore: com.fsn.nykaa,2026-08-31T13:14:04.640471
Google Play Store (Nykaa Main App),f013c453-a361-4bf2-9450-3f907347d5ce,A Google user,one of my favorite,https://play.google.com/store/apps/details?id=com.fsn.nykaa&reviewId=f013c453-a361-4bf2-9450-3f907347d5ce,2026-04-15 00:19:19,"Rating: 5, Thumbs Up: 0",PlayStore: com.fsn.nykaa,2026-08-31T13:14:04.642293
Google Play Store (Nykaa Main App),964a8cda-cd35-436d-b73e-b99984011173,A Google user,my favourite app😍🥳,https://play.google.com/store/apps/details?id=com.fsn.nykaa&reviewId=964a8cda-cd35-436d-b73e-b99984011173,2026-04-12 09:02:31,"Rating: 5, Thumbs Up: 0",PlayStore: com.fsn.nykaa,2026-08-31T13:14:04.649707
Google Play Store (Nykaa Main App),4dc0a8c3-7754-48e9-b42a-388e38ec06d0,A Google user,i love love 💕💕 my favourite nykaa app,https://play.google.com/store/apps/details?id=com.fsn.nykaa&reviewId=4dc0a8c3-7754-48e9-b42a-388e38ec06d0,2026-04-12 02:37:05,"Rating: 5, Thumbs Up: 0",PlayStore: com.fsn.nykaa,2026-08-31T13:14:04.649849
Google Play Store (Nykaa Main App),9ede9f27-d81b-483d-ad07-34ef3b24927d,A Google user,"A suggestion, can you add a bookmark option on the listing while scrolling, because we can come back and continue from where we left the next time rather than starting to look for products from the very first. Which is a bit tiring",https://play.google.com/store/apps/details?id=com.fsn.nykaa&reviewId=9ede9f27-d81b-483d-ad07-34ef3b24927d,2026-04-11 06:23:53,"Rating: 4, Thumbs Up: 0",PlayStore: com.fsn.nykaa,2026-08-31T13:14:04.651113
Google Play Store (Nykaa Main App),7c84c169-3d97-47db-a29c-1dbe950e4280,A Google user,i love this app... 😽my favourite app,https://play.google.com/store/apps/details?id=com.fsn.nykaa&reviewId=7c84c169-3d97-47db-a29c-1dbe950e4280,2026-04-01 11:34:40,"Rating: 4, Thumbs Up: 0",PlayStore: com.fsn.nykaa,2026-08-31T13:14:04.664675
Google Play Store (Nykaa Main App),ed07ca90-6fa9-4af4-82f3-ef5efcde546e,A Google user,the app is not re stocking my favourite product ( biolage advance fiberstrong shampoo),https://play.google.com/store/apps/details?id=com.fsn.nykaa&reviewId=ed07ca90-6fa9-4af4-82f3-ef5efcde546e,2026-03-23 15:06:43,"Rating: 1, Thumbs Up: 0",PlayStore: com.fsn.nykaa,2026-08-31T13:14:04.674051
Google Play Store (Nykaa Main App),f9bb6c1e-7e1b-4404-a6ca-a58b0d2b97be,A Google user,Nykaa is my favourite,https://play.google.com/store/apps/details?id=com.fsn.nykaa&reviewId=f9bb6c1e-7e1b-4404-a6ca-a58b0d2b97be,2026-03-22 23:42:03,"Rating: 5, Thumbs Up: 0",PlayStore: com.fsn.nykaa,2026-08-31T13:14:04.674769
Google Play Store (Nykaa Main App),b31b0d95-66a0-4172-91aa-25652d4bb181,A Google user,Favourite beauty shopping app,https://play.google.com/store/apps/details?id=com.fsn.nykaa&reviewId=b31b0d95-66a0-4172-91aa-25652d4bb181,2026-03-18 13:59:36,"Rating: 5, Thumbs Up: 0",PlayStore: com.fsn.nykaa,2026-08-31T13:14:04.680332
Google Play Store (Nykaa Main App),98499bcb-7a33-4dce-9559-ad60b654c6e5,A Google user,"this is the best application for beauty, skincare and many more this is my all time favorite application! 🎀",https://play.google.com/store/apps/details?id=com.fsn.nykaa&reviewId=98499bcb-7a33-4dce-9559-ad60b654c6e5,2026-03-17 12:36:52,"Rating: 5, Thumbs Up: 0",PlayStore: com.fsn.nykaa,2026-08-31T13:14:04.681430
Google Play Store (Nykaa Main App),80e192b0-bc3c-445e-bf45-b5939aa058fe,A Google user,good app my all time favorites,https://play.google.com/store/apps/details?id=com.fsn.nykaa&reviewId=80e192b0-bc3c-445e-bf45-b5939aa058fe,2026-03-11 22:20:35,"Rating: 5, Thumbs Up: 0",PlayStore: com.fsn.nykaa,2026-08-31T13:14:04.687774
Google Play Store (Nykaa Main App),4186a5ec-b13c-45de-9bcd-a5949b4b8c0a,A Google user,really nykaa apps is my favourite 🤗,https://play.google.com/store/apps/details?id=com.fsn.nykaa&reviewId=4186a5ec-b13c-45de-9bcd-a5949b4b8c0a,2026-03-05 13:39:01,"Rating: 5, Thumbs Up: 0",PlayStore: com.fsn.nykaa,2026-08-31T13:14:04.697076
Google Play Store (Nykaa Main App),6f64d463-8720-4fc7-8a65-02497672aa66,A Google user,it's my favourite,https://play.google.com/store/apps/details?id=com.fsn.nykaa&reviewId=6f64d463-8720-4fc7-8a65-02497672aa66,2026-03-03 12:13:23,"Rating: 5, Thumbs Up: 0",PlayStore: com.fsn.nykaa,2026-08-31T13:14:04.699482
Google Play Store (Nykaa Main App),bfefb29a-269c-411d-a17c-2e5aec68feac,A Google user,my all time favorite app for shopping,https://play.google.com/store/apps/details?id=com.fsn.nykaa&reviewId=bfefb29a-269c-411d-a17c-2e5aec68feac,2026-03-01 15:51:52,"Rating: 5, Thumbs Up: 0",PlayStore: com.fsn.nykaa,2026-08-31T13:14:04.701558
Google Play Store (Nykaa Main App),eb28c8eb-03e0-40ce-8fb7-a3b498979d0c,A Google user,that's my favourite naykaaaaaaa....🩷🩷🩷🩷💐,https://play.google.com/store/apps/details?id=com.fsn.nykaa&reviewId=eb28c8eb-03e0-40ce-8fb7-a3b498979d0c,2026-02-27 10:57:43,"Rating: 4, Thumbs Up: 0",PlayStore: com.fsn.nykaa,2026-08-31T13:14:04.703844
Google Play Store (Nykaa Main App),9e56841b-8b59-4dc0-a603-ff8a56ffb4c5,A Google user,I'm absolutely obsessed with the app I'm so happy to be nykaa is my currently favourite shopping app 10/10❤️🎀😘,https://play.google.com/store/apps/details?id=com.fsn.nykaa&reviewId=9e56841b-8b59-4dc0-a603-ff8a56ffb4c5,2026-02-26 07:49:45,"Rating: 5, Thumbs Up: 0",PlayStore: com.fsn.nykaa,2026-08-31T13:14:04.705526
Google Play Store (Nykaa Main App),d4cc9cdb-38b5-4408-838c-345d105ccfbc,A Google user,my favourite nykaa...I love to shopping with this app,https://play.google.com/store/apps/details?id=com.fsn.nykaa&reviewId=d4cc9cdb-38b5-4408-838c-345d105ccfbc,2026-02-20 13:19:24,"Rating: 5, Thumbs Up: 0",PlayStore: com.fsn.nykaa,2026-08-31T13:14:04.713042
Google Play Store (Nykaa Main App),f9b80ae6-5419-47f8-b584-913ddc766cc7,A Google user,"No good offers are available, good discounts are also not available on my favourite things.",https://play.google.com/store/apps/details?id=com.fsn.nykaa&reviewId=f9b80ae6-5419-47f8-b584-913ddc766cc7,2026-02-16 00:38:31,"Rating: 2, Thumbs Up: 0",PlayStore: com.fsn.nykaa,2026-08-31T13:14:04.721475
Google Play Store (Nykaa Main App),30847f66-a96f-4258-9a23-42644771ae6c,A Google user,"omg, the sale is literally amazing , best and real products ,with sale, I loved it and the best part is receiving free gifts from nykaa and saving money , I love nykaa and It became my favourite app ♥️",https://play.google.com/store/apps/details?id=com.fsn.nykaa&reviewId=30847f66-a96f-4258-9a23-42644771ae6c,2026-02-15 16:25:13,"Rating: 5, Thumbs Up: 0",PlayStore: com.fsn.nykaa,2026-08-31T13:14:04.722478
Google Play Store (Nykaa Main App),81b61d9e-b863-4878-bec5-d2dcc82c2c69,A Google user,always my favourite,https://play.google.com/store/apps/details?id=com.fsn.nykaa&reviewId=81b61d9e-b863-4878-bec5-d2dcc82c2c69,2026-02-13 15:20:07,"Rating: 5, Thumbs Up: 0",PlayStore: com.fsn.nykaa,2026-08-31T13:14:04.727121
Google Play Store (Nykaa Main App),164da711-cfaa-42bc-90c3-24f3f81c09da,A Google user,always favourite,https://play.google.com/store/apps/details?id=com.fsn.nykaa&reviewId=164da711-cfaa-42bc-90c3-24f3f81c09da,2026-02-13 08:47:07,"Rating: 5, Thumbs Up: 0",PlayStore: com.fsn.nykaa,2026-08-31T13:14:04.727732
Google Play Store (Nykaa Main App),7a351a5d-a195-497e-98b2-74af08294e5d,A Google user,hi my favourite,https://play.google.com/store/apps/details?id=com.fsn.nykaa&reviewId=7a351a5d-a195-497e-98b2-74af08294e5d,2026-02-12 00:21:07,"Rating: 5, Thumbs Up: 0",PlayStore: com.fsn.nykaa,2026-08-31T13:14:04.729878
Google Play Store (Nykaa Main App),6df5d806-6246-4c2b-bea5-8d2489649cce,A Google user,nykaa is the baddest app they never deliver their order on time a specially cash on delivery please never buy things from this app 🙏🏻😞 I think this app is best in the world in makeup product but they never deliver that lip balm was my favourite please if you see this message please deliver my order I request you 🙏🏻😞 if it possible,https://play.google.com/store/apps/details?id=com.fsn.nykaa&reviewId=6df5d806-6246-4c2b-bea5-8d2489649cce,2026-02-09 16:14:10,"Rating: 1, Thumbs Up: 0",PlayStore: com.fsn.nykaa,2026-08-31T13:14:04.734312
Google Play Store (Nykaa Main App),37c87ebd-2dd2-4e2e-80c5-3ec1146c0989,A Google user,happy costumer all time my most favorite nykaa,https://play.google.com/store/apps/details?id=com.fsn.nykaa&reviewId=37c87ebd-2dd2-4e2e-80c5-3ec1146c0989,2026-02-07 21:29:46,"Rating: 4, Thumbs Up: 0",PlayStore: com.fsn.nykaa,2026-08-31T13:14:04.738400
Google Play Store (Nykaa Main App),6b73187b-8955-430e-8c7e-2c5a92e34ef6,A Google user,WELL HERE I'M CHANGING MY REVIEW AFTER SHOPPING FOR YEARS & ALL. MY FIRST EXPERIENCE WASN'T GOOD BUT AFTER THAT THIS PLATFORM BECAME MY TOP FAVOURITE AND OBVIOUSLY THIS IS ONE OF THE BEST ONLINE APP FOR BEAUTY AND COSMETICS PRODUCT WITH GENUINE OFFERS ETC. CUSTOMER CARE IS ALSO VERY GOOD....✨,https://play.google.com/store/apps/details?id=com.fsn.nykaa&reviewId=6b73187b-8955-430e-8c7e-2c5a92e34ef6,2026-02-06 16:00:08,"Rating: 5, Thumbs Up: 0",PlayStore: com.fsn.nykaa,2026-08-31T13:14:04.742856
Google Play Store (Nykaa Main App),51b4922e-a7b9-4f77-a0f8-986ac0e6f6d4,A Google user,nykaa is always my favourite..,https://play.google.com/store/apps/details?id=com.fsn.nykaa&reviewId=51b4922e-a7b9-4f77-a0f8-986ac0e6f6d4,2026-02-06 03:41:52,"Rating: 5, Thumbs Up: 0",PlayStore: com.fsn.nykaa,2026-08-31T13:14:04.744305
Google Play Store (Nykaa Main App),2320f81e-359d-4a2d-b648-3881276adc00,A Google user,nykaa is my favorite shopping app,https://play.google.com/store/apps/details?id=com.fsn.nykaa&reviewId=2320f81e-359d-4a2d-b648-3881276adc00,2026-02-04 18:54:02,"Rating: 4, Thumbs Up: 0",PlayStore: com.fsn.nykaa,2026-08-31T13:14:04.746343
Google Play Store (Nykaa Main App),b659ef9c-b48c-46a4-98b9-a7f4321fa001,A Google user,My favorite app ❤,https://play.google.com/store/apps/details?id=com.fsn.nykaa&reviewId=b659ef9c-b48c-46a4-98b9-a7f4321fa001,2026-02-04 15:13:14,"Rating: 5, Thumbs Up: 0",PlayStore: com.fsn.nykaa,2026-08-31T13:14:04.746805
Google Play Store (Nykaa Main App),58db4787-bd06-48c3-86fe-b44f1b42f0cd,A Google user,all time favourite app...😊,https://play.google.com/store/apps/details?id=com.fsn.nykaa&reviewId=58db4787-bd06-48c3-86fe-b44f1b42f0cd,2026-01-27 07:57:12,"Rating: 5, Thumbs Up: 0",PlayStore: com.fsn.nykaa,2026-08-31T13:14:04.756704
Google Play Store (Nykaa Main App),baf2325d-aa5e-4809-870a-0822794a1136,A Google user,favorite aap,https://play.google.com/store/apps/details?id=com.fsn.nykaa&reviewId=baf2325d-aa5e-4809-870a-0822794a1136,2026-01-09 20:23:15,"Rating: 5, Thumbs Up: 0",PlayStore: com.fsn.nykaa,2026-08-31T13:14:04.774496
Google Play Store (Nykaa Main App),5448c86a-7d9b-4c22-ac24-ffeb614295e9,A Google user,My Favourite App ❤️❤️,https://play.google.com/store/apps/details?id=com.fsn.nykaa&reviewId=5448c86a-7d9b-4c22-ac24-ffeb614295e9,2026-01-06 22:18:29,"Rating: 5, Thumbs Up: 0",PlayStore: com.fsn.nykaa,2026-08-31T13:14:04.777346
Google Play Store (Nykaa Main App),707a7e05-5823-4d1d-aa8f-28cb51af891e,A Google user,thank you for nykaa my favourite 😘,https://play.google.com/store/apps/details?id=com.fsn.nykaa&reviewId=707a7e05-5823-4d1d-aa8f-28cb51af891e,2026-01-03 00:30:33,"Rating: 5, Thumbs Up: 0",PlayStore: com.fsn.nykaa,2026-08-31T13:14:04.783521
Google Play Store (Nykaa Main App),312ea8a4-4afa-42f6-addc-f9e109ebec2a,A Google user,"This is the BEST APP EVER , like whatever i want i get it, it is the trustee app ever it cannot scam you , it cannot give you expire or damage products, this app gives you real brand makeup , this app give you real products not fake, this is my FAVORITE APP , I'm OBSESSED WITH THIS APP love you Nykaa ❤️✨",https://play.google.com/store/apps/details?id=com.fsn.nykaa&reviewId=312ea8a4-4afa-42f6-addc-f9e109ebec2a,2026-01-02 23:53:33,"Rating: 5, Thumbs Up: 0",PlayStore: com.fsn.nykaa,2026-08-31T13:14:04.783646
Google Play Store (Nykaa Main App),ab3f42a4-631e-452a-986f-31c369452291,A Google user,thank u so much nykaa for the lovely birthday gift to me and u forever my most favorite beauty app,https://play.google.com/store/apps/details?id=com.fsn.nykaa&reviewId=ab3f42a4-631e-452a-986f-31c369452291,2026-01-02 21:00:44,"Rating: 5, Thumbs Up: 0",PlayStore: com.fsn.nykaa,2026-08-31T13:14:04.783758
Google Play Store (Nykaa Main App),a3d4daee-f3c5-48e2-a44b-671f5a5314da,A Google user,nykaa used to be my favourite app for purchasing skincare but idk what happened my order got delayed for more then 15 days and whenever I talk with them the customer service will say we have complained about the order but still now I haven't gotten my order and even after cancellations I haven't got my refund back fix it also I'm in platinum member and there should be free shipping idl why they are not giving now because I use to get that.. if you are watching this please try to fix my problem.,https://play.google.com/store/apps/details?id=com.fsn.nykaa&reviewId=a3d4daee-f3c5-48e2-a44b-671f5a5314da,2026-01-01 21:13:40,"Rating: 1, Thumbs Up: 0",PlayStore: com.fsn.nykaa,2026-08-31T13:14:04.785123
Google Play Store (Nykaa Main App),d2d60b41-e945-4c08-835c-93dd389f69d4,A Google user,"“Nykaa has become my favorite place to shop for beauty products. Everything I received was fresh, authentic, and nicely packed. The app is easy to use, customer support is helpful, and delivery is quick. Really happy with my purchase — highly recommend!”“I had such a great experience shopping on Nykaa. The products are original, well-packed, and exactly as shown. I also love the offers and discounts — they make it affordable too. Overall, very satisfied and will definitely shop again!”",https://play.google.com/store/apps/details?id=com.fsn.nykaa&reviewId=d2d60b41-e945-4c08-835c-93dd389f69d4,2026-01-01 20:51:52,"Rating: 5, Thumbs Up: 0",PlayStore: com.fsn.nykaa,2026-08-31T13:14:04.785177
Google Play Store (Nykaa Main App),b552eef7-036f-4a4f-a5ab-8d564b8b6810,A Google user,very good app for purchasing all your favourite beauty products ❤️,https://play.google.com/store/apps/details?id=com.fsn.nykaa&reviewId=b552eef7-036f-4a4f-a5ab-8d564b8b6810,2025-12-28 18:52:20,"Rating: 5, Thumbs Up: 0",PlayStore: com.fsn.nykaa,2026-08-31T13:14:04.791670
Google Play Store (Nykaa Main App),bc50fcad-cb2a-4608-b2b7-e1b01455b772,A Google user,It is my personal favorite app . In which we can get all brands and their cosmetisc with coupons & offers.,https://play.google.com/store/apps/details?id=com.fsn.nykaa&reviewId=bc50fcad-cb2a-4608-b2b7-e1b01455b772,2025-12-20 15:35:13,"Rating: 5, Thumbs Up: 0",PlayStore: com.fsn.nykaa,2026-08-31T13:14:04.803626
Google Play Store (Nykaa Main App),7d291e3a-d9ca-4b7e-bead-7edee1aeb793,A Google user,I'm so upset. nykaa was my favourite. I absolutely loved their fast delivery but this time around they are taking so long to deliver my product. I have to be out of town and I need the product as soon as possible but they just keep delaying the order delivery. if this keeps on happening I might just stop using it.,https://play.google.com/store/apps/details?id=com.fsn.nykaa&reviewId=7d291e3a-d9ca-4b7e-bead-7edee1aeb793,2025-12-20 08:33:14,"Rating: 1, Thumbs Up: 0",PlayStore: com.fsn.nykaa,2026-08-31T13:14:04.804307
Google Play Store (Nykaa Main App),f7ab6199-d30d-4fd4-a3f3-fb44b48f6622,A Google user,my all time favorite shopping app,https://play.google.com/store/apps/details?id=com.fsn.nykaa&reviewId=f7ab6199-d30d-4fd4-a3f3-fb44b48f6622,2025-12-19 17:28:59,"Rating: 5, Thumbs Up: 0",PlayStore: com.fsn.nykaa,2026-08-31T13:14:04.805203
Google Play Store (Nykaa Main App),4146b56c-c1d1-4095-a78e-1199dde382b2,A Google user,one of my favourite app 💕 beesssttt,https://play.google.com/store/apps/details?id=com.fsn.nykaa&reviewId=4146b56c-c1d1-4095-a78e-1199dde382b2,2025-12-19 11:00:50,"Rating: 5, Thumbs Up: 0",PlayStore: com.fsn.nykaa,2026-08-31T13:14:04.806171
Google Play Store (Nykaa Main App),63c3c2b9-681b-440e-8d1a-7c4dd8c0155d,A Google user,my favorite brand eve,https://play.google.com/store/apps/details?id=com.fsn.nykaa&reviewId=63c3c2b9-681b-440e-8d1a-7c4dd8c0155d,2025-12-13 23:33:03,"Rating: 5, Thumbs Up: 0",PlayStore: com.fsn.nykaa,2026-08-31T13:14:04.814171
Google Play Store (Nykaa Main App),a9beef29-d739-4f2a-a74a-526ea7a8bea1,A Google user,favourite shopping app,https://play.google.com/store/apps/details?id=com.fsn.nykaa&reviewId=a9beef29-d739-4f2a-a74a-526ea7a8bea1,2025-12-11 11:17:51,"Rating: 1, Thumbs Up: 0",PlayStore: com.fsn.nykaa,2026-08-31T13:14:04.820111
Google Play Store (Nykaa Main App),8f2697fe-1d9c-4f40-a642-9cd4dc23c1de,A Google user,"TBH this was my all time favorite app for beauty products and stuff but recently idk what happened , like I ordered a sunstick but it was broken when I returned it like after all the process they said that my money will be refunded soon and as it did like it said that my money was refunded in my account but guess what it's been weeks and I'm still waiting for my money like 😭😭 as a student I can't just be so nonchalant with my money like something if you could nykaa",https://play.google.com/store/apps/details?id=com.fsn.nykaa&reviewId=8f2697fe-1d9c-4f40-a642-9cd4dc23c1de,2025-12-04 19:22:41,"Rating: 2, Thumbs Up: 0",PlayStore: com.fsn.nykaa,2026-08-31T13:14:04.844391
Google Play Store (Nykaa Main App),a6845e77-2d0c-4188-bd9a-568ba35d138a,A Google user,my favourite cleanser ❤️,https://play.google.com/store/apps/details?id=com.fsn.nykaa&reviewId=a6845e77-2d0c-4188-bd9a-568ba35d138a,2025-12-03 14:56:06,"Rating: 5, Thumbs Up: 0",PlayStore: com.fsn.nykaa,2026-08-31T13:14:04.849973
Google Play Store (Nykaa Main App),63c5098a-f0fe-42b4-819d-3ba04fc034b2,A Google user,my favourite app because all items very good and very good company original item.,https://play.google.com/store/apps/details?id=com.fsn.nykaa&reviewId=63c5098a-f0fe-42b4-819d-3ba04fc034b2,2025-12-02 15:19:29,"Rating: 5, Thumbs Up: 0",PlayStore: com.fsn.nykaa,2026-08-31T13:14:04.853504
Google Play Store (Nykaa Main App),2c5323fb-dafc-4a6e-9c68-197e937b0ef3,A Google user,Nykaa my favourite apps 🥰🥰🥰🥰,https://play.google.com/store/apps/details?id=com.fsn.nykaa&reviewId=2c5323fb-dafc-4a6e-9c68-197e937b0ef3,2025-12-01 23:43:38,"Rating: 5, Thumbs Up: 0",PlayStore: com.fsn.nykaa,2026-08-31T13:14:04.855277
Google Play Store (Nykaa Main App),b2180d7b-9e04-4dd2-980e-c4292cb25842,A Google user,my favourite trusted makeup original product,https://play.google.com/store/apps/details?id=com.fsn.nykaa&reviewId=b2180d7b-9e04-4dd2-980e-c4292cb25842,2025-11-29 13:30:23,"Rating: 5, Thumbs Up: 0",PlayStore: com.fsn.nykaa,2026-08-31T13:14:04.868502
Google Play Store (Nykaa Main App),2ca669ad-d9c8-43a5-9670-1417ff3795de,A Google user,Naykaa use to be my favourite app but now its becoming worse day by day. I want to give negative ratings. For the 3rd time I am literally begging to get my things delivered. Worst customer care service. Only replying with auto generated message. Pushing delivery date next day. Rather than promoting your app with bollywood actors use that money on improving your services. Sale is biggest scam in naykaa.,https://play.google.com/store/apps/details?id=com.fsn.nykaa&reviewId=2ca669ad-d9c8-43a5-9670-1417ff3795de,2025-11-27 12:41:59,"Rating: 1, Thumbs Up: 0",PlayStore: com.fsn.nykaa,2026-08-31T13:14:04.886010
Google Play Store (Nykaa Main App),e43878af-2c16-4a83-bf83-55be2704670c,A Google user,Favourite online shopping app,https://play.google.com/store/apps/details?id=com.fsn.nykaa&reviewId=e43878af-2c16-4a83-bf83-55be2704670c,2025-11-23 00:38:51,"Rating: 5, Thumbs Up: 0",PlayStore: com.fsn.nykaa,2026-08-31T13:14:04.898338
Google Play Store (Nykaa Main App),e9c589ba-d3ab-44d0-9c2f-25f6e0eeaae8,A Google user,I'm skincare addicted person so you can imagine how helpful beautiful this app too me nykaa is my all-time favourite 😌☺️👀,https://play.google.com/store/apps/details?id=com.fsn.nykaa&reviewId=e9c589ba-d3ab-44d0-9c2f-25f6e0eeaae8,2025-11-21 23:51:32,"Rating: 5, Thumbs Up: 0",PlayStore: com.fsn.nykaa,2026-08-31T13:14:04.901111
Google Play Store (Nykaa Main App),9b9b6948-f769-4c4b-a591-a405b385733d,A Google user,my favorite naykaa🫶🫶🫶🫶🫶,https://play.google.com/store/apps/details?id=com.fsn.nykaa&reviewId=9b9b6948-f769-4c4b-a591-a405b385733d,2025-11-21 17:06:51,"Rating: 5, Thumbs Up: 0",PlayStore: com.fsn.nykaa,2026-08-31T13:14:04.902605
Google Play Store (Nykaa Main App),4d4b25d9-4b15-455c-8b0a-561a8381cb80,A Google user,My most favourite app for beauty products....having huge range of products and offers...being Prive customer since last 8- 10 years this one is most trusted app for me. I appreciate fast delivery and easy return process.,https://play.google.com/store/apps/details?id=com.fsn.nykaa&reviewId=4d4b25d9-4b15-455c-8b0a-561a8381cb80,2025-11-19 20:05:27,"Rating: 5, Thumbs Up: 0",PlayStore: com.fsn.nykaa,2026-08-31T13:14:04.905923
Google Play Store (Nykaa Main App),2958e411-2323-4a1e-bdb7-3c986ee4aaf3,A Google user,help me to buy my favourite skincare products ☺️💝,https://play.google.com/store/apps/details?id=com.fsn.nykaa&reviewId=2958e411-2323-4a1e-bdb7-3c986ee4aaf3,2025-11-12 20:16:20,"Rating: 5, Thumbs Up: 0",PlayStore: com.fsn.nykaa,2026-08-31T13:14:04.913847
Google Play Store (Nykaa Main App),f318e5ce-fca7-498d-b354-7cb9c677f147,A Google user,excellent ...experience very good to use..for my favorite beauty product..,https://play.google.com/store/apps/details?id=com.fsn.nykaa&reviewId=f318e5ce-fca7-498d-b354-7cb9c677f147,2025-11-10 15:17:47,"Rating: 5, Thumbs Up: 0",PlayStore: com.fsn.nykaa,2026-08-31T13:14:04.916611
Google Play Store (Nykaa Main App),2b1273b1-c47b-4093-89ae-4989bfbd6f2a,A Google user,all time my favorites,https://play.google.com/store/apps/details?id=com.fsn.nykaa&reviewId=2b1273b1-c47b-4093-89ae-4989bfbd6f2a,2025-11-10 14:38:43,"Rating: 1, Thumbs Up: 0",PlayStore: com.fsn.nykaa,2026-08-31T13:14:04.916755
Google Play Store (Nykaa Main App),3241f33b-89b5-467d-a80b-897e47ec7784,A Google user,my favorite 😍 aap,https://play.google.com/store/apps/details?id=com.fsn.nykaa&reviewId=3241f33b-89b5-467d-a80b-897e47ec7784,2025-11-06 21:29:13,"Rating: 5, Thumbs Up: 0",PlayStore: com.fsn.nykaa,2026-08-31T13:14:04.922683
Google Play Store (Nykaa Main App),63db40be-6912-45ab-a5c3-c7788d68c5d3,A Google user,very nyc product @lakme foundation is awesome so smooth and easy blend foundation I really love it ❤️ it my all time favorites,https://play.google.com/store/apps/details?id=com.fsn.nykaa&reviewId=63db40be-6912-45ab-a5c3-c7788d68c5d3,2025-11-01 17:22:45,"Rating: 5, Thumbs Up: 0",PlayStore: com.fsn.nykaa,2026-08-31T13:14:04.930275
Google Play Store (Nykaa Main App),25b5ad39-2177-41e3-9358-20d2e5926a16,A Google user,my favorite app💗,https://play.google.com/store/apps/details?id=com.fsn.nykaa&reviewId=25b5ad39-2177-41e3-9358-20d2e5926a16,2025-10-29 22:41:43,"Rating: 5, Thumbs Up: 0",PlayStore: com.fsn.nykaa,2026-08-31T13:14:04.935174
Google Play Store (Nykaa Main App),5603ef3e-3259-4111-bb5e-ef2f8292e958,A Google user,my all time favorite go to shopping app 🛍️? for my makeup and skincare,https://play.google.com/store/apps/details?id=com.fsn.nykaa&reviewId=5603ef3e-3259-4111-bb5e-ef2f8292e958,2025-10-23 09:35:12,"Rating: 5, Thumbs Up: 0",PlayStore: com.fsn.nykaa,2026-08-31T13:14:04.949616
Google Play Store (Nykaa Main App),a5c5b6fb-c903-406f-9fee-ddafa9b1a876,A Google user,"at first it was my favourite app for purchasing my skincare but now it's so horrible that it keeps on delaying product delivery date and never delivers on proper date and time and keeps on making stupid excuses blaming us that the courier partner couldn't reach me but in actual reality I never get call from the delivery agent just some random messages that ""the product could not be delivered we will reattempt the delivery soon etc."" and so many other inconveniences these days 😤",https://play.google.com/store/apps/details?id=com.fsn.nykaa&reviewId=a5c5b6fb-c903-406f-9fee-ddafa9b1a876,2025-10-20 15:18:26,"Rating: 1, Thumbs Up: 0",PlayStore: com.fsn.nykaa,2026-08-31T13:14:04.954286
Google Play Store (Nykaa Main App),29302787-c064-4e80-804f-f23ebf767a2f,A Google user,My All Time Favourite Nykaa ❤️,https://play.google.com/store/apps/details?id=com.fsn.nykaa&reviewId=29302787-c064-4e80-804f-f23ebf767a2f,2025-10-15 20:21:21,"Rating: 5, Thumbs Up: 0",PlayStore: com.fsn.nykaa,2026-08-31T13:14:04.962433
Google Play Store (Nykaa Main App),3df71186-72d0-4902-bbe7-1a92df065977,A Google user,The only app which is denying to deliver in our area since all other apps and sites are working perfectly.. what is the meaning to put a lot of advertisements if u r not able to deliver.. in past this app was my favourite but now due to their pathetic service.. I am going to uninstall it bcz there is no use of app which is not able to deliver in a city even,https://play.google.com/store/apps/details?id=com.fsn.nykaa&reviewId=3df71186-72d0-4902-bbe7-1a92df065977,2025-10-14 16:28:28,"Rating: 1, Thumbs Up: 0",PlayStore: com.fsn.nykaa,2026-08-31T13:14:04.965197
Google Play Store (Nykaa Main App),1afd5539-2c72-486d-815f-94b24a37702f,A Google user,nykaa favorite,https://play.google.com/store/apps/details?id=com.fsn.nykaa&reviewId=1afd5539-2c72-486d-815f-94b24a37702f,2025-10-14 15:17:12,"Rating: 5, Thumbs Up: 0",PlayStore: com.fsn.nykaa,2026-08-31T13:14:04.965431
Google Play Store (Nykaa Main App),d4e75bb4-0b19-4a4f-b166-a587125e7707,A Google user,"this app is my favorite app because all product are real and i love this app i have six phone in my house all of them have this nykaa app i will rate full 10 out of 10 . This app have all the real product direct from the original brand and the dilevery person is also 👍good and i order all my product of skincare, makeup(eyeliner, lipstick, lipbalm, lip liner, compact, blusher,) all from nykaa my family also buy their product from nykaa and me and i also go to the shop of nykaa an d buy product",https://play.google.com/store/apps/details?id=com.fsn.nykaa&reviewId=d4e75bb4-0b19-4a4f-b166-a587125e7707,2025-10-13 23:24:14,"Rating: 5, Thumbs Up: 0",PlayStore: com.fsn.nykaa,2026-08-31T13:14:04.966395
Google Play Store (Nykaa Main App),0b1da7be-13f9-4050-b982-29119ae97cf6,A Google user,Nykaa product always my favorite 😍,https://play.google.com/store/apps/details?id=com.fsn.nykaa&reviewId=0b1da7be-13f9-4050-b982-29119ae97cf6,2025-10-11 21:44:32,"Rating: 5, Thumbs Up: 0",PlayStore: com.fsn.nykaa,2026-08-31T13:14:04.970828
Google Play Store (Nykaa Main App),2fae4347-6fb5-4a01-80ce-9dd257149d25,A Google user,my favourite app i ❤️ nykaa ❤️,https://play.google.com/store/apps/details?id=com.fsn.nykaa&reviewId=2fae4347-6fb5-4a01-80ce-9dd257149d25,2025-10-09 15:24:21,"Rating: 5, Thumbs Up: 0",PlayStore: com.fsn.nykaa,2026-08-31T13:14:04.974091
Google Play Store (Nykaa Main App),37389113-ea6e-41d3-b516-78420a0b0e97,A Google user,I m very impress with nykaa because my every products came on time and in very good quality never disappoint with Nykaa and this is my favorite platform for beauty products,https://play.google.com/store/apps/details?id=com.fsn.nykaa&reviewId=37389113-ea6e-41d3-b516-78420a0b0e97,2025-10-08 21:41:08,"Rating: 5, Thumbs Up: 0",PlayStore: com.fsn.nykaa,2026-08-31T13:14:04.975234
Google Play Store (Nykaa Main App),680a1502-863e-4ebf-b3ef-8906b331cb2e,A Google user,"best app, for makeup and skin care product it is very helpful and Your beauty bag, now in your pocket. Tap and shop for all your favorites, anytime, anywhere. Discover your next obsession with the ultimate online beauty destination, right at your fingertips. Beauty shopping made simple: find exactly what you need with just a few taps. Experience effortless glamour with the Nykaa app-your one-stop solution for all things beauty.Your beauty destination, delivered to your door. Get the best of",https://play.google.com/store/apps/details?id=com.fsn.nykaa&reviewId=680a1502-863e-4ebf-b3ef-8906b331cb2e,2025-10-07 00:55:28,"Rating: 4, Thumbs Up: 0",PlayStore: com.fsn.nykaa,2026-08-31T13:14:04.978530
Google Play Store (Nykaa Main App),630fb52b-de53-4029-a402-242441432585,A Google user,my favourite app😊,https://play.google.com/store/apps/details?id=com.fsn.nykaa&reviewId=630fb52b-de53-4029-a402-242441432585,2025-10-05 21:49:07,"Rating: 5, Thumbs Up: 0",PlayStore: com.fsn.nykaa,2026-08-31T13:14:04.980657
Google Play Store (Nykaa Main App),0da7912a-2703-4138-b28d-426cea1a9e80,A Google user,"Using from 2018 till now, no application can beat my all time favorite Nykaa😍🥰😘",https://play.google.com/store/apps/details?id=com.fsn.nykaa&reviewId=0da7912a-2703-4138-b28d-426cea1a9e80,2025-10-05 19:48:35,"Rating: 5, Thumbs Up: 0",PlayStore: com.fsn.nykaa,2026-08-31T13:14:04.980979
Google Play Store (Nykaa Main App),fb65a153-a690-4f47-bd38-b664d0268f17,A Google user,Nykaa was my favourite online application for skin care products. But not anymore. I have placed an order and they shipped it. But it didn't delivered to me yet. It is frustruating to wait for my products even after the actual date. Iam getting messages like the courier partner can't locate my address. But Iam getting all other packages to the same address. It is clear that no attempt was made to deliver the product. No response from nykaa team and delivery team. I didn't expect this from Nykaa,https://play.google.com/store/apps/details?id=com.fsn.nykaa&reviewId=fb65a153-a690-4f47-bd38-b664d0268f17,2025-10-02 17:08:53,"Rating: 1, Thumbs Up: 0",PlayStore: com.fsn.nykaa,2026-08-31T13:14:04.987417
Google Play Store (Nykaa Main App),aa73d4f8-d330-40c1-a54a-093a1ef1705b,A Google user,my favourite app..... for cosmetic....💖💯👍,https://play.google.com/store/apps/details?id=com.fsn.nykaa&reviewId=aa73d4f8-d330-40c1-a54a-093a1ef1705b,2025-09-29 15:28:58,"Rating: 5, Thumbs Up: 0",PlayStore: com.fsn.nykaa,2026-08-31T13:14:04.991570
Google Play Store (Nykaa Main App),bfeeab7c-adad-4490-a8a2-eb2ec46f87cc,A Google user,"Enjoying the app. My favorite shopping app. Only thing i don't like is the ambassador 😬 , wait what now it's deepika now i love your brand ambassador 😍😍😍",https://play.google.com/store/apps/details?id=com.fsn.nykaa&reviewId=bfeeab7c-adad-4490-a8a2-eb2ec46f87cc,2025-09-26 06:18:04,"Rating: 5, Thumbs Up: 0",PlayStore: com.fsn.nykaa,2026-08-31T13:14:04.996795
Google Play Store (Nykaa Main App),7899d0d5-c003-4a34-ac2f-bdc943c5828c,A Google user,they provide many offers during festive season. I highly recommend that time to purchase your favourites,https://play.google.com/store/apps/details?id=com.fsn.nykaa&reviewId=7899d0d5-c003-4a34-ac2f-bdc943c5828c,2025-09-23 20:57:53,"Rating: 5, Thumbs Up: 0",PlayStore: com.fsn.nykaa,2026-08-31T13:14:05.001247
Google Play Store (Nykaa Main App),9173b20d-9b18-4b91-a865-d851f1d5c8a8,A Google user,favorites app,https://play.google.com/store/apps/details?id=com.fsn.nykaa&reviewId=9173b20d-9b18-4b91-a865-d851f1d5c8a8,2025-09-19 11:11:44,"Rating: 5, Thumbs Up: 0",PlayStore: com.fsn.nykaa,2026-08-31T13:14:05.011053
Google Play Store (Nykaa Main App),b64cba48-3dfd-459c-843b-b69700f9c0cc,A Google user,it's my favourite app,https://play.google.com/store/apps/details?id=com.fsn.nykaa&reviewId=b64cba48-3dfd-459c-843b-b69700f9c0cc,2025-09-18 22:58:25,"Rating: 5, Thumbs Up: 0",PlayStore: com.fsn.nykaa,2026-08-31T13:14:05.011495
Google Play Store (Nykaa Main App),aefb66fc-1062-42a9-99b1-26472dc8c038,A Google user,"It is good to purchase, sometimes the gift product lipstick, foundation shade r wrong that only the problem in nykka,most of favourite product will put off stock another problem",https://play.google.com/store/apps/details?id=com.fsn.nykaa&reviewId=aefb66fc-1062-42a9-99b1-26472dc8c038,2025-09-18 06:56:57,"Rating: 3, Thumbs Up: 0",PlayStore: com.fsn.nykaa,2026-08-31T13:14:05.013455
Google Play Store (Nykaa Main App),661092ef-e6bd-4e1b-bed7-4d18e5265517,A Google user,favourite app,https://play.google.com/store/apps/details?id=com.fsn.nykaa&reviewId=661092ef-e6bd-4e1b-bed7-4d18e5265517,2025-09-17 16:05:22,"Rating: 5, Thumbs Up: 0",PlayStore: com.fsn.nykaa,2026-08-31T13:14:05.014507
Google Play Store (Nykaa Main App),e08e42a4-46d1-47f0-81eb-edf169f4bed6,A Google user,always my favourite app,https://play.google.com/store/apps/details?id=com.fsn.nykaa&reviewId=e08e42a4-46d1-47f0-81eb-edf169f4bed6,2025-09-17 12:47:53,"Rating: 5, Thumbs Up: 0",PlayStore: com.fsn.nykaa,2026-08-31T13:14:05.014880
Google Play Store (Nykaa Main App),9a801642-6716-47c3-8473-1c7a42a25bf9,A Google user,one of my favourite beauty app. luv 💞 nykaaaa......alys,https://play.google.com/store/apps/details?id=com.fsn.nykaa&reviewId=9a801642-6716-47c3-8473-1c7a42a25bf9,2025-09-17 11:26:21,"Rating: 5, Thumbs Up: 0",PlayStore: com.fsn.nykaa,2026-08-31T13:14:05.014998
Google Play Store (Nykaa Main App),b136a24e-aa8f-4180-95b5-84fd899be4b4,A Google user,"Fantastic, fabulous & always my favourite ❤️",https://play.google.com/store/apps/details?id=com.fsn.nykaa&reviewId=b136a24e-aa8f-4180-95b5-84fd899be4b4,2025-09-13 10:35:08,"Rating: 5, Thumbs Up: 0",PlayStore: com.fsn.nykaa,2026-08-31T13:14:05.020886
Google Play Store (Nykaa Main App),56a48c0c-ef88-4e28-91c0-219b53590f9f,A Google user,my all time favourite app,https://play.google.com/store/apps/details?id=com.fsn.nykaa&reviewId=56a48c0c-ef88-4e28-91c0-219b53590f9f,2025-09-10 18:15:32,"Rating: 5, Thumbs Up: 0",PlayStore: com.fsn.nykaa,2026-08-31T13:14:05.024223
Google Play Store (Nykaa Main App),ce009478-80c3-4841-b7c6-7f5990e5d49b,A Google user,my favourite app ever,https://play.google.com/store/apps/details?id=com.fsn.nykaa&reviewId=ce009478-80c3-4841-b7c6-7f5990e5d49b,2025-09-10 12:15:33,"Rating: 5, Thumbs Up: 0",PlayStore: com.fsn.nykaa,2026-08-31T13:14:05.024949
Google Play Store (Nykaa Main App),e4e94c94-e02c-4bfd-a821-39906c9a4081,A Google user,nykaa is the best... all time favourite,https://play.google.com/store/apps/details?id=com.fsn.nykaa&reviewId=e4e94c94-e02c-4bfd-a821-39906c9a4081,2025-09-09 11:43:33,"Rating: 5, Thumbs Up: 0",PlayStore: com.fsn.nykaa,2026-08-31T13:14:05.026813
Google Play Store (Nykaa Main App),a2f93ec0-b212-40e9-bf0a-ffea6a738e28,A Google user,My most favourite apps nykaa....always good product and fast delivery....,https://play.google.com/store/apps/details?id=com.fsn.nykaa&reviewId=a2f93ec0-b212-40e9-bf0a-ffea6a738e28,2025-09-09 00:10:21,"Rating: 5, Thumbs Up: 0",PlayStore: com.fsn.nykaa,2026-08-31T13:14:05.027657
Google Play Store (Nykaa Main App),63891269-e7fa-430b-9346-7863629a5810,A Google user,all time favorite ❤️,https://play.google.com/store/apps/details?id=com.fsn.nykaa&reviewId=63891269-e7fa-430b-9346-7863629a5810,2025-09-07 11:27:50,"Rating: 5, Thumbs Up: 0",PlayStore: com.fsn.nykaa,2026-08-31T13:14:05.032022
Google Play Store (Nykaa Main App),f4c11442-4fef-4eb7-ab34-4df8ba533311,A Google user,"Uninstalled Nykaa today. I was using it since 2022 but for past few weeks I am facing issues with the app it keeps buffering. never shows the cart list , favourites ... also If I search something it still keeps buffering and takes so much time. Iam fed up. not satisfied.",https://play.google.com/store/apps/details?id=com.fsn.nykaa&reviewId=f4c11442-4fef-4eb7-ab34-4df8ba533311,2025-09-06 12:18:35,"Rating: 1, Thumbs Up: 0",PlayStore: com.fsn.nykaa,2026-08-31T13:14:05.034028
Google Play Store (Nykaa Main App),446b4dbd-7c14-4cfc-8112-0f4743ad5c29,A Google user,"Nykaa is my favourite aap to purchase cosmetics, I just loved it so much 💖",https://play.google.com/store/apps/details?id=com.fsn.nykaa&reviewId=446b4dbd-7c14-4cfc-8112-0f4743ad5c29,2025-09-05 20:01:17,"Rating: 5, Thumbs Up: 0",PlayStore: com.fsn.nykaa,2026-08-31T13:14:05.035116
Google Play Store (Nykaa Main App),e6a72f2f-b222-42e9-9ace-bbc501182203,A Google user,sometimes you guys sent me expired product. like more 4 or 5. please check before packing my package 📦. kindly my request. Nykaa is my all time favourite. I love shoping in Nykaa. Nykaa is really very convenient for shoping. That's attracted me first.......,https://play.google.com/store/apps/details?id=com.fsn.nykaa&reviewId=e6a72f2f-b222-42e9-9ace-bbc501182203,2025-09-04 20:08:41,"Rating: 1, Thumbs Up: 0",PlayStore: com.fsn.nykaa,2026-08-31T13:14:05.037095
Google Play Store (Nykaa Main App),13f98c9c-1145-4b43-917d-8f77eb4cb16a,A Google user,my favorite place beauty shop,https://play.google.com/store/apps/details?id=com.fsn.nykaa&reviewId=13f98c9c-1145-4b43-917d-8f77eb4cb16a,2025-08-30 16:25:59,"Rating: 4, Thumbs Up: 0",PlayStore: com.fsn.nykaa,2026-08-31T13:14:05.047490
Google Play Store (Nykaa Main App),91505650-a34a-475a-8e04-5194fbc7a067,A Google user,Very good experience with Nykaa . This is one of my favorite shopping app,https://play.google.com/store/apps/details?id=com.fsn.nykaa&reviewId=91505650-a34a-475a-8e04-5194fbc7a067,2025-08-30 09:44:35,"Rating: 5, Thumbs Up: 0",PlayStore: com.fsn.nykaa,2026-08-31T13:14:05.048004
Google Play Store (Nykaa Main App),1a04b041-0c60-4de0-8efa-97fb846c326c,A Google user,my favourite shoping app😍🥰❤️❤️,https://play.google.com/store/apps/details?id=com.fsn.nykaa&reviewId=1a04b041-0c60-4de0-8efa-97fb846c326c,2025-08-29 22:33:22,"Rating: 5, Thumbs Up: 0",PlayStore: com.fsn.nykaa,2026-08-31T13:14:05.048547
Google Play Store (Nykaa Main App),959b7010-86ff-4ecd-a714-7c7533bb6206,A Google user,My favourite place to shop beauty products! Never have to worry about authenticity of products...Never had one complaint from Nykaa in almost 5 years. I trust Nykaa more than any other shopping apps. Also the customer care has always been very supportive and understanding. Overall I have no complaints ever and I have the smoothest shopping experience always!,https://play.google.com/store/apps/details?id=com.fsn.nykaa&reviewId=959b7010-86ff-4ecd-a714-7c7533bb6206,2025-08-27 19:08:00,"Rating: 5, Thumbs Up: 0",PlayStore: com.fsn.nykaa,2026-08-31T13:14:05.051642
Google Play Store (Nykaa Main App),6dd2d006-a76e-492d-9f68-46693a32f0e9,A Google user,nice app my favourite app love this app,https://play.google.com/store/apps/details?id=com.fsn.nykaa&reviewId=6dd2d006-a76e-492d-9f68-46693a32f0e9,2025-08-21 18:00:50,"Rating: 5, Thumbs Up: 0",PlayStore: com.fsn.nykaa,2026-08-31T13:14:05.062304
Google Play Store (Nykaa Main App),c1c89147-7d22-4ead-91ec-88a2b52fe45d,A Google user,nyka is my favorite just like my maika.,https://play.google.com/store/apps/details?id=com.fsn.nykaa&reviewId=c1c89147-7d22-4ead-91ec-88a2b52fe45d,2025-08-20 17:21:30,"Rating: 5, Thumbs Up: 0",PlayStore: com.fsn.nykaa,2026-08-31T13:14:05.063690
Google Play Store (Nykaa Main App),a1f116f4-00f0-4a42-a53c-8ceb0f0dd2b7,A Google user,my favourite app nd the best thing happened in my life. I love you nyka more than my boyfriend.,https://play.google.com/store/apps/details?id=com.fsn.nykaa&reviewId=a1f116f4-00f0-4a42-a53c-8ceb0f0dd2b7,2025-08-19 23:34:12,"Rating: 5, Thumbs Up: 0",PlayStore: com.fsn.nykaa,2026-08-31T13:14:05.064535
Google Play Store (Nykaa Main App),5d3e6ed4-f79d-44ba-920a-02b2e637164f,A Google user,My personal favourite app,https://play.google.com/store/apps/details?id=com.fsn.nykaa&reviewId=5d3e6ed4-f79d-44ba-920a-02b2e637164f,2025-08-09 01:57:55,"Rating: 5, Thumbs Up: 0",PlayStore: com.fsn.nykaa,2026-08-31T13:14:05.083873
Google Play Store (Nykaa Main App),d7be02c1-719f-4d7a-8174-9128b0cce4cd,A Google user,my favourite place for shopping,https://play.google.com/store/apps/details?id=com.fsn.nykaa&reviewId=d7be02c1-719f-4d7a-8174-9128b0cce4cd,2025-08-08 12:51:42,"Rating: 5, Thumbs Up: 0",PlayStore: com.fsn.nykaa,2026-08-31T13:14:05.085337
Google Play Store (Nykaa Main App),283cc640-7148-4793-bb24-b37f3d664b7a,A Google user,too good and one of my favourite app,https://play.google.com/store/apps/details?id=com.fsn.nykaa&reviewId=283cc640-7148-4793-bb24-b37f3d664b7a,2025-08-07 21:03:12,"Rating: 5, Thumbs Up: 0",PlayStore: com.fsn.nykaa,2026-08-31T13:14:05.086923
Google Play Store (Nykaa Main App),3b13e691-79a7-4fdb-86bf-39331d52616b,A Google user,thanks to this apps I can get all my favorite products...,https://play.google.com/store/apps/details?id=com.fsn.nykaa&reviewId=3b13e691-79a7-4fdb-86bf-39331d52616b,2025-08-03 21:23:24,"Rating: 4, Thumbs Up: 0",PlayStore: com.fsn.nykaa,2026-08-31T13:14:05.095917
Google Play Store (Nykaa Main App),1d5293ef-e03c-4794-b3d3-fd04274b2025,A Google user,"My favourite online beauty purchase app... can never go wrong with this app, and will never switch to any other app💝",https://play.google.com/store/apps/details?id=com.fsn.nykaa&reviewId=1d5293ef-e03c-4794-b3d3-fd04274b2025,2025-08-02 18:37:26,"Rating: 5, Thumbs Up: 0",PlayStore: com.fsn.nykaa,2026-08-31T13:14:05.098638
Google Play Store (Nykaa Main App),118b1077-2027-4580-85fe-ee5cd1332ef2,A Google user,nykaa is my favourite shopping app I don't recommend other beauty shopping app.,https://play.google.com/store/apps/details?id=com.fsn.nykaa&reviewId=118b1077-2027-4580-85fe-ee5cd1332ef2,2025-08-02 14:25:31,"Rating: 5, Thumbs Up: 0",PlayStore: com.fsn.nykaa,2026-08-31T13:14:05.099335
Google Play Store (Nykaa Main App),6b37b6fe-141a-4a24-ac91-8e2db1ad6d67,A Google user,Nykaa was my favorite app but now their customer care was the worst. I didn't received my order after delivery date and no response to my queries.,https://play.google.com/store/apps/details?id=com.fsn.nykaa&reviewId=6b37b6fe-141a-4a24-ac91-8e2db1ad6d67,2025-07-30 10:24:41,"Rating: 2, Thumbs Up: 0",PlayStore: com.fsn.nykaa,2026-08-31T13:14:05.107160
Google Play Store (Nykaa Main App),f22cf58e-030c-4fca-b099-87d934531dde,A Google user,my favourite ❤️,https://play.google.com/store/apps/details?id=com.fsn.nykaa&reviewId=f22cf58e-030c-4fca-b099-87d934531dde,2025-07-27 09:26:37,"Rating: 5, Thumbs Up: 0",PlayStore: com.fsn.nykaa,2026-08-31T13:14:05.115978
Google Play Store (Nykaa Main App),b0e9c7fd-b401-4f6c-b99c-8362fc190333,A Google user,my favourite nykaa❤️❤️,https://play.google.com/store/apps/details?id=com.fsn.nykaa&reviewId=b0e9c7fd-b401-4f6c-b99c-8362fc190333,2025-07-24 22:45:00,"Rating: 5, Thumbs Up: 0",PlayStore: com.fsn.nykaa,2026-08-31T13:14:05.122880
Google Play Store (Nykaa Main App),45f722fe-6764-4f77-b5b1-3d9bff179ef2,A Google user,nykaaa is my favourite brand this brand products also good,https://play.google.com/store/apps/details?id=com.fsn.nykaa&reviewId=45f722fe-6764-4f77-b5b1-3d9bff179ef2,2025-07-22 11:49:49,"Rating: 5, Thumbs Up: 0",PlayStore: com.fsn.nykaa,2026-08-31T13:14:05.131007
Google Play Store (Nykaa Main App),fbfe8a1e-d977-44db-951f-b9b637811fdb,A Google user,too good trust worthy app...my forever favorite 😍,https://play.google.com/store/apps/details?id=com.fsn.nykaa&reviewId=fbfe8a1e-d977-44db-951f-b9b637811fdb,2025-07-22 00:13:25,"Rating: 5, Thumbs Up: 0",PlayStore: com.fsn.nykaa,2026-08-31T13:14:05.131715
Google Play Store (Nykaa Main App),de0f1956-4c5f-4b01-92e4-ffbbec414207,A Google user,one of my favourite app>>>💗words can't explain such a superb app guyssss!!!!!!! don't miss it✨ I got mystery gifts for rs3000 worthy app,https://play.google.com/store/apps/details?id=com.fsn.nykaa&reviewId=de0f1956-4c5f-4b01-92e4-ffbbec414207,2025-07-21 22:11:35,"Rating: 5, Thumbs Up: 0",PlayStore: com.fsn.nykaa,2026-08-31T13:14:05.131910
Google Play Store (Nykaa Main App),6c9393ad-0f9e-4b9c-a2f7-b780a6a255c0,A Google user,all time favorite app for me. thank you nykaa for giving me the best products,https://play.google.com/store/apps/details?id=com.fsn.nykaa&reviewId=6c9393ad-0f9e-4b9c-a2f7-b780a6a255c0,2025-07-21 14:58:06,"Rating: 5, Thumbs Up: 0",PlayStore: com.fsn.nykaa,2026-08-31T13:14:05.132924
Google Play Store (Nykaa Main App),23b97c1e-95db-4e2b-acf6-da0c9d961925,A Google user,all Time favorite app,https://play.google.com/store/apps/details?id=com.fsn.nykaa&reviewId=23b97c1e-95db-4e2b-acf6-da0c9d961925,2025-07-18 19:15:08,"Rating: 5, Thumbs Up: 0",PlayStore: com.fsn.nykaa,2026-08-31T13:14:05.141587
Google Play Store (Nykaa Main App),5d91691b-3b35-4720-b511-481e68367515,A Google user,forever my favorite app😍,https://play.google.com/store/apps/details?id=com.fsn.nykaa&reviewId=5d91691b-3b35-4720-b511-481e68367515,2025-07-18 09:31:50,"Rating: 5, Thumbs Up: 0",PlayStore: com.fsn.nykaa,2026-08-31T13:14:05.143902
Google Play Store (Nykaa Main App),ff8f0bdc-f67b-4ddd-93ab-908177bcd4d6,A Google user,nykaa is always favourite ❤️,https://play.google.com/store/apps/details?id=com.fsn.nykaa&reviewId=ff8f0bdc-f67b-4ddd-93ab-908177bcd4d6,2025-07-17 21:13:49,"Rating: 5, Thumbs Up: 0",PlayStore: com.fsn.nykaa,2026-08-31T13:14:05.144866
Google Play Store (Nykaa Main App),4b8742c0-a5a6-47c4-b019-ce9861556cd4,A Google user,it is my go to site for cosmetics and truly it deserves to be your first favourite as it never disappoints ..,https://play.google.com/store/apps/details?id=com.fsn.nykaa&reviewId=4b8742c0-a5a6-47c4-b019-ce9861556cd4,2025-07-17 09:21:18,"Rating: 5, Thumbs Up: 0",PlayStore: com.fsn.nykaa,2026-08-31T13:14:05.146507
Google Play Store (Nykaa Main App),5261ed8a-fde2-4a33-b28d-b852ce2770b1,A Google user,nyka my favorite app,https://play.google.com/store/apps/details?id=com.fsn.nykaa&reviewId=5261ed8a-fde2-4a33-b28d-b852ce2770b1,2025-07-16 17:04:34,"Rating: 5, Thumbs Up: 0",PlayStore: com.fsn.nykaa,2026-08-31T13:14:05.147754
Google Play Store (Nykaa Main App),0e333c10-da51-4ca6-b5ef-1655eeef18c8,A Google user,my favourite beauty shop,https://play.google.com/store/apps/details?id=com.fsn.nykaa&reviewId=0e333c10-da51-4ca6-b5ef-1655eeef18c8,2025-07-09 15:04:21,"Rating: 5, Thumbs Up: 0",PlayStore: com.fsn.nykaa,2026-08-31T13:14:05.157508
Google Play Store (Nykaa Main App),41cc1722-aad1-4421-a993-2f543bc225bf,A Google user,I really love this app it such a favourite to me 💗💗 to shop in this app you really got good experience and god a good quality drand I tell my real experience it's better app shop beauty products and shoes shoes the quality of shoes is really good I love to shop in app pleas don't miss change download this now and get a reward points to shop free and get membership in this app got a free coupon to shop free and thier is a high quality watch ⌚ brand's in this I shop watch on my birthday 🎂 shop,https://play.google.com/store/apps/details?id=com.fsn.nykaa&reviewId=41cc1722-aad1-4421-a993-2f543bc225bf,2025-07-06 10:22:33,"Rating: 5, Thumbs Up: 0",PlayStore: com.fsn.nykaa,2026-08-31T13:14:05.161251
Google Play Store (Nykaa Main App),61e69be1-417b-4668-b0a4-175e1e71033b,A Google user,nyka is my always favourite,https://play.google.com/store/apps/details?id=com.fsn.nykaa&reviewId=61e69be1-417b-4668-b0a4-175e1e71033b,2025-07-03 12:16:43,"Rating: 5, Thumbs Up: 0",PlayStore: com.fsn.nykaa,2026-08-31T13:14:05.166035
Google Play Store (Nykaa Main App),0fa9f15f-f37a-4fcc-a8d4-712c98ddc105,A Google user,beautiful app I loved it all the products are real and all my favourite international and drugstore brands are available in the app,https://play.google.com/store/apps/details?id=com.fsn.nykaa&reviewId=0fa9f15f-f37a-4fcc-a8d4-712c98ddc105,2025-07-01 18:13:29,"Rating: 5, Thumbs Up: 0",PlayStore: com.fsn.nykaa,2026-08-31T13:14:05.168804
Google Play Store (Nykaa Main App),065f436c-e0ed-4eba-ad0d-db8f10d97215,A Google user,Nykaa is one of my favourite shopping app. I love to shopping from nykaa because there are so many variety of products.,https://play.google.com/store/apps/details?id=com.fsn.nykaa&reviewId=065f436c-e0ed-4eba-ad0d-db8f10d97215,2025-06-29 17:03:07,"Rating: 5, Thumbs Up: 0",PlayStore: com.fsn.nykaa,2026-08-31T13:14:05.171516
Google Play Store (Nykaa Main App),32473711-7be2-426d-8128-0476a7069d32,A Google user,all time favorite😍,https://play.google.com/store/apps/details?id=com.fsn.nykaa&reviewId=32473711-7be2-426d-8128-0476a7069d32,2025-06-23 15:21:02,"Rating: 5, Thumbs Up: 0",PlayStore: com.fsn.nykaa,2026-08-31T13:14:05.182761
Google Play Store (Nykaa Main App),ec9b9620-d6de-42bf-8de3-19c7b9af9aa8,A Google user,my all time favorite Nykaa,https://play.google.com/store/apps/details?id=com.fsn.nykaa&reviewId=ec9b9620-d6de-42bf-8de3-19c7b9af9aa8,2025-06-23 13:14:04,"Rating: 5, Thumbs Up: 0",PlayStore: com.fsn.nykaa,2026-08-31T13:14:05.182928
Google Play Store (Nykaa Main App),870911f5-c07b-465a-b961-8b3efa32dab3,A Google user,all time my favourite nykaa 🥰,https://play.google.com/store/apps/details?id=com.fsn.nykaa&reviewId=870911f5-c07b-465a-b961-8b3efa32dab3,2025-06-22 11:20:22,"Rating: 5, Thumbs Up: 0",PlayStore: com.fsn.nykaa,2026-08-31T13:14:05.184944
Google Play Store (Nykaa Main App),53e5b861-592d-481c-9079-0d43cd24e2f1,A Google user,"Nyka used to be my favourite app . I'd order every cosmetic, essential from nyka just because it had very fast delivery. but it had worsened over time . in my recent order , it had taken forever to deliver my order and the tracking options aren't also that great.",https://play.google.com/store/apps/details?id=com.fsn.nykaa&reviewId=53e5b861-592d-481c-9079-0d43cd24e2f1,2025-06-21 16:11:28,"Rating: 1, Thumbs Up: 0",PlayStore: com.fsn.nykaa,2026-08-31T13:14:05.186321
Google Play Store (Nykaa Main App),0c4c80fd-86cc-4dce-9e82-9874ed2d6492,A Google user,"Nykaa is always my favorite. They don't charge any extra delivery fees, and the products are completely authentic, which is why I like them so, so much.❤🎀",https://play.google.com/store/apps/details?id=com.fsn.nykaa&reviewId=0c4c80fd-86cc-4dce-9e82-9874ed2d6492,2025-06-14 12:33:20,"Rating: 5, Thumbs Up: 0",PlayStore: com.fsn.nykaa,2026-08-31T13:14:05.198314
Google Play Store (Nykaa Main App),ca9c3614-bf06-43bd-9ed4-225ae75b3c85,A Google user,my favorite app is nykaa is becoz cash on delivery is available on this app. no pincode problem is here and every product is available here and gives nice discount on every product and deliver original products.,https://play.google.com/store/apps/details?id=com.fsn.nykaa&reviewId=ca9c3614-bf06-43bd-9ed4-225ae75b3c85,2025-06-14 11:10:43,"Rating: 5, Thumbs Up: 0",PlayStore: com.fsn.nykaa,2026-08-31T13:14:05.198438
Google Play Store (Nykaa Main App),5b5937de-dfc5-48bb-beb0-1bc746d0e138,A Google user,very nice app ☺️ product was very good and my favourite app,https://play.google.com/store/apps/details?id=com.fsn.nykaa&reviewId=5b5937de-dfc5-48bb-beb0-1bc746d0e138,2025-06-14 09:49:52,"Rating: 5, Thumbs Up: 0",PlayStore: com.fsn.nykaa,2026-08-31T13:14:05.198722
Google Play Store (Nykaa Main App),78864f60-0070-4459-9844-519125f99a34,A Google user,nykaa beauty was my favourite app for using all beauty care items,https://play.google.com/store/apps/details?id=com.fsn.nykaa&reviewId=78864f60-0070-4459-9844-519125f99a34,2025-06-08 09:58:31,"Rating: 5, Thumbs Up: 0",PlayStore: com.fsn.nykaa,2026-08-31T13:14:05.208236
Google Play Store (Nykaa Main App),4123abc4-0fcf-4bd4-a014-a08c31fc4998,A Google user,Nykaa app is the best beauty product we get...it's reasonable nd we get all the brand's...my old tim favourite app.... fastest among all the shopping app..,https://play.google.com/store/apps/details?id=com.fsn.nykaa&reviewId=4123abc4-0fcf-4bd4-a014-a08c31fc4998,2025-06-07 14:58:19,"Rating: 5, Thumbs Up: 0",PlayStore: com.fsn.nykaa,2026-08-31T13:14:05.208834
Google Play Store (Nykaa Main App),4408ebb0-4d4a-449b-a453-e53a5c1c710a,A Google user,this is my favourite shoping app,https://play.google.com/store/apps/details?id=com.fsn.nykaa&reviewId=4408ebb0-4d4a-449b-a453-e53a5c1c710a,2025-06-06 11:55:00,"Rating: 5, Thumbs Up: 0",PlayStore: com.fsn.nykaa,2026-08-31T13:14:05.210385
Google Play Store (Nykaa Main App),f85894d4-861f-44ea-afd1-22ffe2ce6aac,A Google user,My favorite app ever🥰🥰🥰🥰,https://play.google.com/store/apps/details?id=com.fsn.nykaa&reviewId=f85894d4-861f-44ea-afd1-22ffe2ce6aac,2025-06-04 10:30:42,"Rating: 5, Thumbs Up: 0",PlayStore: com.fsn.nykaa,2026-08-31T13:14:05.212798
Google Play Store (Nykaa Main App),cf2084a6-b44b-4ff9-974e-c8a46f27041e,A Google user,Nayka is my favourite notification 💗,https://play.google.com/store/apps/details?id=com.fsn.nykaa&reviewId=cf2084a6-b44b-4ff9-974e-c8a46f27041e,2025-06-03 21:21:17,"Rating: 5, Thumbs Up: 0",PlayStore: com.fsn.nykaa,2026-08-31T13:14:05.213337
Google Play Store (Nykaa Main App),fdfd17e0-19d2-4afc-9ba3-f6919c6c1808,A Google user,I love Nykaa my all time favourite beauty shop,https://play.google.com/store/apps/details?id=com.fsn.nykaa&reviewId=fdfd17e0-19d2-4afc-9ba3-f6919c6c1808,2025-06-03 16:20:30,"Rating: 5, Thumbs Up: 0",PlayStore: com.fsn.nykaa,2026-08-31T13:14:05.213590
Google Play Store (Nykaa Main App),9653bcda-245d-4b48-81e2-01d8f642d650,A Google user,nykaa is my favourite 🥰🥰😍,https://play.google.com/store/apps/details?id=com.fsn.nykaa&reviewId=9653bcda-245d-4b48-81e2-01d8f642d650,2025-06-02 21:18:28,"Rating: 5, Thumbs Up: 0",PlayStore: com.fsn.nykaa,2026-08-31T13:14:05.214638
Google Play Store (Nykaa Main App),44c96ccf-546a-4ffb-adae-5c5f82fb1716,A Google user,best 👌 favorite,https://play.google.com/store/apps/details?id=com.fsn.nykaa&reviewId=44c96ccf-546a-4ffb-adae-5c5f82fb1716,2025-06-02 15:31:20,"Rating: 5, Thumbs Up: 0",PlayStore: com.fsn.nykaa,2026-08-31T13:14:05.215035
Google Play Store (Nykaa Main App),bf111e9c-ff80-464a-ad42-4476a4599328,A Google user,nic and do beautiful and pretty u no my favourite lolli lips 👄,https://play.google.com/store/apps/details?id=com.fsn.nykaa&reviewId=bf111e9c-ff80-464a-ad42-4476a4599328,2025-06-01 02:49:22,"Rating: 5, Thumbs Up: 0",PlayStore: com.fsn.nykaa,2026-08-31T13:14:05.217464
Google Play Store (Nykaa Main App),9eb4de5f-6b4c-4c71-8d69-8eaac920ed1e,A Google user,Nykaa is my all time favourite and go to app for skincare and haircare from a wide range of brands with amazing offer prizes and freebies all the time😍. I enjoy shopping from nykaa every single time🥰.,https://play.google.com/store/apps/details?id=com.fsn.nykaa&reviewId=9eb4de5f-6b4c-4c71-8d69-8eaac920ed1e,2025-05-31 15:04:45,"Rating: 5, Thumbs Up: 0",PlayStore: com.fsn.nykaa,2026-08-31T13:14:05.218553
Google Play Store (Nykaa Main App),c359b84a-6ee7-4fd0-9fc8-290719012a8b,A Google user,nayka one and only my favorite aap and products always best quality I really love it and thankyou so much nayka services 🥰🥰,https://play.google.com/store/apps/details?id=com.fsn.nykaa&reviewId=c359b84a-6ee7-4fd0-9fc8-290719012a8b,2025-05-27 13:30:35,"Rating: 5, Thumbs Up: 0",PlayStore: com.fsn.nykaa,2026-08-31T13:14:05.225354
Google Play Store (Nykaa Main App),7665763a-5cff-4952-8f2f-6df947a1f109,A Google user,always favorite this product,https://play.google.com/store/apps/details?id=com.fsn.nykaa&reviewId=7665763a-5cff-4952-8f2f-6df947a1f109,2025-05-27 00:55:08,"Rating: 5, Thumbs Up: 0",PlayStore: com.fsn.nykaa,2026-08-31T13:14:05.225868
Google Play Store (Nykaa Main App),8789f465-c572-4148-bad0-44ff5aab4ecc,A Google user,my all time favourite app. one stop shop for all needy things❤️,https://play.google.com/store/apps/details?id=com.fsn.nykaa&reviewId=8789f465-c572-4148-bad0-44ff5aab4ecc,2025-05-26 13:23:32,"Rating: 5, Thumbs Up: 0",PlayStore: com.fsn.nykaa,2026-08-31T13:14:05.227438
Google Play Store (Nykaa Main App),d8e79919-dac7-4777-9c0b-5d5d24b9fd8a,A Google user,"it's the best app I've ever used, none of my products were damaged and the quality of the products are so good, you can definitely trust the app and it's till now my most favourite app, but the worst thing is the delivery being delayed, my order used to come one day prior in the city but in the town the order is taking a lot of time to reach, that's the only big disappointment",https://play.google.com/store/apps/details?id=com.fsn.nykaa&reviewId=d8e79919-dac7-4777-9c0b-5d5d24b9fd8a,2025-05-24 22:31:53,"Rating: 4, Thumbs Up: 0",PlayStore: com.fsn.nykaa,2026-08-31T13:14:05.230667
Google Play Store (Nykaa Main App),1452456d-0b34-4e46-8041-bb41e0eb74bf,A Google user,my favourite shopping app nykaa🤗 thanks nykaa.,https://play.google.com/store/apps/details?id=com.fsn.nykaa&reviewId=1452456d-0b34-4e46-8041-bb41e0eb74bf,2025-05-20 02:35:05,"Rating: 5, Thumbs Up: 0",PlayStore: com.fsn.nykaa,2026-08-31T13:14:05.239096
Google Play Store (Nykaa Main App),e3ec5d53-52a8-442f-aabe-1301631f63b2,A Google user,Yeah !!! it's great... mind blowing....my favourite pinkyyyyy pinkyyyyy 🩷 🩷,https://play.google.com/store/apps/details?id=com.fsn.nykaa&reviewId=e3ec5d53-52a8-442f-aabe-1301631f63b2,2025-05-18 19:58:51,"Rating: 5, Thumbs Up: 0",PlayStore: com.fsn.nykaa,2026-08-31T13:14:05.241733
Google Play Store (Nykaa Main App),6bdcce3d-de36-4dc4-aad2-7d370c9f077a,A Google user,favorite ❤️,https://play.google.com/store/apps/details?id=com.fsn.nykaa&reviewId=6bdcce3d-de36-4dc4-aad2-7d370c9f077a,2025-05-17 09:21:24,"Rating: 5, Thumbs Up: 0",PlayStore: com.fsn.nykaa,2026-08-31T13:14:05.245351
Google Play Store (Nykaa Main App),b9b2b752-7755-47b7-a8f8-082ac788ce62,A Google user,girls favourite shopping destination for skincare and cosmetics,https://play.google.com/store/apps/details?id=com.fsn.nykaa&reviewId=b9b2b752-7755-47b7-a8f8-082ac788ce62,2025-05-16 20:54:33,"Rating: 5, Thumbs Up: 0",PlayStore: com.fsn.nykaa,2026-08-31T13:14:05.245780
Google Play Store (Nykaa Main App),c639e9a0-4d90-4e15-8e26-1cf784883b50,A Google user,best my favorite nykaaaaa❤️,https://play.google.com/store/apps/details?id=com.fsn.nykaa&reviewId=c639e9a0-4d90-4e15-8e26-1cf784883b50,2025-05-16 14:27:23,"Rating: 5, Thumbs Up: 0",PlayStore: com.fsn.nykaa,2026-08-31T13:14:05.246549
Google Play Store (Nykaa Main App),032e91f4-d862-4d22-a5d4-dbd98a0dccbf,A Google user,I found my favorite colour n brands only in nyka,https://play.google.com/store/apps/details?id=com.fsn.nykaa&reviewId=032e91f4-d862-4d22-a5d4-dbd98a0dccbf,2025-05-15 16:11:06,"Rating: 5, Thumbs Up: 0",PlayStore: com.fsn.nykaa,2026-08-31T13:14:05.248044
Google Play Store (Nykaa Main App),c7273c83-0c0a-48c8-8a69-150be1d71067,A Google user,"""Absolutely love the Nykaa app! The user interface is so intuitive and easy to navigate. I've been using it for years to buy all my favorite beauty and skincare products. The product range is vast, and I always find what I'm looking for. The discounts and offers are amazing, and delivery is super fast. Customer service is also top-notch - they've always been helpful with any queries I have. Highly recommend Nykaa for all your beauty needs!"" 5/5 stars! ⭐⭐⭐⭐⭐",https://play.google.com/store/apps/details?id=com.fsn.nykaa&reviewId=c7273c83-0c0a-48c8-8a69-150be1d71067,2025-05-15 10:52:35,"Rating: 5, Thumbs Up: 0",PlayStore: com.fsn.nykaa,2026-08-31T13:14:05.248653
Google Play Store (Nykaa Main App),54cba3c8-ce1f-4a14-be5c-2a6792068dc9,A Google user,nykaa one of my favorite,https://play.google.com/store/apps/details?id=com.fsn.nykaa&reviewId=54cba3c8-ce1f-4a14-be5c-2a6792068dc9,2025-05-14 19:55:45,"Rating: 5, Thumbs Up: 0",PlayStore: com.fsn.nykaa,2026-08-31T13:14:05.249808
Google Play Store (Nykaa Main App),5ee6e9ed-32fe-421a-a9f7-cbbfa4bf4b1a,A Google user,nykaa is my favourite 🥰,https://play.google.com/store/apps/details?id=com.fsn.nykaa&reviewId=5ee6e9ed-32fe-421a-a9f7-cbbfa4bf4b1a,2025-05-13 00:06:12,"Rating: 5, Thumbs Up: 0",PlayStore: com.fsn.nykaa,2026-08-31T13:14:05.252866
Google Play Store (Nykaa Main App),2b8c172e-9657-4063-ad37-1ecbd063d9bc,A Google user,This is my absolute favourite app because it contains all Korean beauty products. This is the best online shopping platform. I hope Nykaa expands their selection of Korean skincare and makeup products.,https://play.google.com/store/apps/details?id=com.fsn.nykaa&reviewId=2b8c172e-9657-4063-ad37-1ecbd063d9bc,2025-05-12 22:14:55,"Rating: 4, Thumbs Up: 0",PlayStore: com.fsn.nykaa,2026-08-31T13:14:05.253087
Google Play Store (Nykaa Main App),a3082615-a705-447d-9590-0e2171c6a76a,A Google user,My favourite Nykaa❤️,https://play.google.com/store/apps/details?id=com.fsn.nykaa&reviewId=a3082615-a705-447d-9590-0e2171c6a76a,2025-05-12 16:55:44,"Rating: 5, Thumbs Up: 0",PlayStore: com.fsn.nykaa,2026-08-31T13:14:05.253703
Google Play Store (Nykaa Main App),56ad52c2-61f4-4472-afcc-13c57c6a01e1,A Google user,I love using Nykaa App I get all my Favourite products at one Store ❤️ love it Using it since I was 18 😍,https://play.google.com/store/apps/details?id=com.fsn.nykaa&reviewId=56ad52c2-61f4-4472-afcc-13c57c6a01e1,2025-05-11 22:15:34,"Rating: 5, Thumbs Up: 0",PlayStore: com.fsn.nykaa,2026-08-31T13:14:05.255618
Google Play Store (Nykaa Main App),9444cd64-8afb-498e-a6ce-449a4b40655a,A Google user,"my most favourite app for all kind of shopping, just luv this ...... their service, range of products, quality, delivery,offers all are top notch. thanx nykaa",https://play.google.com/store/apps/details?id=com.fsn.nykaa&reviewId=9444cd64-8afb-498e-a6ce-449a4b40655a,2025-05-10 11:28:13,"Rating: 5, Thumbs Up: 0",PlayStore: com.fsn.nykaa,2026-08-31T13:14:05.258498
Google Play Store (Nykaa Main App),c0cd921e-064b-4487-b715-e9bd71dcd907,A Google user,"mind blowing, my favorite",https://play.google.com/store/apps/details?id=com.fsn.nykaa&reviewId=c0cd921e-064b-4487-b715-e9bd71dcd907,2025-05-04 07:58:46,"Rating: 5, Thumbs Up: 0",PlayStore: com.fsn.nykaa,2026-08-31T13:14:05.267199
Google Play Store (Nykaa Main App),56cd51f5-ef94-412c-854c-6bbb2cb09413,A Google user,this app is very good this is my always favourite,https://play.google.com/store/apps/details?id=com.fsn.nykaa&reviewId=56cd51f5-ef94-412c-854c-6bbb2cb09413,2025-05-04 04:48:08,"Rating: 5, Thumbs Up: 0",PlayStore: com.fsn.nykaa,2026-08-31T13:14:05.267313
Google Play Store (Nykaa Main App),a74d082d-c506-455d-b433-7a1002bdce2d,A Google user,My most favourite app😘😘,https://play.google.com/store/apps/details?id=com.fsn.nykaa&reviewId=a74d082d-c506-455d-b433-7a1002bdce2d,2025-04-26 10:36:11,"Rating: 5, Thumbs Up: 0",PlayStore: com.fsn.nykaa,2026-08-31T13:14:05.278062
Google Play Store (Nykaa Main App),6439dcdb-2790-40de-8af0-c11b852c58fe,A Google user,Nike is my favourite brand is app,https://play.google.com/store/apps/details?id=com.fsn.nykaa&reviewId=6439dcdb-2790-40de-8af0-c11b852c58fe,2025-04-24 02:50:21,"Rating: 5, Thumbs Up: 0",PlayStore: com.fsn.nykaa,2026-08-31T13:14:05.280700
Google Play Store (Nykaa Main App),d3d2c4e8-cf2e-4a15-b3f9-74dfa8303842,A Google user,my favourite beauty app to shoping,https://play.google.com/store/apps/details?id=com.fsn.nykaa&reviewId=d3d2c4e8-cf2e-4a15-b3f9-74dfa8303842,2025-04-23 21:09:34,"Rating: 5, Thumbs Up: 0",PlayStore: com.fsn.nykaa,2026-08-31T13:14:05.281079
Google Play Store (Nykaa Main App),6e930e93-2794-49b9-91ff-376b5755ad39,A Google user,This is my favourite beauty shoping aap all the products are good,https://play.google.com/store/apps/details?id=com.fsn.nykaa&reviewId=6e930e93-2794-49b9-91ff-376b5755ad39,2025-04-22 16:19:59,"Rating: 5, Thumbs Up: 0",PlayStore: com.fsn.nykaa,2026-08-31T13:14:05.283256
Google Play Store (Nykaa Main App),0558d6aa-cead-4821-8466-b98be5a6fd4e,A Google user,nykaa is my favourite apps I love it ❤️🥰😻,https://play.google.com/store/apps/details?id=com.fsn.nykaa&reviewId=0558d6aa-cead-4821-8466-b98be5a6fd4e,2025-04-21 21:43:17,"Rating: 5, Thumbs Up: 0",PlayStore: com.fsn.nykaa,2026-08-31T13:14:05.284521
Google Play Store (Nykaa Main App),2acbdff6-ac8e-4219-a81a-27e38220f1e3,A Google user,Nykaa is one of my favourite cosmetics app😊,https://play.google.com/store/apps/details?id=com.fsn.nykaa&reviewId=2acbdff6-ac8e-4219-a81a-27e38220f1e3,2025-04-20 14:05:26,"Rating: 5, Thumbs Up: 0",PlayStore: com.fsn.nykaa,2026-08-31T13:14:05.286549
Google Play Store (Nykaa Main App),a6a16c23-860b-4e18-9621-7548481ff5c7,A Google user,my favourite app to purchase skincare item...,https://play.google.com/store/apps/details?id=com.fsn.nykaa&reviewId=a6a16c23-860b-4e18-9621-7548481ff5c7,2025-04-20 08:31:25,"Rating: 5, Thumbs Up: 0",PlayStore: com.fsn.nykaa,2026-08-31T13:14:05.287118
Google Play Store (Nykaa Main App),78272f1d-f6bc-4ff5-8b1c-5be346765f04,A Google user,Favourite since 2016 ❤️,https://play.google.com/store/apps/details?id=com.fsn.nykaa&reviewId=78272f1d-f6bc-4ff5-8b1c-5be346765f04,2025-04-17 15:37:11,"Rating: 5, Thumbs Up: 0",PlayStore: com.fsn.nykaa,2026-08-31T13:14:05.291474
Google Play Store (Nykaa Main App),a6fd394a-23cd-4219-bfea-703b8e02981f,A Google user,you're my favourite Nykaa,https://play.google.com/store/apps/details?id=com.fsn.nykaa&reviewId=a6fd394a-23cd-4219-bfea-703b8e02981f,2025-04-15 14:32:56,"Rating: 5, Thumbs Up: 0",PlayStore: com.fsn.nykaa,2026-08-31T13:14:05.295490
Google Play Store (Nykaa Main App),5f21e449-c875-4684-9582-7919ba113efd,A Google user,"my , favourite app",https://play.google.com/store/apps/details?id=com.fsn.nykaa&reviewId=5f21e449-c875-4684-9582-7919ba113efd,2025-04-14 01:20:13,"Rating: 5, Thumbs Up: 0",PlayStore: com.fsn.nykaa,2026-08-31T13:14:05.297898
Google Play Store (Nykaa Main App),78d033d8-8418-4ae6-b8f7-208c2a34e911,A Google user,Nykaa is my favourite shopping app store..,https://play.google.com/store/apps/details?id=com.fsn.nykaa&reviewId=78d033d8-8418-4ae6-b8f7-208c2a34e911,2025-04-13 03:04:55,"Rating: 5, Thumbs Up: 0",PlayStore: com.fsn.nykaa,2026-08-31T13:14:05.299582
Google Play Store (Nykaa Main App),b8122142-dc5d-4d60-9c3d-5ca4b433fb10,A Google user,my personal favourite,https://play.google.com/store/apps/details?id=com.fsn.nykaa&reviewId=b8122142-dc5d-4d60-9c3d-5ca4b433fb10,2025-04-11 20:28:36,"Rating: 5, Thumbs Up: 0",PlayStore: com.fsn.nykaa,2026-08-31T13:14:05.301285
Google Play Store (Nykaa Main App),1b2d8350-8187-433e-bd84-0fbd8e0b5d95,A Google user,my favourite app ...,https://play.google.com/store/apps/details?id=com.fsn.nykaa&reviewId=1b2d8350-8187-433e-bd84-0fbd8e0b5d95,2025-04-11 15:11:39,"Rating: 5, Thumbs Up: 0",PlayStore: com.fsn.nykaa,2026-08-31T13:14:05.301504
Google Play Store (Nykaa Main App),667e7b16-4347-4c2b-a80a-6b6120b2edf3,A Google user,one of my favorite 😍,https://play.google.com/store/apps/details?id=com.fsn.nykaa&reviewId=667e7b16-4347-4c2b-a80a-6b6120b2edf3,2025-04-11 14:12:47,"Rating: 5, Thumbs Up: 0",PlayStore: com.fsn.nykaa,2026-08-31T13:14:05.301558
Google Play Store (Nykaa Main App),ab9844e6-b03c-459c-8aed-5c4d3c9dc5cc,A Google user,"I just love Nykaa products, It's my old time favorite .",https://play.google.com/store/apps/details?id=com.fsn.nykaa&reviewId=ab9844e6-b03c-459c-8aed-5c4d3c9dc5cc,2025-04-11 10:22:14,"Rating: 4, Thumbs Up: 0",PlayStore: com.fsn.nykaa,2026-08-31T13:14:05.301910
Google Play Store (Nykaa Main App),a2974b64-1048-4911-a98e-a59fd71006e6,A Google user,my favourite 💞💞 Nykaa,https://play.google.com/store/apps/details?id=com.fsn.nykaa&reviewId=a2974b64-1048-4911-a98e-a59fd71006e6,2025-04-11 01:35:26,"Rating: 5, Thumbs Up: 0",PlayStore: com.fsn.nykaa,2026-08-31T13:14:05.302097
Google Play Store (Nykaa Main App),9ad4a914-245d-4660-8e4c-df36cb6acc56,A Google user,"Nykaa will always be my favourite for the best beauty products in town. I would love to appreciate Ms. Komal from their customer care team, she really understood my urgency and helped me out for the fast delivery of my products last day. Their team is so accurate and responsible. Thank you Team and Nykaa 🤍",https://play.google.com/store/apps/details?id=com.fsn.nykaa&reviewId=9ad4a914-245d-4660-8e4c-df36cb6acc56,2025-04-10 09:19:35,"Rating: 5, Thumbs Up: 0",PlayStore: com.fsn.nykaa,2026-08-31T13:14:05.303643
Google Play Store (Nykaa Main App),bc984aa2-6f53-435f-a191-9b63f182e01e,A Google user,amazing nykaa is my favorite,https://play.google.com/store/apps/details?id=com.fsn.nykaa&reviewId=bc984aa2-6f53-435f-a191-9b63f182e01e,2025-04-09 21:58:49,"Rating: 5, Thumbs Up: 0",PlayStore: com.fsn.nykaa,2026-08-31T13:14:05.304008
Google Play Store (Nykaa Main App),31e45415-510b-483a-b7b7-916545338faa,A Google user,"hi! I like the app I'm using frm so many yrs i got my favourite product but I'm vry disappointed this time there is no cancel option in app then I call customer care they said they vill update of cancellation but they didn't? I cancel my order before shipping bcz i vill not b at home at the date of delivery. so they didn't cancel my order! i hope i get my refund, after I get my refund i vill come back and continue the review.Im back with the happiness of refunds! happy with the app👍 i recommend",https://play.google.com/store/apps/details?id=com.fsn.nykaa&reviewId=31e45415-510b-483a-b7b7-916545338faa,2025-04-08 06:35:29,"Rating: 5, Thumbs Up: 0",PlayStore: com.fsn.nykaa,2026-08-31T13:14:05.306339
Google Play Store (Nykaa Main App),26968868-7cdb-44bf-89bf-b69fa16e6aa6,A Google user,"Always getting used products! There were no outer box for many products and it was already opened. facing this issue for more than 3 to 4 times. Nykaa was my favourite app for cosmetics and I am their platinum customer. But now they are sending used products is not acceptable. Even when no sales are going on, I am getting used products. Not acceptable Nykaa please improve. If customer is not satisfied, then they will go somewhere else as there are plenty of other shopping apps. please think.",https://play.google.com/store/apps/details?id=com.fsn.nykaa&reviewId=26968868-7cdb-44bf-89bf-b69fa16e6aa6,2025-04-07 12:08:27,"Rating: 1, Thumbs Up: 0",PlayStore: com.fsn.nykaa,2026-08-31T13:14:05.307293
Google Play Store (Nykaa Main App),c45cb6e8-4982-4a76-95c3-2df412107b29,A Google user,my most favourite app I just loved it .. ❣️🥰🥰,https://play.google.com/store/apps/details?id=com.fsn.nykaa&reviewId=c45cb6e8-4982-4a76-95c3-2df412107b29,2025-04-04 15:33:38,"Rating: 5, Thumbs Up: 0",PlayStore: com.fsn.nykaa,2026-08-31T13:14:05.310734
Google Play Store (Nykaa Main App),8227ab3e-98d2-4565-a979-cc8e84cf3693,A Google user,User friendly application which allows me to order my favourite cosmetics without any hassles.,https://play.google.com/store/apps/details?id=com.fsn.nykaa&reviewId=8227ab3e-98d2-4565-a979-cc8e84cf3693,2025-04-03 20:34:56,"Rating: 5, Thumbs Up: 0",PlayStore: com.fsn.nykaa,2026-08-31T13:14:05.311954
Google Play Store (Nykaa Main App),ec1533d0-7eca-4fd6-be26-8eb444b74456,A Google user,my favourite shopping centre,https://play.google.com/store/apps/details?id=com.fsn.nykaa&reviewId=ec1533d0-7eca-4fd6-be26-8eb444b74456,2025-04-03 10:07:00,"Rating: 5, Thumbs Up: 0",PlayStore: com.fsn.nykaa,2026-08-31T13:14:05.312769
Google Play Store (Nykaa Main App),6ba4cb36-764c-46ee-b079-b16c0af250fd,A Google user,I used purple but it did not give me any discount then I came across NYKAA Now it's my favorite Beauty App Ever 🤩🩵,https://play.google.com/store/apps/details?id=com.fsn.nykaa&reviewId=6ba4cb36-764c-46ee-b079-b16c0af250fd,2025-03-30 19:07:04,"Rating: 5, Thumbs Up: 0",PlayStore: com.fsn.nykaa,2026-08-31T13:14:05.316063
Google Play Store (Nykaa Main App),0ec4707a-0a88-49b1-be30-13b8853ac39f,A Google user,nykaa is my favourite ....,https://play.google.com/store/apps/details?id=com.fsn.nykaa&reviewId=0ec4707a-0a88-49b1-be30-13b8853ac39f,2025-03-30 17:36:38,"Rating: 5, Thumbs Up: 0",PlayStore: com.fsn.nykaa,2026-08-31T13:14:05.316216
Google Play Store (Nykaa Main App),1dbaf1b5-5065-4be6-af54-0961b98b215c,A Google user,All time favorites.,https://play.google.com/store/apps/details?id=com.fsn.nykaa&reviewId=1dbaf1b5-5065-4be6-af54-0961b98b215c,2025-03-17 07:45:28,"Rating: 5, Thumbs Up: 0",PlayStore: com.fsn.nykaa,2026-08-31T13:14:05.325773
Google Play Store (Nykaa Main App),e6cf0f2c-e21f-4904-91ae-89978852dac9,A Google user,favorite App❤️,https://play.google.com/store/apps/details?id=com.fsn.nykaa&reviewId=e6cf0f2c-e21f-4904-91ae-89978852dac9,2025-01-22 00:50:26,"Rating: 5, Thumbs Up: 0",PlayStore: com.fsn.nykaa,2026-08-31T13:14:05.367100
Google Play Store (Nykaa Main App),9f5b44e2-a2f5-47fd-a35d-bb0f4e9ab85b,A Google user,My favorite shopping 🛍 app❤️,https://play.google.com/store/apps/details?id=com.fsn.nykaa&reviewId=9f5b44e2-a2f5-47fd-a35d-bb0f4e9ab85b,2025-01-08 12:47:34,"Rating: 5, Thumbs Up: 0",PlayStore: com.fsn.nykaa,2026-08-31T13:14:05.376273
Google Play Store (Nykaa Main App),ff1e7e7c-8eea-4a2c-a5a1-46d79341ec94,A Google user,Nyc aap very useful all time favorite,https://play.google.com/store/apps/details?id=com.fsn.nykaa&reviewId=ff1e7e7c-8eea-4a2c-a5a1-46d79341ec94,2025-01-05 04:17:40,"Rating: 4, Thumbs Up: 0",PlayStore: com.fsn.nykaa,2026-08-31T13:14:05.378058
Google Play Store (Nykaa Main App),1ecca36c-ab14-484d-84df-f2dd99c17a89,A Google user,Always my favorite,https://play.google.com/store/apps/details?id=com.fsn.nykaa&reviewId=1ecca36c-ab14-484d-84df-f2dd99c17a89,2024-12-26 11:52:29,"Rating: 5, Thumbs Up: 0",PlayStore: com.fsn.nykaa,2026-08-31T13:14:05.384003
Google Play Store (Nykaa Main App),0fbd2aa9-86d0-4afc-a805-7ee7af7231ee,A Google user,Nykaa is my favourite app ismai sale mai maine bht shopping ki h apni dosri phone se nykaa is my favourite app ......I love it ❤️❤️❤️❤️❤️❤️❤️❤️❤️❤️,https://play.google.com/store/apps/details?id=com.fsn.nykaa&reviewId=0fbd2aa9-86d0-4afc-a805-7ee7af7231ee,2024-12-19 13:05:40,"Rating: 4, Thumbs Up: 0",PlayStore: com.fsn.nykaa,2026-08-31T13:14:05.388102
Google Play Store (Nykaa Main App),4e260d93-0c84-40b1-8676-92be3c5df660,A Google user,"Nykaa app is my favorite app. I do not use any other app for ordering because I trust this app. Till now, all the products that I have ordered have reached me perfectly and they always arrive before the date given or on the same date... I am very happy to use this app. Thank you Nykaa..🤗",https://play.google.com/store/apps/details?id=com.fsn.nykaa&reviewId=4e260d93-0c84-40b1-8676-92be3c5df660,2024-12-05 22:40:19,"Rating: 5, Thumbs Up: 0",PlayStore: com.fsn.nykaa,2026-08-31T13:14:05.400948
Google Play Store (Nykaa Main App),5db684ea-e5e9-42bc-8f9f-80720c8fb59a,A Google user,Bad experience... At first I ordered and I get my favourite my products and when I needed refund I get it from them . I recently ordered my night cream and for mind change I cancelled it and applied for refund but they did not give me any refund now two days passed till now . Just worst in refund giving ..... I firstly with love with you but now I hate you nykaa so much you're not giving my money in refund!!! Not expected !!!!,https://play.google.com/store/apps/details?id=com.fsn.nykaa&reviewId=5db684ea-e5e9-42bc-8f9f-80720c8fb59a,2024-12-03 23:56:25,"Rating: 2, Thumbs Up: 0",PlayStore: com.fsn.nykaa,2026-08-31T13:14:05.403405
Google Play Store (Nykaa Main App),ae3f1a75-5180-4fbb-890f-f69735c046ee,A Google user,"This app is my favourite cosmetics shopping app , as I gets alot of options at convenience prices. I just love it",https://play.google.com/store/apps/details?id=com.fsn.nykaa&reviewId=ae3f1a75-5180-4fbb-890f-f69735c046ee,2024-12-02 07:07:58,"Rating: 5, Thumbs Up: 0",PlayStore: com.fsn.nykaa,2026-08-31T13:14:05.406023
Google Play Store (Nykaa Main App),eb86c145-8501-4f3b-9d7d-e605d5cf9c66,A Google user,"As a skincare person, I just love this app.. they have very affordable budget.. my favourite app for beauty shopping.. I always receive correct product their service is also good.. the delivery always comes before the delivery date which I like the most ... I can give 100 stars to this app ❤️ .. THANKYOU",https://play.google.com/store/apps/details?id=com.fsn.nykaa&reviewId=eb86c145-8501-4f3b-9d7d-e605d5cf9c66,2024-12-01 14:11:30,"Rating: 5, Thumbs Up: 0",PlayStore: com.fsn.nykaa,2026-08-31T13:14:05.406821
Google Play Store (Nykaa Main App),85c107ec-3d6a-47aa-9597-ea7d6c357912,A Google user,Genuine product supply. My most favorite 🫶🏻,https://play.google.com/store/apps/details?id=com.fsn.nykaa&reviewId=85c107ec-3d6a-47aa-9597-ea7d6c357912,2024-11-25 22:07:37,"Rating: 5, Thumbs Up: 0",PlayStore: com.fsn.nykaa,2026-08-31T13:14:05.413369
Google Play Store (Nykaa Main App),725fdae3-e7a1-4a79-a955-5280e1c390f0,A Google user,They send close to expiry products as free gifts. Terrible customer service on top of that. This experience changed my view towards nykaa. Before this nykaa was my favorite app for cosmetics and skincare.,https://play.google.com/store/apps/details?id=com.fsn.nykaa&reviewId=725fdae3-e7a1-4a79-a955-5280e1c390f0,2024-11-22 15:32:44,"Rating: 1, Thumbs Up: 0",PlayStore: com.fsn.nykaa,2026-08-31T13:14:05.417077
Google Play Store (Nykaa Main App),68b2d441-fa58-4e2f-a590-0067d4d49f95,A Google user,Best beauty apps ever products quality are too good my favourite app,https://play.google.com/store/apps/details?id=com.fsn.nykaa&reviewId=68b2d441-fa58-4e2f-a590-0067d4d49f95,2024-11-20 21:12:11,"Rating: 5, Thumbs Up: 0",PlayStore: com.fsn.nykaa,2026-08-31T13:14:05.418799
Google Play Store (Nykaa Main App),4e993852-f028-4d56-95d8-89e21f205782,A Google user,"Nykaa used to be my favourite. But lately they seem to fail to meet deadlines. And when you enquire it is only a bot answering. Even for my latest order, it showed Tuesday, when I was ordering, hence I did. A day later it is showing before Sunday, adding that they are on time, which of course they aren't. Since I will be travelling, with no one to receive the order, situation is tricky and uncalled for. Not expected from Nykaa.",https://play.google.com/store/apps/details?id=com.fsn.nykaa&reviewId=4e993852-f028-4d56-95d8-89e21f205782,2024-11-04 16:31:43,"Rating: 1, Thumbs Up: 0",PlayStore: com.fsn.nykaa,2026-08-31T13:14:05.430950
Google Play Store (Nykaa Main App),0016a322-3e9c-488e-94d0-881af70b5c0b,A Google user,This is my favorite app 💕 All products is very good and original 👍,https://play.google.com/store/apps/details?id=com.fsn.nykaa&reviewId=0016a322-3e9c-488e-94d0-881af70b5c0b,2024-10-31 21:56:51,"Rating: 5, Thumbs Up: 0",PlayStore: com.fsn.nykaa,2026-08-31T13:14:05.433200
Google Play Store (Nykaa Main App),c1dc9737-a8d3-40ea-aaec-591c092e1cc1,A Google user,"My favourite app to shop beauty products from! All products are top quality, and they even get delivered super fast. There's always discounts and offers on the app as well.",https://play.google.com/store/apps/details?id=com.fsn.nykaa&reviewId=c1dc9737-a8d3-40ea-aaec-591c092e1cc1,2024-10-29 12:07:07,"Rating: 5, Thumbs Up: 0",PlayStore: com.fsn.nykaa,2026-08-31T13:14:05.435056
Google Play Store (Nykaa Main App),12fd81b5-8346-42a1-88cd-a13d8dee0a65,A Google user,"It used to be my favorite app for buying cosmetics.... But recently due multiple failed deliveries(5 undelivered orders which took almost 1 month to resolve) in the last two months, I no longer prefer nykaa.",https://play.google.com/store/apps/details?id=com.fsn.nykaa&reviewId=12fd81b5-8346-42a1-88cd-a13d8dee0a65,2024-10-22 12:02:17,"Rating: 1, Thumbs Up: 0",PlayStore: com.fsn.nykaa,2026-08-31T13:14:05.441290
Google Play Store (Nykaa Main App),8e5e906b-c45d-4e3d-bd09-2e8fefbc202e,A Google user,My favorite shopping app ☺️,https://play.google.com/store/apps/details?id=com.fsn.nykaa&reviewId=8e5e906b-c45d-4e3d-bd09-2e8fefbc202e,2024-10-05 11:36:51,"Rating: 5, Thumbs Up: 0",PlayStore: com.fsn.nykaa,2026-08-31T13:14:05.458837
Google Play Store (Nykaa Main App),6b07c52c-41ca-4ae4-8d2c-e9c40425e871,A Google user,"I would give 5 star as I have purchased many things from Nykaa and I'm now platinum membership holder but this time wanted to give review, I'm always Nykaa person as sale was not upto mark only having MRP prices with some gifts or very less discounts which we can buy later [not as such sale kind a thing] ,reluctantly have to shift to Tira Beauty because of their very nice discounts . Nykaa please turn your game on. I don't want to purchase from other apps.",https://play.google.com/store/apps/details?id=com.fsn.nykaa&reviewId=6b07c52c-41ca-4ae4-8d2c-e9c40425e871,2024-10-01 07:38:19,"Rating: 5, Thumbs Up: 0",PlayStore: com.fsn.nykaa,2026-08-31T13:14:05.462735
Google Play Store (Nykaa Main App),c85bbe27-ec2d-4958-b29e-4906477885e4,A Google user,Very bad experience received refund after 12 days and reward not added.when reward added my favourite product offer gone away so I face loss 500 rs,https://play.google.com/store/apps/details?id=com.fsn.nykaa&reviewId=c85bbe27-ec2d-4958-b29e-4906477885e4,2024-09-17 11:13:59,"Rating: 1, Thumbs Up: 0",PlayStore: com.fsn.nykaa,2026-08-31T13:14:05.473886
Google Play Store (Nykaa Main App),261dc2de-913b-4a05-a8b7-14d884121d15,A Google user,"My favorite beauty app, Nykaa team never disappointed me in term of service and all, lots of love to nykaa team ❤️,, But I have a one request please sell (senka perfect whip) it's a japanese product ❤️",https://play.google.com/store/apps/details?id=com.fsn.nykaa&reviewId=261dc2de-913b-4a05-a8b7-14d884121d15,2024-09-05 19:39:45,"Rating: 5, Thumbs Up: 0",PlayStore: com.fsn.nykaa,2026-08-31T13:14:05.482169
Google Play Store (Nykaa Main App),81082f48-f1b5-44b9-9e47-e5a1c72cf6ff,A Google user,my one & only favorite app👌🥰,https://play.google.com/store/apps/details?id=com.fsn.nykaa&reviewId=81082f48-f1b5-44b9-9e47-e5a1c72cf6ff,2024-09-03 19:33:59,"Rating: 5, Thumbs Up: 0",PlayStore: com.fsn.nykaa,2026-08-31T13:14:05.484299
Google Play Store (Nykaa Main App),f9509fc7-482e-4de2-879c-386ae7e78713,A Google user,"I love nykaa it's really easy to shop ur favourite things,now my weight loss jurny started lets se what happened",https://play.google.com/store/apps/details?id=com.fsn.nykaa&reviewId=f9509fc7-482e-4de2-879c-386ae7e78713,2024-08-31 13:57:25,"Rating: 5, Thumbs Up: 0",PlayStore: com.fsn.nykaa,2026-08-31T13:14:05.487060
YouTube,Ugy474ujCD5Rtidqptx4AaABAg,@sumanmaurya-12,"[Video: How to earn money from Wishlink 🤑 | Earn money from brands #trending]
Wishlist me gst number nhi chahiye hitah",https://www.youtube.com/watch?v=T3R0bCEGWkg&lc=Ugy474ujCD5Rtidqptx4AaABAg,2026-08-17T13:16:44.481177,Likes: 0,YouTube: How to earn money from Wishlink 🤑 | Earn,2026-08-31T13:16:52.261466
YouTube,Ugzjgneuu30jdFNyDMt4AaABAg,@AnanyaDabhi10,"[Video: How to earn money from Wishlink 🤑 | Earn money from brands #trending]
Mera account wishlist nhi horha 2weeks hogye",https://www.youtube.com/watch?v=T3R0bCEGWkg&lc=Ugzjgneuu30jdFNyDMt4AaABAg,2026-01-31T13:16:50.365802,Likes: 0,YouTube: How to earn money from Wishlink 🤑 | Earn,2026-08-31T13:16:52.264361
YouTube,UgxIBLFShZJ0ym5Y67F4AaABAg,@AnanyaDabhi10,"[Video: How to earn money from Wishlink 🤑 | Earn money from brands #trending]
Wishlist kese hogaa",https://www.youtube.com/watch?v=T3R0bCEGWkg&lc=UgxIBLFShZJ0ym5Y67F4AaABAg,2026-01-31T13:16:50.368953,Likes: 0,YouTube: How to earn money from Wishlink 🤑 | Earn,2026-08-31T13:16:52.264374
YouTube,UgzpaHCinBcM7qRo2tB4AaABAg.A91qhsp4js8A97fLe0rF9Q,@ShoppReOfficial,"[Video: How to shop from Myntra, ship to USA, UK, UAE, Singapore, Australia & 220+ Countries Worldwide]
Hey, Sign up with Shoppre to receive your personal Indian address. Shop your favorite products using this address, and we’ll notify you once they arrive at our warehouse. Then, simply create a shipment request, add your destination address, and review the shipping cost. Once paid, your package will be delivered to your doorstep in 3 to 6 working days",https://www.youtube.com/watch?v=ICBnt7e6MrA&lc=UgzpaHCinBcM7qRo2tB4AaABAg.A91qhsp4js8A97fLe0rF9Q,2025-08-31T13:17:38.641362,Likes: 0,"YouTube: How to shop from Myntra, ship to USA, UK",2026-08-31T13:17:47.200755
YouTube,Ugyt2m6jnT16AnoekKZ4AaABAg,@apaarsaxena,"[Video: How to start with Wishlink? A step by step guide | Wishlink Tutorial]
How to join your wishlist site pls help me",https://www.youtube.com/watch?v=RPx6DJWSho0&lc=Ugyt2m6jnT16AnoekKZ4AaABAg,2026-08-03T13:22:26.680515,Likes: 0,YouTube: How to start with Wishlink? A step by st,2026-08-31T13:22:38.303559
YouTube,Ugzg16fTdKK6o0IvoWt4AaABAg,@BabitaTripathi-o4o,"[Video: How to start with Wishlink? A step by step guide | Wishlink Tutorial]
Sir mere youtube p 400+subscriber hai to kya wishlist se mai earn nahi kar sakati😢
Aur instagram p 287 followers hai to kya earning ka koi chance nahi hai 😢?
Sir pls reply me 🙏",https://www.youtube.com/watch?v=RPx6DJWSho0&lc=Ugzg16fTdKK6o0IvoWt4AaABAg,2025-10-31T13:22:34.918683,Likes: 1,YouTube: How to start with Wishlink? A step by st,2026-08-31T13:22:38.305457
YouTube,UgzVrgrYRp6ncWQngtV4AaABAg,@beatsphere_0,"[Video: Guess Her Makeup Price... Ruchika's Challenge Ep.1]
My favorite youtuber ❤😊",https://www.youtube.com/watch?v=K8_H7J08Ti4&lc=UgzVrgrYRp6ncWQngtV4AaABAg,2026-08-30T13:23:12.630783,Likes: 0,YouTube: Guess Her Makeup Price... Ruchika's Chal,2026-08-31T13:23:29.932531
YouTube,UgzGeUjjoD3Tnhix-gp4AaABAg.AW0bi-ViH34AW2e7fM9dFn,@ManjuKumari-z7j7p,"[Video: Guess Her Makeup Price... Ruchika's Challenge Ep.1]
My wish is to meet you once please 🥺🥺 you are my favourite Youtuber",https://www.youtube.com/watch?v=K8_H7J08Ti4&lc=UgzGeUjjoD3Tnhix-gp4AaABAg.AW0bi-ViH34AW2e7fM9dFn,2026-04-30T13:23:17.120813,Likes: 1,YouTube: Guess Her Makeup Price... Ruchika's Chal,2026-08-31T13:23:29.933134
YouTube,UgzZwXs6HKn-HCFaWR14AaABAg,@sushmachoudhary9453,"[Video: Try on Haul + Styling Ideas - Suit Set, Sarees & Blouses from Nykaa Fashion]
You are my favourite. So honest...no hichak I confessing...with all the stories around every piece. Plus plzzz aapko stories bore nahi karti...instead we can fully relate to them since I'm sure sabke sath aksar same hota hai😅
Moreover best part is you r v v practical....how to style anything in multiple ways...",https://www.youtube.com/watch?v=umn6g8ylmDU&lc=UgzZwXs6HKn-HCFaWR14AaABAg,2024-08-31T13:24:43.108233,Likes: 0,"YouTube: Try on Haul + Styling Ideas - Suit Set, ",2026-08-31T13:24:45.965835
YouTube,UgyM9p-K3IK57KmPPEZ4AaABAg,@bhupalipathak9260,"[Video: Try on Haul + Styling Ideas - Suit Set, Sarees & Blouses from Nykaa Fashion]
Make a video on accessories that you have been using from long time and are durable.
Like belts, sandals..
Your favorite ones",https://www.youtube.com/watch?v=umn6g8ylmDU&lc=UgyM9p-K3IK57KmPPEZ4AaABAg,2024-08-31T13:24:43.152650,Likes: 0,"YouTube: Try on Haul + Styling Ideas - Suit Set, ",2026-08-31T13:24:45.966292
YouTube,UgxckQRwKLRB2YlOpcZ4AaABAg,@neelammishra7523,"[Video: Huge NYKAA Haul | Buying my dream makeup & Skincare]
Di favourite car?",https://www.youtube.com/watch?v=iGDH0UDoxAk&lc=UgxckQRwKLRB2YlOpcZ4AaABAg,2024-08-31T13:32:09.611409,Likes: 4,YouTube: Huge NYKAA Haul | Buying my dream makeup,2026-08-31T13:32:10.124046
YouTube,UgxFI5c2MG36riDeVN14AaABAg,@vashimaparveen8307,"[Video: 🔥🥳HUGE NYKAA SHOPPING HAUL🤌🩷SKIN , HAIR , MAKEUP & MORE 💃TamilBeautyBeats]
My favourite youtuber ..❤naan ungaloda vedios school time lanthu pakuren eppo clg finished neenga soltra products vangi use pantraeno ellayo unga vedios full la pathuruvaen neenga pesurathu unga reactions nalla bold da pesuvinga unga sister rayum enakku romba pudikkum...❤",https://www.youtube.com/watch?v=GUCz6oWjHyE&lc=UgxFI5c2MG36riDeVN14AaABAg,2025-08-31T13:32:30.808360,Likes: 3,"YouTube: 🔥🥳HUGE NYKAA SHOPPING HAUL🤌🩷SKIN , HAIR ",2026-08-31T13:32:55.427614
YouTube,UgxFc1GDtpCvFfspT6J4AaABAg,@hemalathahema7162,"[Video: 🔥🥳HUGE NYKAA SHOPPING HAUL🤌🩷SKIN , HAIR , MAKEUP & MORE 💃TamilBeautyBeats]
I'm watching your videos in my school days to now I'm completed my undergraduate degree akka your most favourite youtuber akka your videos are very useful for me akka please take care your health akka 💗💎",https://www.youtube.com/watch?v=GUCz6oWjHyE&lc=UgxFc1GDtpCvFfspT6J4AaABAg,2025-08-31T13:32:41.900710,Likes: 7,"YouTube: 🔥🥳HUGE NYKAA SHOPPING HAUL🤌🩷SKIN , HAIR ",2026-08-31T13:32:55.429129
News (Elle India),17b9b2d51eac750c,Elle India,It’s Nykaa's 11th Birthday! Here’s a guide to make your 11:11 beauty & fashion wishes come true - Elle India,https://news.google.com/rss/articles/CBMiTEFVX3lxTE5YMEpOMFI2Y04xOHBodTlsaW9jUlA1d1RoQ083VXIxeG9vNm1jRk9LLVJ0MHlOcGEweFdCRWxLZ2lxUXM2bVVUMFZlc0c?oc=5,"Fri, 21 Apr 2023 07:00:00 GMT",N/A,Nykaa fashion wishlist,2026-08-31T13:33:31.401377
News (The Economic Times),2831f88c6d4b2efe,The Economic Times,"Black Friday 2025 India: From H&M and Zara to Nykaa, Sephora and Mamaearth—huge deals expected across bran - The Economic Times",https://news.google.com/rss/articles/CBMimAJBVV95cUxQZzRpMlB2RG84VkZaMXJqa1hCd3NHUUt4UkYyOUdrYm5wcHhscm82SG5teTZJSzRtVVNON2hmdEFIR2MzeXdYNW5RMW41MVY4Qy1tUXBhWlQtdHgwQk5HUTM3eUxSbDd4OG9CdlVlRkRUNWNINHlIeHZrM0dHUGJad01oN2pqdjlna19OVk9tSC1LRUNHVmRuUUtFdzF1WmU0Q2dPRDRPemk0NVMwMlltcC0tcFMzekNubndUWjhSQVZFdDgxU0t3ME9qa0VzeU9oei1BNHFzeFVxRkRVM29UU3ozeFVCaW5Fdk94MnhIVEZ0OWJacXhDU0RndkptTzhmV1NRNDdhVk9OdE9XeUpkQVZTVmkzdmZ60gGeAkFVX3lxTE1CZ01JWVdaa3liWG5SVXRhVmRqYnRuZTB3S1FwYnB3eGEtcVRFZ0JvX0s1bVM1YVd5SmdvUmhoY0hMcjFWbTBlQk9BNGhmakFTeGoyNmJtcmNxZ216UDJPckJXOTlicDU2TThtM2RRalppWFcwOWlXVGJnNkRvaFlZOEd4NGtpbE56TU5mS2haWTlFOVJVbzluV1VvcXZwenZPZkRQcmdub25OcG9FdnBCZVVOaERFYTZzaDlmVzlBVDNSQnlMdWg5Wjlvd3ZEOElBR0s4VDl0LVE3dm1MQzYweFRiN1J1eldRVXZYNmc4b0NBTXJTZXJjOThxNXMtVUVRMWMyU2V2NkpxQ3lVX3kyZjZxcjdHMWdnaDA1dmc?oc=5,"Fri, 21 Nov 2025 08:00:00 GMT",N/A,Nykaa fashion wishlist,2026-08-31T13:33:31.401478
News (Passionate In Marketing),894e51b73e4575a0,Passionate In Marketing,60% Off? Free Gifts? Viral Faves? Nykaa’s Hot Pink Sale Is Here! - Passionate In Marketing,https://news.google.com/rss/articles/CBMingFBVV95cUxPeUQ2TUdKOEE1eVhTclZ2dkF3Ml90anNxTWFoVEdNT0tuV2hXWldhN0dDYnJjaDdTTXFuSkY1QTFid2Y2MHZiNVdyYml4ZzVZQnZjYjhDaTNwUkJBWnZHMkdMYTFJSXdXTXlKLXJJYkNyRlRnbWkzNlR5Um5TNUs1Zldab2dHQUtZeTh4VFNrTGpXVXIwZHRiVmVTMmpXZw?oc=5,"Sat, 19 Jul 2025 07:00:00 GMT",N/A,Nykaa fashion wishlist,2026-08-31T13:33:31.401542
News (Herzindagi),4895f298e1fefd18,Herzindagi,From Zara To H&M To Nykaa: Black Friday Sale 2025 Dates And The Best Deals To Expect - Herzindagi,https://news.google.com/rss/articles/CBMitwFBVV95cUxPel90aWZERF9ReG5oakVseGpULUF0allyUmREX2hiQ0JfYWFiajFCX19tTk9CY2w0Y1Jva0Y5dG5KMnVnMDM0UFN0NUN5dThZMkQtVFVFTHkyT3UzRkRmdjZGbjRwbDM5R2lxMFlxZ2liaTB2cnoyTHhoSndFdy1QR2xmb3JZMk1uWnA0S1FwejZsZ1d1elZ0eEJJbnVKRFN6aERubG9wY1YwT1UzN3I4NndfNTd5Q28?oc=5,"Fri, 28 Nov 2025 08:00:00 GMT",N/A,Nykaa fashion wishlist,2026-08-31T13:33:31.401651
News (t2ONLINE),2dbc6905f49f90a7,t2ONLINE,Kylie Cosmetics: Expanding Influence via Nykaa Partnership - t2ONLINE,https://news.google.com/rss/articles/CBMirAFBVV95cUxOM3FBSUJmNWFPU2JhUmIwMmV0N0Q2QXJUQnJzNWFzSWYwbE0taWpKSTJ3ZXVWZmY4ZC1UUnlmRHp5MWJhRE1tNVU2cWIyS0ZLWmFxR2xyZm5JX2ZfdGE0ZHF6ZVZoTy1uTGlFYWNKM1Y5NlI0N1g3YXdtWmc3M0laQ0FMYUxsTXR3YjFsU3VBNHIzX0xrbUVmZXpCYmdwWXlwNnZzZ2pzbmRtM3pz?oc=5,"Fri, 07 Nov 2025 08:00:00 GMT",N/A,Nykaa fashion favorites,2026-08-31T13:33:36.405858
News (ThePrint),d73e2230ba62935e,ThePrint,Nykaa Fashion Kicks off 2023 with Its Biggest Fashion Event Thank God It’s Sale - ThePrint,https://news.google.com/rss/articles/CBMixAFBVV95cUxPUTZaLU5JemQ1T0lDSnpUTXZnd0l5SWVNc3ZhdEppWkJFcE9OdTNPVlBjdmhtZ3Znb2JFbVRpeFdZaHhRbWFXeWF2YWRhdWR6THpjSkdKZmNhSFg1RWFhSWtrVVhvQ3d5T2IyLUFoQWZyVmlzQWlsUlZPZmIzWGVLTDRrVmljemxoOEloX2lyVWdJYnNlRkgyYnJaWFBydGtVb2pDOS0xbWNMRzVaQU5XcXBBWUM2LTc2RnJGREtUWC1DUmVF0gHKAUFVX3lxTE9FMWRYWEQxVUtkNEhWMVJmTkJ4YkVfNno4UTc2REdjUmUtSEhXQ0RkLUQ2bXpKWmdtR203MGJDaG9UZzlHQlRnRWp3eUVkOFFLM0NNbk8yUGtVQjFKRUJJWkJuem9zTUxkYTBRSWpEaTVRQ0pvZGFGSkZ6aDViUHhsSC1NS2xPMmJINkxYYXNuZFFycldxMUN4Ulk3a2VYeTgzaXA4WjU2VG85c0lRMHIwMnBHMGtwZl84TlFzNTRYSlc1VFM0RlpObmc?oc=5,"Mon, 23 Jan 2023 08:00:00 GMT",N/A,Nykaa fashion favorites,2026-08-31T13:33:36.405928
News (ANI News),1f446de32797c85c,ANI News,Rolling In Hot With Offers! Nykaa’s Hot Pink Sale Is Here - ANI News,https://news.google.com/rss/articles/CBMitgFBVV95cUxOdWZiMWtjSDczTFBKM0ZoYjZ5VW43c2toOXVaU3FsYzhOYjVTczJIRmR1SHN5aEtia3piY3JobVBNTmJ6VVIxWFJjMFZfdkl2QmljdkFmSDZ6RmlPSVRGczBSMl9ZRjdqWk9fZUNsZjlBb214VkFGNzg0LTJVVGhaSmhaaXdOYk5Tc2FSWGJwajNBeng4emlVd09zRFRNR3FyemdJUlZTcHdoMVNGeXNtb3ZvOXgxQQ?oc=5,"Fri, 21 Jul 2023 07:00:00 GMT",N/A,Nykaa fashion favorites,2026-08-31T13:33:36.405971
News (afaqs!),c469a465608d2bac,afaqs!,Foot Locker partners with Metro Brands and Nykaa Fashion for India launch - afaqs!,https://news.google.com/rss/articles/CBMivAFBVV95cUxPMjdMY0pvbW9TajJ1UzZQYlZwU0FGRnQ2UjExSEVJWXlLUjRDdlVWdjZHTmJac3o0WDF5bnYzWnpwcjJIb2l0Y1BBV1lPMkZsbGpzNk04a0pqUXpibEo4TW5tT1JTYWtGUXhBWlVtV1VyU0lHZl85Z2xwS09reHB4aS1NUWJ0amtqZ3p4NU5TMXYxSFZWVXA4eEthSkRVb0lvSVFRQ2ZWNENZZDJ5OXA0eFJPLTF6V0FoRm5Ebg?oc=5,"Tue, 01 Oct 2024 07:00:00 GMT",N/A,Nykaa fashion favorites,2026-08-31T13:33:36.406013
News (Marksmen Daily),8c0f750a8090dba7,Marksmen Daily,Nykaa & Nykaa Fashion’s Pink Summer Sale Is The Season’s HOTTEST EVENT! - Marksmen Daily,https://news.google.com/rss/articles/CBMipgFBVV95cUxOVFFnZ1NjVFdlZzZHbVhtbnhuWWZoZW9Oenh0NTJaQkhabWVkMDZubDBXYWVtR0xLcHl2TW1uQTYwX01TekxTRzVSMGxXcE1QUFZ4ei1PYUZSbTBSNmZyMlczOEdsTnJlRFQ2OW5zM1Eyd3dfT1o1eHpMVFc0bWRvV191UHd6bHJSWEpsYlZCOGs5cmt2S1FGWFBsd3luTUY1am5RV2xR?oc=5,"Tue, 09 May 2023 07:00:00 GMT",N/A,Nykaa fashion favorites,2026-08-31T13:33:36.406059
News (ET BrandEquity),247327bfb0f636cb,ET BrandEquity,Nykaa hits rewind with the OGs in its new campaign - ET BrandEquity,https://news.google.com/rss/articles/CBMi0AFBVV95cUxNUThIYzVDZWJITEhQbkI1T1Jkd3VfZ2xlcE12LUlyNERhMXozdkNqQ1J0NTFIVHlkXzdfNWl0LXhRZTI0UjNfdkx1b2NiSktlX29SWm5rSy1TMG4zbVlwNlpQb0FaTmtobjA2VlZJdDNOZ1Exb25GUjhkdlUzREhBb0lFZGlkVmwxUmZfLTBmTXJ2LWkyX2E1Z1ZuTHRmMVgwZnVxWTg4TGJBMFRRekxBSzZUUEJ5TkhOaERaN2dBQ09sQ19ycGlpUlhudmx0MHEy0gHWAUFVX3lxTFBIOGtScEpRSVB3VU9acGh1YWFEYnAtYzlJb1JORHdmemJMcUROMWhNTFk3YTdTUm84YllUQ0V0d3MxZW9vSlRuX08xdjU2UXpUOHBlQ3BSeVhCWENuWTduUE95ZjJhUnFFVGFILU13aG1PUG5RUkVrYV9wUGt4STE3X1JSNXJXU1JDMHBZN1ZKYWd2Q2pZeS1MV2stMjFEYlZoNHpITlhvdTVVSktrNDkxQnNsUjItdUN6YndvRGlVcUxIaFRGMzdNY0ZMTlRfclJPS0NIaUE?oc=5,"Tue, 16 Jul 2024 07:00:00 GMT",N/A,Nykaa fashion favorites,2026-08-31T13:33:36.406097
News (MediaBrief),993a5faacebec416,MediaBrief,Nykaa Fashion announces Ishaan Khatter and Shanaya Kapoor as new faces of the brand - MediaBrief,https://news.google.com/rss/articles/CBMiggFBVV95cUxNU1g2YzY5S2NndHNRa3MwYWIyWm50LWxDSjVnZGlacnFFM2xEaHpKWGxJcmZKZWZIbVdPeEtLU3lVM3BTejRDOHpvS0JPbHhzQ2wzS24wMHJCN1lsWTFGclp0cXZoYklYSGQ0NE94eG9FQ3dTcXhHTXlsNW1PV1gwV05n?oc=5,"Wed, 04 Jun 2025 07:00:00 GMT",N/A,Nykaa fashion favorites,2026-08-31T13:33:36.406141
News (Business Standard),d7187194cabfc925,Business Standard,"Nykaa Hot Pink Sale is here, spilling the tea on the hottest deals! - Business Standard",https://news.google.com/rss/articles/CBMi3wFBVV95cUxPbnFWRldBS1Yyd1dlWHJBZXNfM011QnRTMURoLWYyYk9BSEVBcDU5V05hak44b3ZTTUZEcmN6TE12eW9sOXoxcmVBdlVsalJ3NUNuT0pJclV2MVlVZzlQd3NfaTlGM3g3VkEzTUE1Wk1PQUs0bVAzTUFrRTZqdUlGc2tQclJzM1VZcXBWQ0t5cG4zc202OGQ3VjNEbGpGNVNFdE55TXJVV3FlZGxZTHd4X2VOQ25LbTJINUotdHY2N0dIa0FKUFhUcTdZZzh6U1NTX0plcWdYNWNBb0g5OGEw0gHkAUFVX3lxTE9Cb2tpUEhkaFBzeFdmemtkVkllZi1od2xqNXZVZFlwMDZlYWhCdTQxRTBtQV9YSVNuVEpEdnNTMzY3M01Za0ZvdnlxbFJyaHRCWXh6RFV0YkotR3Y3d2lhTTBLUHU4Q0R5Sk9pOEx6ZnJVa092YjRJUEtJdFhGeGpOVEptc2JjN3d0Y1ZwczVSQlZpaHo1UkNER2dwNDZJekJmUTEwdzU0UFZIbkxSM096LWtRS1lXNkpnV3dpeG9PNGVfVUUxUXRnZFZYeV83UU80UVA0NkR2a3VGbDB4a3ZFdE14Wg?oc=5,"Thu, 18 Jul 2024 07:00:00 GMT",N/A,Nykaa fashion favorites,2026-08-31T13:33:36.406237
News (Indian Retailer),e7ec7446139d1d95,Indian Retailer,Retai India News: Nykaa Unveils Growth Plans and Success Story at Annual Investor Day 2024 - Indian Retailer,https://news.google.com/rss/articles/CBMivwFBVV95cUxNemF2eUNHZnNHVEdfT184M2hHb01fSnlQQWdUeEVMdXBvbjE5cjk0V0hKWEhhLXpqN3FPZjRYcnZQX3hLeWdfN2xOUXFEUm1BVDJyR0FkZ1U4NmprRjhoWlRfdGh6YjdnYTllVWFDenhTMTVXU3JFVFExYnd0ck94UHB4Y1N6alNLejc4SFozRmY5NWc2R0hneFBLeEdzandCODVNZjUzS1lva183LTVKcm56SzEzY3J0MFpYdW1KQQ?oc=5,"Tue, 18 Jun 2024 07:00:00 GMT",N/A,Nykaa fashion favorites,2026-08-31T13:33:36.406286
News (afaqs!),010f751ebf9b7805,afaqs!,Nykaa Fashion names Ishaan Khatter and Shanaya Kapoor as new brand faces - afaqs!,https://news.google.com/rss/articles/CBMiuwFBVV95cUxQWDVCaTB0dWlpeWoxTUw4T3FnTGtLTWowbTBnUjNhUWxKVWdwQ1BPRnpVNzloVGh4T2d5cUxMNTZ5MnJKMzNUNTBpUXBZMGRaRVFzSFkxT1ZLWUZQcGpGTUZ2LTJUd3A4V21LRUJpdWlmWlQ2bFAtc1RRMFpISTUyZjI1SDB6aUJjbkhZM25pcy1FMFhLdGRNdzdKZ1ZiRXI0bmU2Wk1PRDlDa1dNUnM1QjZfYW9QRURLeWpB?oc=5,"Wed, 04 Jun 2025 07:00:00 GMT",N/A,Nykaa fashion favorites,2026-08-31T13:33:36.406324
News (ANI News),4b6a195e4cd7aff5,ANI News,Jodi Life for Nykd by Nykaa: The Biggest Collaboration of this Summer! - ANI News,https://news.google.com/rss/articles/CBMiuwFBVV95cUxQRXpncy0wS3lPY2I3MDFmNlkzNDVPMWVzNE0xZFBmSDk3NzE5bnRhZF8wbzZwclg2Yk9GR1FqRkJKcmJ1UWE1aU43WHhhQmNhTzNIREFXci14ZjNKLWQwZHU0Nnh6OFZQX0QxM0o3eXJjX3g1alFnXzVMVU1VcHFmSFNGX3hRTXNOUHVJUk1kajBZVlJnc2cxNWtYSlBEdGNudWlENXVpMkN4RnN5Ynh1U0d6UGdKNmdRX0JR?oc=5,"Tue, 04 Jun 2024 07:00:00 GMT",N/A,Nykaa fashion favorites,2026-08-31T13:33:36.406364
News (Passionate In Marketing),214f898f2ac256e6,Passionate In Marketing,Hot Deals Dropping Now! The Nykaa Pink Summer Sale is here Dive into discounts and soak up the savings with amazing deals on your favourite brands! - Passionate In Marketing,https://news.google.com/rss/articles/CBMikgJBVV95cUxQamJCMHRpeDh0Zk1VYUUtRjhKcnZCbk41bFhnSklfWC1PcVZtc1B0TDNvNjUtZUZ1Qm5WRkpZc25NVGVKX3N3VmdvdGxhemlzSDF3U29JemNDQnAwMHV4SVdlWjZGaEFLRlNrWjM3SU5uZV8waEdkLVVtZDZLVkhOeHVNN0RfRDFiT1B5TTQ5UVJaa2RNU2x0T19kVF9YWk14dm1PcFlQSjdHbDM1bVdmSmZCbURWN0pic2lRWExNYnMtX1cyc0xjM09jVjBvZDFXU2ExdGRieDBnaE9XazBXUTBzNko5azNJVExVNmliYzljYlpvVFVuSVctU3dHYl93cGhvUVJMMHdtS2ZKR1VoQ3lB?oc=5,"Thu, 09 May 2024 07:00:00 GMT",N/A,Nykaa fashion favorites,2026-08-31T13:33:36.406427
News (Passionate In Marketing),e3d338bdc5466b00,Passionate In Marketing,Nykaa’s hot pink sale is back – grab your favorite goodies now! - Passionate In Marketing,https://news.google.com/rss/articles/CBMiYEFVX3lxTE92MlZzODhBOURVMFZ1eTNfa0pva1FZc2F4V0pPZ1hUYWExZHlFX29CeE14VHVwZ0VMS3JHWVNzUTRNQS16Nk1hSG5wZF9mVE9WXzRIUTB6QnkxVExEQ3M1ZQ?oc=5,"Mon, 01 Aug 2022 07:00:00 GMT",N/A,Nykaa fashion favorites,2026-08-31T13:33:36.406495
News (ANI News),fee9ed959b1a2c02,ANI News,Celebrate Lipstick Day the Nykaa way! Buy 2 and get 1 free only on 28th & 29th July during the Nykaa Hot Pink Sale - ANI News,https://news.google.com/rss/articles/CBMihgJBVV95cUxPc3NqekhYRWpmQzROYWZWX0pIWDZKUzB2ZXU4alk2VUdFX3dtUXczY0VlSXVYQmowTm42eXlnTHB5anFfYkFvNlJQZlp4b0dtTHYxU1hCTTdXZDR4RjFNYU5zSVVUU0JGRW1GSkN5alA0TUZGY1ZLQUt1NTdSX0ZPWkhHS21sb3E1ZG1Jd1VuQWhCTElCdlNhakM4dGp3bm1feE1fQ1hSRWdFZ0tBTXZuU2tCTVIwam02Zl9XUjdWRlllTDdMdEtxUnlEX2JLczRySzN5MmxETXE4RHF1Z0tmbzZMRTNzbHpxWjZIYTVUbEN2clltelFWMjFJYWVwdDJ3MS1TUmhB?oc=5,"Fri, 29 Jul 2022 07:00:00 GMT",N/A,Nykaa fashion favorites,2026-08-31T13:33:36.406559
News (Big News Network.com),955c4e914acac8bb,Big News Network.com,The Wait Is Over: Nykaa Hot Pink Sale Brings the Season's Hottest Beauty Steals! - Big News Network.com,https://news.google.com/rss/articles/CBMivwFBVV95cUxQam43anAxSG0tekFEMXI2bGx6SVYtelJyQXQ4eklKelJUN1RvZGNvSTJfOGpoN2xKdVc3NEt2UjN0VXo1akNsY2drczhtQWhBand0enBrRWtuQThQMS1pNV9qNUVqUE9lbENROGxhdkRzTmc5VXNVbEFkNE9RV2pEQjVDSFQtLThVaTA3TXFDcGNfX3VWS3hDU3pmUl9DRGhZSEVVQXNPaXBuUUUxLUFTcTZ0RjFxaGhPNXZhdUtUdw?oc=5,"Fri, 17 Jul 2026 07:00:00 GMT",N/A,Nykaa fashion favorites,2026-08-31T13:33:36.406609
News (manifest-media.in),2def5816bf83a535,manifest-media.in,Nykaa joins hands with OpenAI - manifest-media.in,https://news.google.com/rss/articles/CBMihwFBVV95cUxOME1tUzdSam9CYnJGM2NyaVVWV3dXU3dWVHVIeTBOWnlnelJOUlZ1bTlLcVY2YlE1YUEyOWVGSEo4cm1ZMGtpX28wQUhWMkpNX1o4dXZ4M0Z6a2c0RTdMQjVNd0x4dmtJV1hZZWJWODhNdkM3VTBNMW1mdlVEUGhTZ1MzX05MUEU?oc=5,"Wed, 17 Jun 2026 05:23:59 GMT",N/A,Nykaa fashion app features,2026-08-31T13:33:38.580040
News (Moneycontrol.com),c18aa75f2bd68498,Moneycontrol.com,Nykaa shares rise over 3% after beauty retailer partners with OpenAI for AI-enabled shopping - Moneycontrol.com,https://news.google.com/rss/articles/CBMi7AFBVV95cUxOalJJQmNyNjZvcWo3NHdaZjlFZzhBYkpodjR5V3Jsc29NVmNjcVo1ajRKNHF5OXF1UmhHXzJ0V25SdXNETkdsaHRZelcxTjdvMmVYU0tQNGRJNGViMzdDcDlnT0JrUUVGbXotLWwyT0NlYlNKMW5fNDBCMzJBNGp3ZXhZMHNyaGY5WktWXzJwcTZWVGxoZTczWF9tRTlQMU1DMXJWVG1VaHRGNzBUSDdMOTE4dmxYQ0pqNVM2Zld3c0xKeDNodVo1aUxPdFlaaEhMUHNlQ3FXSkRCbFdTN3NGVWhiT1A0MDRjSHAzbtIB8gFBVV95cUxOSFc2cTVBQ1dHV0tTZ2taVFN0cjgzNVk1VldRRmF4Zm5iMDBHeFlKelhtd3I4ZDBYcDVXT1FqSklSTk1Lb00ySjM0b2ZmN2xLZG9QQ3A5dGo3Mjd6UFloMlNOLUQ0bU8zLXBOenFKUTRVbmU1MmFWcWVVZFhQRG9hZXMzWE9FQkE4eFlmM2dZc2VjbEJLTU5JaVo2MDI3Q3FZb1VXM1FOVWM1SDlCUDZvX1d2UU55dUgzTEZ6NDZJNFlKTXMzWVZzakdDY1lNdGVhS2pHMldDVG1nWFp1R0ZVUmFHYXc3TkFta0JMQ1ZxVDFlZw?oc=5,"Wed, 17 Jun 2026 07:00:00 GMT",N/A,Nykaa fashion app features,2026-08-31T13:33:38.580090
News (Telangana Today),aab43571251d0f4c,Telangana Today,Nykaa partners with OpenAI to bring AI-powered shopping to ChatGPT - Telangana Today,https://news.google.com/rss/articles/CBMimAFBVV95cUxQTWpHcjNOTjdlejdxOXR4X2ZCR2FXXzdVcUhhbndRanhMMGM4NXpxRklNV0xfUVg2UF9ZdEJraFNLZWtsZmh5d2FCU3JKS01TMTNxcGtHWXp3cW5VejY5Z3hFbWQ0WnVJSkdEQmIwcVRQQ0dmQ1lQSDVDeU1EU1kzMDRabnJ4Z0dSSGtBSGJaTUF2N2szVHM1dQ?oc=5,"Tue, 16 Jun 2026 07:00:00 GMT",N/A,Nykaa fashion app features,2026-08-31T13:33:38.580118
News (Indian Retailer),8a77ef64e4f4e738,Indian Retailer,Retail India News: Nike Names Nykaa as India Partner for Online Operations - Indian Retailer,https://news.google.com/rss/articles/CBMipAFBVV95cUxQWUZYY2VLRG9lb28wNjRwUXlxQnNkR2dpN2lscEZYOWp5WndxdGgyakFNekdkREdKOThlM3djV0dpZVNUOXpKdlpQYWV5bVhIVzZHaU9DTGJhOWRBQnFPN1pPNWF5M3BIOVNsaGFvemFDcmQwUEVIOHVWa0hkem54ekRfa2dXcDA0MDdNMmp4NVc5UWU5MmtWb1A2ZzROX0J5ejBfdA?oc=5,"Thu, 05 Feb 2026 08:00:00 GMT",N/A,Nykaa fashion app features,2026-08-31T13:33:38.580180
News (bestmediainfo.com),1dac9d19ff7f673a,bestmediainfo.com,Nykaa Fashion onboards Janhvi Kapoor as new brand ambassador; launches new campaign featuring the actor - bestmediainfo.com,https://news.google.com/rss/articles/CBMi0gFBVV95cUxQTldEMmxFd2xFaVNDS1RVeE1UTDZiaWJpVlNrMjhCM1R3NHBrdHdpQTM3aklMb2ZkMEhiVVhxMlVHMEFFc1VjZUp0TE1qWTBzY2QyR2pkMXM0dEpFNkFpUTE3anVKa2NEMWZ0ZlpPX3d4dVd5WktjUjRGaXVNTGw4aWxNWUJTVjB3RldNd1IxRE9KZC1FYVBkWS02cWE2WDgydFVIclR3YlBId0stRFZkUXNnZndpMmx0MUUzdHZzRGlmUkVoelU3WjJiV1d2NHVLVnfSAdIBQVVfeXFMUE5XRDJsRXdsRWlTQ0tUVXhNVEw2YmliaVZTazI4QjNUdzRwa3R3aUEzN2pJTG9mZDBIYlVYcTJVRzBBRXNVY2VKdExNalkwc2NkMkdqZDFzNHRKRTZBaVExN2p1SmtjRDFmdGZaT193eHVXeVpLY1I0Rml1TUxsOGlsTVlCU1Ywd0ZXTXdSMURPSmQtRWFQZFktNnFhNlg4MnRVSHJUd2JQSHdLLURWZFFzZ2Z3aTJsdDFFM3R2c0RpZlJFaHpVN1oyYldXdjR1S1Z3?oc=5,"Wed, 09 Nov 2022 08:00:00 GMT",N/A,Nykaa fashion app features,2026-08-31T13:33:38.580222
News (afaqs!),ad0b62ac8c13eba7,afaqs!,Victoria’s Secret debuts on Nykaa Fashion in India - afaqs!,https://news.google.com/rss/articles/CBMikwFBVV95cUxPa0NQX1lGa1JvdENvYnZMXzE2OWp3aUR1UkMxNng2VjhjSktoOVFDWlVPYk1NY0NVclFyV0IyZy01bDVaYlpTZ01ER19qWGdCN0FLS1lUZ2F4SkNhUmR2SzhxSEd3dkN3XzktaWsyd3dEX196aTRBd0FsdGlFSmhodnhtOWdCRUltNVZMbmNoeWpWam8?oc=5,"Wed, 02 Apr 2025 07:00:00 GMT",N/A,Nykaa fashion app features,2026-08-31T13:33:38.580252
News (IMPACT Magazine),805327a238c9a02f,IMPACT Magazine,Nykaa Teams Up with OpenAI to Build AI-Powered Shopping Experiences - IMPACT Magazine,https://news.google.com/rss/articles/CBMiwAFBVV95cUxOaXJtOWtoRGtpeUFieGJ4NGZHdjlRaE44b3FhQ20ycmtOZ1hpUnNfaTBkS05zMm9jU2o5OFVSMlNpSGlESGtzTC1DaGlqSEV0dnNndjVfSzRua1ZTQ29aMDJwQXZUNFROOVphUERtbFR6V1ptQ0w5ZFpJVnROdmtKUGptVmdMZEl5M2loYUc0TmZQRDFuXzI0S2FrN2ZNZVZVVjVXZi1NbGRMMFl2d0lRRG54YUJGNUtvdHVac2dNSXA?oc=5,"Tue, 16 Jun 2026 07:00:00 GMT",N/A,Nykaa fashion app features,2026-08-31T13:33:38.580279
News (ANI News),b1243a2eac2c214f,ANI News,Your guide to Nykaa Fashion's 'Thank God Its Sale': The year's biggest fashion event - ANI News,https://news.google.com/rss/articles/CBMiygFBVV95cUxQZG5NYXRwSTdpeElieGFHU1VPZ0NvaVJzVHZocTNMZFE5Q3J0WmlRUHQ5N3VyeTRpREtVWHBKaENvbmxrU2l2T1RWSmdITEVadDlDNmRWbWdwaEpUTDV1TUx3YTlpeWtPTlNEN3dPQlgydzY4NU9NWFR3SU10cnVoODdmdEtpWlNtOXR6Tno4ZnZpbG5LYVV6aXk5Zk9abDZCMFdEV09sT0c0dXlTZjk3bGpSQWJYaW5ZWms2X0ZpeHJYTjVWU2pCSURn?oc=5,"Thu, 26 May 2022 07:00:00 GMT",N/A,Nykaa fashion app features,2026-08-31T13:33:38.580312
News (The Statesman),10a6a5b746548de9,The Statesman,Adwaita Nayar on what sets Nykaa Fashion apart - The Statesman,https://news.google.com/rss/articles/CBMilwFBVV95cUxOUm1hbFplYUpWWEotY0tCbzRZTVhlVEdzRjFRU05JVEpBa0dQZ2NrT2djQXd0UnVDbF9DZlBkRzlNeC1SQy1fQThSZURfWllNZTJDLWNaQzM1UWE5MmFtWHhrWDZDUXluTWlUSndyY29hT3B6dkNlZmN5ZmtaVGRiZGJqTnhtMG9xOXNralBNX1czeDE0VkRF0gGcAUFVX3lxTFBGVG5seS1Ja0dLTFAtaGFlSWd1WkFjb0ZIaWI1YVg1VGZsN3ZodDc0bFF4Y2I0ZDZZcjdhb0s4YVJ1a2I0ZmNRRElYMVM2bjFCLThpWDc3aTBKTG1WdHNqZlpQTHNKNnZ1d2FCcFlTYk9QWkVhdmJzNzBfUk9nYmJwS2o4YnRlaTRtTFlFYTdONWo0Nk9PYUNCRHgwZg?oc=5,"Wed, 26 May 2021 07:00:00 GMT",N/A,Nykaa fashion app features,2026-08-31T13:33:38.580337
News (Exchange4Media),f523692d68bffc9a,Exchange4Media,Apparel Group launches Victoria’s Secret on Nykaa Fashion - Exchange4Media,https://news.google.com/rss/articles/CBMivwFBVV95cUxQbzNBUzlhMHM0UHotN1dMLTB4Q2d5SWRDTmlDRmstM2pFSnktdHNrTl9kdGdiVmZQY0VWRlNUbVYwNTJyaEk0QjF2VG03a2JiM3pUUlB4WFdfdXFNUmZCQ3NqOUF5SHdaaXBsMjk2TmRabXEyNlZ3R2Y2R0tXUmVrZlBXcnpDV3J1TlZIYWJwbUFoYmF5TlFud19jejhzLURPU2p2M0g5VTdnay15T3Y2d1lSRzdRTU11S1NTQVBYUQ?oc=5,"Tue, 01 Apr 2025 07:00:00 GMT",N/A,Nykaa fashion app features,2026-08-31T13:33:38.580365
News (afaqs!),276c1cf39dcd2443,afaqs!,Nykaa Fashion launches Nykd All Day; expands into athleisure category - afaqs!,https://news.google.com/rss/articles/CBMiogFBVV95cUxPbFlSbUVpbngydmlueGU2RHUwaHFFbTVOR3lGY0w0QlhsdUV4LTVRb3d5cGhNWC1zel9oRUlUc3B0R1dhZmxnOVJGdUxQS2hIV3hNZkxKTHgyOUMtM01lbHVVRHN0QXdXMzNRaExGM0xKcmhJNHBmbldWdV83WUlrSXQxaElOR3gxdkxNU2paN0ZKdmQ1amwxYWhYMkNJSW5fWXc?oc=5,"Wed, 07 Apr 2021 07:00:00 GMT",N/A,Nykaa fashion app features,2026-08-31T13:33:38.580391
News (Inc42),9ba94f2f52806e75,Inc42,Can Nykaa Live Up To Its Own Hype? - Inc42,https://news.google.com/rss/articles/CBMibkFVX3lxTFBKX0FrcHItNlJtS0E2NHZiemFyYUl6TjZHSTlkd1RZM3NpS1Z3TUNhSVptWkM0VTFwUnoxeU4tUkNZU2k4Q3hlTjByMjRFVXYyZzI4OVQzNm9UOUxhcUdwSWloQllfS2Nqa3lCcGNR?oc=5,"Mon, 29 Jun 2026 07:00:00 GMT",N/A,Nykaa fashion app features,2026-08-31T13:33:38.580412
News (Inc42),5ff6846e467d23e7,Inc42,Inside Nykaa's Inventory Model: Where The Margin Comes From - Inc42,https://news.google.com/rss/articles/CBMijAFBVV95cUxQTF9nMlhWQUp2am50aHYtM01zMXpCU1dUbmNZS1dFRG1aMVY3NmNpOF85U1JMTmZIdDY0SW5wWVUwVE8zMHVnV01YRU5tYnQxdFV1aWJQZ2VOZ1NxU0t4YTF0Z09NZW9mc0E3ckxBY1U5M3hKUk1rNkZCMmVHTXZLZWZ4a25FU2ZfclZpLQ?oc=5,"Fri, 07 Aug 2026 07:00:00 GMT",N/A,Nykaa fashion app features,2026-08-31T13:33:38.580435
News (ET Retail),7a241a93c1f0a46f,ET Retail,Nykaa partners with OpenAI to develop AI-led shopping experiences for beauty and fashion - ET Retail,https://news.google.com/rss/articles/CBMi-AFBVV95cUxOR2FXa2Q2LXJBSGdrUWwxUGJDZjRTRzJoT3lBV0RuMzI0bnJVZElTYXRBOXp3bURBQ1pFYlJWU1d5SkkyMG9ocC1HMldqT2F2WjZVU1NXWUFhcFM4c0t4end4a3VRWXdqdmJYcHF3S3pRajlyX2t0VktWTHVGdFg2UzZIbTdobWVudUduS1QzMWp6RlBpZGdHZ0l6TjE2cmxER3J6dHhyYVR0c09yUGZVTWsyNEotdEtrS2dhRHVLY1lGWGlLZmxCdThrS08ybkJ5d2tpRzNVdGpFcWVoalQ2N2RqRElOb3JwQy15UHZYNURDV2FlM1cweA?oc=5,"Tue, 16 Jun 2026 07:00:00 GMT",N/A,Nykaa fashion app features,2026-08-31T13:33:38.580466
News (Livemint),8243bd809111500b,Livemint,Nykaa Fashion's Twenty Dresses launches campaign video with Alaya Furniturewalla - Livemint,https://news.google.com/rss/articles/CBMi1gFBVV95cUxNRWdCR1NTZnFQa0QzTWMtYWxxZlozTjBPVzRDQ3VHOGZXU00taDcya1AtVVREUDR1ZGw0Mkc5eXFtZkpYbUVrcGR2OWhXb3UxeXlVWUxzQVNRRkJ1b0o0cC1CSGRwZVlGN0JyNDFTMEVkMnE5bUVUaFh1X05JR2JaeHFocm9rWjlCSWlWdVpLTE95bDdVLUVIbl9aWkFFNW5Ud285aTVQM3UzVlpWSkYtTkl1VDFFeFY2cjUxQkQ3ek81bmtNUTJ4OHctRGlrbkl4RVM0LW5R0gHbAUFVX3lxTE42LVEtTVQzbHA5cGdydmJva0JYSUx1NjVJbTdUaEJBSFdURlhGMTVZRTV6b0VOYmJELVFKRHJEYXpSVWZIZjA3YWkxcnM1cGlZaUM4TjhIaURqSW5aSUNfem5yZjZJS044YjFjVnZuZkZJMFpYUFhiVzZOR21lQXo1ekRydmNjeks1MmpXQlZFWGxUYnJsOUVSZnVOWG1wcmVsOWNraHR1dk96WU9SbFBIYnJpbGMxdW1DM1ZoeWNKQmlsNHFQRVFTUHR0cDRsQVhnQjBucVpMdXVwUQ?oc=5,"Wed, 17 Nov 2021 08:00:00 GMT",N/A,Nykaa fashion app features,2026-08-31T13:33:38.580497
News (Indian Retailer),247a1ac1ca48d0be,Indian Retailer,Nykaa Fashion Appoints Janhvi Kapoor as Brand Ambassador - Indian Retailer,https://news.google.com/rss/articles/CBMikwFBVV95cUxNbS03SXZFc1R6T0hteVlPZlUwZzRUQkVlWHZXNk1VQ2NIUmRLTG5RVU54a29SZFJBRVlQZWJGdFVpWTdMaHFIMm5Na2dnaHFqU0V6ajRsQWROWWNNZ0dBN1JkM2FNZm14bHFlTFhhQlV6Sld2VTAwejlWYU9wQzloVGtTejRfU3hFbVNqTUR5cE5yUVU?oc=5,"Wed, 09 Nov 2022 08:00:00 GMT",N/A,Nykaa fashion app features,2026-08-31T13:33:38.580520
News (Moneycontrol.com),b415300f5315f106,Moneycontrol.com,Nykaa Fashion has begun levying convenience charges to improve profitability: CEO Adwaita Nayar - Moneycontrol.com,https://news.google.com/rss/articles/CBMi5gFBVV95cUxPU2pHQU9GbGdlMk00cFhMNEk4aVFkTE54bHNLUVNYWkJ3RzNLNXdjd29xdGNMamoxcU1mekdjaEs0aVRnX1doRHY5amNKamNEN3RhRnBnb09DMEgyUUJiUmVKdlRqamptcGRtbXRlNXlXNFFuWnB5X09NZWRvcUpmN2l1a1R2ZlBVYkNjZjVXRXdFYzM5aFR4NXVGRGpRejdmdTFISnNtandObkN6SEdQZk5OMVRfU3FkVFZYcWZGaTFPS1pLdFRXSVFiTm5OWGo2dURFZ3JpakE4aFVQeVdtcndCQkZ4UdIB6wFBVV95cUxNalRlUFI0bWZJdFQwaUIzdVJSZmpUclZLY3NfWk5TU1ZVNExuWmRfZ3pYYktsaWJjU1ZvSktSV1N0akpPXzNibFF4TTlVbm12ODNFSzFlY0hhU1Y1RUUtNXhJdklfUzB6SFBvdmI3REQ2dlpfMXFOdHBTbkJOa0xRVWQ2LUpZSjJCRnFjazA2endxcTNaSkxaOGQ3aVZyVTdyNlBXWDY1MmQ2Q2h0bmowN0hQTlJFRzZVeFhnV2tNb0Z2emU3eldoZUZwSWxTUGVWc0NqaDJzZk53STNMalNLQjNXVlZmSjVlZ2NZ?oc=5,"Fri, 11 Aug 2023 07:00:00 GMT",N/A,Nykaa fashion app features,2026-08-31T13:33:38.580550
News (Bold Outline),10379f1c084ddda4,Bold Outline,Nykaa Fashion launches Nykd All Day - Bold Outline,https://news.google.com/rss/articles/CBMia0FVX3lxTE5tbGZzMUhteV9tcUlZY0FHQkE1djBNNEY5M3dnc2hGVEREQnpMMTFYX1lnUkpYOVhnSmZYS1lyUzlMazlRaUpQQVlWLTYwVXdGMVJqSnFjTGR1VVdfSktrTk41VURpcm56aDZz?oc=5,"Fri, 07 May 2021 07:00:00 GMT",N/A,Nykaa fashion app features,2026-08-31T13:33:38.580569
News (Indian Television Dot Com),405e842c0cfbbe2c,Indian Television Dot Com,Janhvi Kapoor is the new brand ambassador of Nykaa Fashion - Indian Television Dot Com,https://news.google.com/rss/articles/CBMioAFBVV95cUxQRS1IUlliVjZMZjctWm1tV19QNnNVVGpTa0ljUWRqT1R6ZDlwYTE3N0VEb3doUjhZd01aYzVoUXU2TnFTUWpzS1gyakdCemE3QV9uYVE0OTR0QjdnSERyVnBWTWFRaWRuWVdwdGJHbzlMQl9xZHpGRlFCWks2bEhLR0hUREQ3b1Nhay1ySHRxQ3oxRnJnXzBWUi00VVFLRlpR?oc=5,"Wed, 09 Nov 2022 08:00:00 GMT",N/A,Nykaa fashion app features,2026-08-31T13:33:38.580597
News (FashionNetwork India),71f73a63d1835469,FashionNetwork India,"Nykaa launches summer sale with over 2,400 beauty and over 2,500 fashion brands - FashionNetwork India",https://news.google.com/rss/articles/CBMixgFBVV95cUxOZUZBZlYtMzVYYkExbnhRRHpWR2VaZzhyVG53Nmd4NU5taDZIaE94Z3NlYWd3bU1wdUNfX2dpdGh0NkQyX21ZUHM2bnl1UUlXT2ZvSncyeWV1a2k4aUk4RTBEOUtPMVVVeXBybmZWU3FrWlRRSGhENHY0VUdFWDNKRFJPM2VtMFNOSUdUOEM3dHh3NTA5ZnEtRHFLSzAteGhELUZMN3ZiLWJvR243ZjV3dlNWV2lDV2hGYkRTdWpOMlBTa3ZNa2c?oc=5,"Wed, 10 May 2023 07:00:00 GMT",N/A,Nykaa fashion app features,2026-08-31T13:33:38.580632
News (The News Minute),ff2d7c9c09066239,The News Minute,Nykaa Independence Day Sale: Uncover Extra Discounts With Zoutons - The News Minute,https://news.google.com/rss/articles/CBMipwFBVV95cUxPN2drbGlveDJKOGs5RE1ReVNMLWlEc0lqcU96TTdSSzVfUlJ4cWpHWmpsSVUtb19oWnQtSmJhWG5CUVVOUURONjNfeGNsMmk3ZDM5bUZjRlA5ZlgwajJ3VVFZWThscXF1aDI2RUpobUg0NkV3M1NvTkJaaGc4eXZXcXloUF9qM2pjVGRMYU5mR1lfWnF1d3I0VHVGSkZVLXJiRmQ1RElETdIBtAFBVV95cUxPYzQ0UWFHNUFDOWlhY3dvVVh1ZXZJRFItWXJVdENxbnNkUUluVk1sZU5oWWN3bHN0SmNyaWV5b1JsMmZvTGtCR205UFp0b1BOV2F5QkszRkJuclVZWG95amhvNzYwb3dtX3dYYzBfM2xIVFZBWThiSng3VnlYWFlQay1wUjV3NGYtUVNTa1RCT2FRdGdHVzRhS1JYMmV3LWJtb1M3Tk1JZFE2UkJpdTA2VXFiWlk?oc=5,"Fri, 13 Aug 2021 07:00:00 GMT",N/A,Nykaa fashion app features,2026-08-31T13:33:38.580658
News (Vogue),4043df5ab2ddc194,Vogue,"Inside India’s luxury e-comm race: Ajio, Nnnow, Darveys, Nykaa - Vogue",https://news.google.com/rss/articles/CBMikAFBVV95cUxPT0s0RF84QzhjbGpJWXQ2cXdnM3JBQkVUYlNrU0ZCTy1qXzZpdFU0NndKb3BkREVwUmMyUTlIdk9DZDdHRmt1R2FVN19TbTFPV0ZTZFlUMVJmTUZfMWlyd25qOWNSbUxjWVA1WVZmNFl1eTRXbllhc2l4RzVRVjJqdlpYUVI3WlVPRGxMNm52NTc?oc=5,"Wed, 07 Jul 2021 07:00:00 GMT",N/A,Nykaa fashion app features,2026-08-31T13:33:38.580692
News (Bollywood Hungama),df031726c11397aa,Bollywood Hungama,Sharvari asks Sheeba Chaddha about her ‘fashion kundali’ in this latest Nykaa campaign - Bollywood Hungama,https://news.google.com/rss/articles/CBMitAFBVV95cUxOVElaZkJMWVpQT1FNc0FLb29YZ3h1dTFGQm9SQWRGR211ZnpRUmU3c3MwSFNhckJhLUhYMkdBTmtBN1BKT3FTTFg4RnJWTmppN1lsamFIdTJHS0NhWmN3RS1IaHhmSXlXMXpSNVZSN1p6TFBzWndzSExad01melpsamhwclR0TTdlYnBCMEZVZzA5X3dyc2tCOFZoSVBieUFUVjlJZ0h0WmtmTFpZZEZXRU9pRWvSAboBQVVfeXFMTW42MVhvUENlVWd1ZjhuenlCZFZKbk1Memt0ODQ0bTJfTnpWTXB6X2J1WmFWbEd6UnozR1lFbktuQUxJQUd4Z1VaY2NyRG1PWW8zQnVMN2pjOHdacnBuQjBGSXRvZ091UDZIZktGQnV6aVFqcHNPa3N6SUpDNzJ3QzF1QmNGLXltSDRjd3I1Qy1LbVJJb2xRWjZIM0YzLVFPc0VYUFQ2MWNUZlBBbHlxZ1BxbXpub1dYd29R?oc=5,"Fri, 04 Apr 2025 07:00:00 GMT",N/A,Nykaa fashion app features,2026-08-31T13:33:38.580729
News (ThePrint),c7f1dea32e7401b3,ThePrint,"Your guide to Nykaa’s Pink Friday Sale- The Year’s biggest, baddest & boujeest celebration of style - ThePrint",https://news.google.com/rss/articles/CBMi1wFBVV95cUxNVWZuV09DcjF1dU92dzJxX045VGFfMXFHU1JWRGJoNFU0YktTdEJabU9lRVJIU1VLNi1vRWFOQWVzeUhxNk9HUnFGQ1FZaEFxYW9IYnQ4dVU0MldKTUdPX3NpU0Zoc1ZFZ0d4UDhiTDRKaFQ5a1lTYTByaURVTjNQMnpueC1JanFtMV9ZcElKcnVVdUFOUWRVQ1ZOeWRjLThZVldPSEp0eUpOcUltRWdmVGxiSkZFSEl6bUlld1FHNWY5dlpPbGNNeERPMko1bWt5OVA2N2dGZ9IB3AFBVV95cUxQRnZPM3NWUmZkdE1Bd2hSWkxyZVp0UUNfbjNINzN4OEUtUC1CXzRjYnhMc29kd0pHZGV4V0o1UTd6LVFmWTZUc0NoMmlOZ0NQVWFlZnN2YlQwNTB3ZEk2alhxOWdWd24xVFJlQUYzV1ctQ04tLTZmNnc4amhSb0cxQWhXTnkyM2FCa0VNdjA5cUFnbm4tQ2hYYmFXaDVHS09raGg3LUMzbnAwcElUWXVodTZUZVJ6SDBiOV9GSE5OOTZfU1N6YzJjT1RBQXQxeFlvYWVveUNvWlZlXzJQ?oc=5,"Tue, 23 Nov 2021 08:00:00 GMT",N/A,Nykaa fashion app features,2026-08-31T13:33:38.580768
News (The Times of India),40fd32ba497a21e4,The Times of India,Nykaa launches ‘Skin Scan’ an AI-powered skin diagnostic Tool: Here’s how it works - The Times of India,https://news.google.com/rss/articles/CBMi8wFBVV95cUxNUUNKNjlBRkduM0N2cGxVUFNxeElnN2lLYmFYVlBpbHBibFpocVdoNmEtOFp0MURLSHhTX3N4R1Jnb2xCelJCb21yNWh6RnpyX1M5Sjg4WGlXX0pDTXg1aGw4dmVxVUJvYWtlOXMzSjVxaDlfWlNpMWl2NDFqLTFKbjVFV2NMdm1sUzZFTktYNDdMSHB2NVB1N1kyRlZEX0dXYjlVbmp4Y1dmVEtYbzdFTFhJXzFSOXNXc04tYWIwT1kyR0EzRko0RnJqcjBqMnBfYThocjhhWjdnSlh6c1ZXMWYyejN2M3pxaFZSblVQM004dzDSAfgBQVVfeXFMTnVqR2JYUXdNbjVnZmE4bkE3Rk1zYTFKNThLRDZmVkJ6SS1hYzVoT2JIWl85RXdpV0dRTmRTQUQ0WlZhUF9EUGFPbzlqUTM0MVVZUFVpVjBESlFtbkJpY0Joekh6ZGRMR193TTVXU0EzUkZpQU90VjR2UmpzVjJhYjVWWnJNVTZvSldYRGJLY3pPbU8yVDNvUGZPc3AxdzhyQW45TWRmRkpjRDNDRmxGZmRNUEw5WWRTWHdSc3dCUll0VkxKWWxqdmtZcjZsR2VzeWJub2ZJSUlHcC1SZDY3NlVuZHQtLXpHc2xkSmFLWXZseE44a2psdzg?oc=5,"Tue, 18 Nov 2025 08:00:00 GMT",N/A,Nykaa fashion app features,2026-08-31T13:33:38.580831
News (Indian Retailer),6fb66b93f99fca2f,Indian Retailer,Nykaa Leverages 2000s Nostalgia in Pink Love Sale Campaign Featuring Sharvari - Indian Retailer,https://news.google.com/rss/articles/CBMi1AFBVV95cUxPX3kweG9JRVYzQl9fVnh0NmJpNTV2eURNRDBxdjJuWVAwV0txc2dvUjlVOHJDS29OanBlT2k3TUlBNThXSWRwRkQ1am1LdjZuams1MTIxQUdaNUJrWEU2aS10WUZ0T3VQNklMZHZ4YjYxbWFiQkZiVExyV0NFazRhZ0RBVjlLMThfZWI2TF9mNzNqOWxDbTRsNVdWRVhoUWxSc19IUnJfaHpPV2JFSjhzeWEybGdaa1hpdHIzcFg2aDN0d1JlZ3RMaGpmZ282ajFyVHNzYw?oc=5,"Thu, 06 Feb 2025 08:00:00 GMT",N/A,Nykaa fashion app features,2026-08-31T13:33:38.580860
News (Indian Retailer),03b9b2b183dfc9fa,Indian Retailer,Foot Locker Strengthens Retail and Online Presence in India Via Metro Brands and Nykaa - Indian Retailer,https://news.google.com/rss/articles/CBMitgFBVV95cUxQUnNDOGJHUEd0anBTTDV2M1h2cWtoS05iSTJnTnI4dHpSeXhsVzk3am1kWEJYVGhCMWJsQkgxLXp4ZkViQUNMcWRDVUozbmplekVQclVSTE04bjU0V3I0bWJlSHZQZHNraElxRTlkT3AtVUxjRi1xeXNTSnV6U2ZPeFZGSUV5M25xUWRLR2xYVEpPQ3F5Z2VGR0dNUTZXZnhXdUtjUmpPMVlYdi00SWMtVTNmYWk0QQ?oc=5,"Thu, 07 Aug 2025 07:00:00 GMT",N/A,Nykaa fashion app features,2026-08-31T13:33:38.580898
News (Indian Retailer),f78696be555233d4,Indian Retailer,"Nykaa Closes FY25 with Rs 15,600 Cr GMV, Expands Omnichannel Footprint with 250 Stores and Hyperlocal ‘Nykaa Now’ - Indian Retailer",https://news.google.com/rss/articles/CBMiyAFBVV95cUxQR3JTSk9YRDJSODJOV09vY0ZpOUVXbElLVjI1cXp3eExZNGk0UkZiQ0haTmFMOWRLS2VTWDgzRU5ZNXQtck1UWW1JUWxNT1gydUdjR3RVWjBtVVRPbTFpQjJMTHlaejdQMlhFcFZSdFQ3eEJ3cmNHSkNMaUxzM3ltY3RGR2RVS0pyWkRGRnZJTWpuVGwtNzBlQWUybHkxY0Z4VU5WRm9zWjJJSHZycGFoaDdWQ1pLX2pEc25IX1BqenVXREJXbERCVA?oc=5,"Thu, 28 Aug 2025 07:00:00 GMT",N/A,Nykaa fashion app features,2026-08-31T13:33:38.580940
News (Business Model Analyst),c2f5f75be13b3d9a,Business Model Analyst,Nykaa Marketing Strategy (2026) - Business Model Analyst,https://news.google.com/rss/articles/CBMiakFVX3lxTFBlbm1FUHVUa2EtSFZndGZFaFBZQWNud2pWSk5Vbi1ZaFNoOGE2SWRnT2hTUGI4NlB2Qm4xdGt5bzZmM0Y4SXhGNXB3VHNYVnJvRmJIdDlsSUhLYlI0dENhZl9tWEctUDc3cWc?oc=5,"Wed, 11 Jun 2025 07:00:00 GMT",N/A,Nykaa fashion app features,2026-08-31T13:33:38.581042
News (NewsBytes),89bff120f56fd121,NewsBytes,Nykaa Cosmetics launches 'Bridgerton'-inspired makeup collection - NewsBytes,https://news.google.com/rss/articles/CBMitAFBVV95cUxPTnZLSzVSOHdORUtfdFlnWTB2RUZyYXhHTko3WnMwNkQyX09PSUN4RzRCdWo3Z3Nfbmg3dGR5S2lsN0h3NHo0SG5OemYwTVR0MnZKSzZIUXM5QXlkZzZaR3VlU0pKZkpIRUJyejM5U3hWZnBXek1tREpVVkxpeXNzUWc2SE1RclVuTlh5Q05QWEFBbzdqUER4WkdNbGdnTWNxYnBPRGhrZGdzVzN0aHFpeGctcUs?oc=5,"Wed, 28 Jan 2026 08:00:00 GMT",N/A,Nykaa fashion app features,2026-08-31T13:33:38.581087
YouTube,Ugx5qTARbdJr70Mw4fZ4AaABAg,@pujasarkar7675,"[Video: Myntra Affiliate Marketing Kare🔥🤑| Myntra Affiliate Account Kaise Banaye ?]
Aur agr koi bass link pe click krke chod de , wishlist pe krke. Phir baad mein actual app mein jakar , same product   buy kare tab bh icomission milta hai? Ya phir only link se hi direct buy krne par?",https://www.youtube.com/watch?v=e-OfEC2nxJ8&lc=Ugx5qTARbdJr70Mw4fZ4AaABAg,2026-05-31T13:49:32.234073,Likes: 0,YouTube: Myntra Affiliate Marketing Kare🔥🤑| Myntr,2026-08-31T13:49:40.593722
YouTube,Ugw8ucgPcfqz_LVdA-94AaABAg,@rinkeysharma497,"[Video: HOW TO CHOOSE THE PERFECT SHOES FOR YOUR LIFESTYLE | 15 PAIRS FROM MY COLLECTION]
Hey ma’am!
I’d absolutely love to see your perfume haul! You have such a great taste, and I’m sure your collection would be amazing to explore ✨🌸 Would you mind sharing your favorites?”",https://www.youtube.com/watch?v=NPSH3cPrsa0&lc=Ugw8ucgPcfqz_LVdA-94AaABAg,2025-08-31T13:56:16.830936,Likes: 1,YouTube: HOW TO CHOOSE THE PERFECT SHOES FOR YOUR,2026-08-31T13:56:20.464139
YouTube,Ugxbq8gSjGqNApP0EEJ4AaABAg,@shruthiharish674,"[Video: HOW TO CHOOSE THE PERFECT SHOES FOR YOUR LIFESTYLE | 15 PAIRS FROM MY COLLECTION]
Just wanted to say that appreciate the effort and research that goes into your recommendations. It's clear that you don't just share personal favorites, but take the time to understand different styles & what works across various segments. While everyone’s style is unique and personal, your videos stand out because they are not only relatable but also incredibly well-informed❤",https://www.youtube.com/watch?v=NPSH3cPrsa0&lc=Ugxbq8gSjGqNApP0EEJ4AaABAg,2025-08-31T13:56:17.674365,Likes: 19,YouTube: HOW TO CHOOSE THE PERFECT SHOES FOR YOUR,2026-08-31T13:56:20.465011
YouTube,Ugy5pXcpj0IbaFaE3_t4AaABAg,@blackcurrant4567,"[Video: pinteresty & cute t-shirts, dress & more from H&M, savana & nykaa haul! huge giveaway🔥🛍️ ]
the spaghetti top has got to be my favourite. the bg looks so niceee😭😭❤❤❤",https://www.youtube.com/watch?v=5JnKHLy7ED4&lc=Ugy5pXcpj0IbaFaE3_t4AaABAg,2025-08-31T13:57:02.531235,Likes: 0,"YouTube: pinteresty & cute t-shirts, dress & more",2026-08-31T13:57:05.606956
YouTube,UgwF5ryNbQiBkm767G14AaABAg,@arundhatikar21099,"[Video: pinteresty & cute t-shirts, dress & more from H&M, savana & nykaa haul! huge giveaway🔥🛍️ ]
I started viewing your videos because of a collab video you did and since then I've seen you grow and change so much and become mindful of your own self and what you are which has been something I also personally try to embody. I like that even though you are an influencer, you consciously chose not to participate in consuming so many things like clothes and mugs etc
Your deinfluencing video will always be my favourite 🌸 and little shorts you make with voiceover of your thoughts and what's happening in your life. Much love Anindita ❤",https://www.youtube.com/watch?v=5JnKHLy7ED4&lc=UgwF5ryNbQiBkm767G14AaABAg,2025-08-31T13:57:02.550413,Likes: 0,"YouTube: pinteresty & cute t-shirts, dress & more",2026-08-31T13:57:05.607480
YouTube,UgzEAK0PKH--eoCrtA54AaABAg,@shivaniroy5785,"[Video: pinteresty & cute t-shirts, dress & more from H&M, savana & nykaa haul! huge giveaway🔥🛍️ ]
Annie di main rules ke criteria(give away) mein Pichhle 5-6 Salon se fit aarahi hu 🙈❤🧿. 
Ok thanks so much for your lovely lovely lovely haul video ❤. 

One more thing mere ghar me 3 smart phone h Maine sabse subscribe kr ke rkha or phir btau Maine aapne aas pados ke phone se Kar rkha h 🧿
This is my kind of love for you 😋😋. 
Aapki video dekhna mere liye favorite break hoti h I swear  mood ko refresh Kar deti h 🤗😻..",https://www.youtube.com/watch?v=5JnKHLy7ED4&lc=UgzEAK0PKH--eoCrtA54AaABAg,2025-08-31T13:57:04.806396,Likes: 0,"YouTube: pinteresty & cute t-shirts, dress & more",2026-08-31T13:57:05.610186
YouTube,UgyBQrGhe7-CcepB25x4AaABAg,@sureshkumarsureshkumar5775,"[Video: Whats In My Nykaa Sale Bag Haul👀]
Hi nice 👍 and sister yesterday iam received my favourite bbw mist in gingham glow body mist received it's nice unique body mist yellow flowers smells 🌻  and last long in of day  actually  very nice mist i am loving it so much ok sis 👋❤❤❤❤❤❤❤❤❤",https://www.youtube.com/watch?v=sO7mSxoL3iM&lc=UgyBQrGhe7-CcepB25x4AaABAg,2026-07-31T13:57:28.177015,Likes: 0,YouTube: Whats In My Nykaa Sale Bag Haul👀,2026-08-31T13:57:30.498057
YouTube,UgzRxrphBsJUx3K4Vq94AaABAg,@chavichavisingh7835,"[Video: Huge Nykaa Haul😍 Giveaway Alert 🚨| Nykaa product Unboxing || Honest Review | Afreen Narzi  #nykaa]
Maybelline maskara my favourite too❤❤❤❤

Sheet mask waaoooooo itne sare tony & guy ka amazing..

Swees beauty eyelash too good..

Ross water also nice affordable too 😊😊😊😊

Myglamm lipstick 💄💄
Amazing

Nice haul dear di 

Im new subscriber.

I'm Participating in this giveaway ❤❤",https://www.youtube.com/watch?v=dLl_eKyaJII&lc=UgzRxrphBsJUx3K4Vq94AaABAg,2024-08-31T13:57:44.692414,Likes: 1,YouTube: Huge Nykaa Haul😍 Giveaway Alert 🚨| Nykaa,2026-08-31T13:57:48.063940
YouTube,UgyJo4Ye16rQ9kN3Q5B4AaABAg,@Shorts_with_Nainsi,"[Video: Huge Nykaa Haul😍 Giveaway Alert 🚨| Nykaa product Unboxing || Honest Review | Afreen Narzi  #nykaa]
Lip glosses are my all time favorites ✨ you are looking so gorgeous dii 😘💗",https://www.youtube.com/watch?v=dLl_eKyaJII&lc=UgyJo4Ye16rQ9kN3Q5B4AaABAg,2024-08-31T13:57:47.121007,Likes: 2,YouTube: Huge Nykaa Haul😍 Giveaway Alert 🚨| Nykaa,2026-08-31T13:57:48.064336
YouTube,UgyPzyAUZmezB1RKhf54AaABAg.ALKh5UFGVbvALs2LPv4aYr,@shivanikapoor2298,"[Video: Most classy and elegant collection #besthaul #ethnicwear]
Aww that orange set is one of my favorites!",https://www.youtube.com/watch?v=NSx6-k2g_dQ&lc=UgyPzyAUZmezB1RKhf54AaABAg.ALKh5UFGVbvALs2LPv4aYr,2025-08-31T14:03:28.749774,Likes: 1,YouTube: Most classy and elegant collection #best,2026-08-31T14:03:42.218446
YouTube,UgxPYEukfTaYvuv0i8F4AaABAg,@serenitysounds1853,"[Video: Most classy and elegant collection #besthaul #ethnicwear]
First of all...Shivani u look soo beautiful chick & fresh...I love to watch your hauls & your styling sense & choices are next level❤❤❤keep going!! the pink outfit & last one yellow are my favorite.",https://www.youtube.com/watch?v=NSx6-k2g_dQ&lc=UgxPYEukfTaYvuv0i8F4AaABAg,2025-08-31T14:03:35.778999,Likes: 2,YouTube: Most classy and elegant collection #best,2026-08-31T14:03:42.220666
